# Open Claw, Phase: slack, Height: 10953.9mm, Created: 2026-05-26 12:36
#
# === Connector parameters (see diagram) ===
# A  radius van de buis (push_radius):        20.0mm  (0.02000m)
# B  marge (push_radius_margin):              1.0mm  (0.00100m)
# C  offset door radius (= t1/2):             2.5mm  (0.00250m)
# D  randafstand (tab_extension):           30.0mm  (0.03000m)
# E  diameter gat (tab_hole_diameter):      14.0mm  (0.01400m)
# t1 dikte staal (disc_thickness):             5.0mm  (0.00500m)
# t2 dikte POM (disc_separator):              2.0mm  (0.00200m)
#    cap_thickness:                           5.0mm  (0.00500m)
#    pull_radius:                             7.0mm  (0.00700m)
#
# === Afgeleide waarden ===
#    A + B + C  = 23.5mm  (halve breedte schijf)
#    C + D + E  = 46.5mm  (tab lengte)
#    t1 + t2    = 7.0mm  (schijf + separator)
#    disc_center_offset(0) = 9.5mm  (as-afstand tot centrum eerste schijf)
#
# Orientation check (CSV coords, mm, Z-up): ground plane at Z=0, apex at Z=10953.9
# Lowest[1]: joint=C52 X=2953.9 Y=884.0 Z=3769.5
# Lowest[2]: joint=B52 X=-711.8 Y=-2999.5 Z=3769.6
# Lowest[3]: joint=A52 X=-2241.8 Y=2117.0 Z=3770.0
# Highest:   joint=Z1 X=0.8 Y=-0.1 Z=10953.9
# === Bend snap quality ===
# Bend count (K):       4
# Magnitude source:     LOCKED to factory inventory (no per-export reoptimisation)
# Optimal magnitudes:   [12°, 30°, 49°, 68°]
# Effective signed set: [-68°, -49°, -30°, -12°, +12°, +30°, +49°, +68°]
# Bend counts (signed): -68°×60  -49°×114  -30°×78  -12°×27  +12°×51  +30°×24  +49°×6  +68°×0
# Bend counts (per magnitude): 12°×78  30°×102  49°×120  68°×60
# Cable ends measured:  360
# Snap error:           mean |Δ|=4.77°  max |Δ|=9.43°  RMS=5.54°
#
# === Tab arm clearance ===
# Per joint-end, minimum 3D distance between any two arm segments (tab_pos -> pull_end_pos).
# Joint-ends measured: 92
# Pairs measured:      528
# Clearance:           min=15.0mm  mean=38.7mm  max=51.5mm
#
Index,Role,Length(m),Strain,AlphaX,AlphaY,AlphaZ,AlphaJoint,AlphaSlot,AlphaAngle,OmegaX,OmegaY,OmegaZ,OmegaJoint,OmegaSlot,OmegaAngle
1,push,1.791,-4.772e-3,0.613,0.144,9162.443,Z2,0,90,0.752,-0.088,10953.854,Z1,0,90
2,push,1.792,-4.254e-3,2473.292,733.435,5489.605,C51,0,90,2953.943,883.969,3769.488,C52,0,90
3,push,1.792,-4.234e-3,-1870.688,1775.398,5489.918,A51,0,90,-2241.768,2116.976,3769.962,A52,0,90
4,push,1.792,-4.219e-3,-601.232,-2507.675,5489.702,B51,0,90,-711.813,-2999.484,3769.639,B52,0,90
5,push,1.912,-9.676e-2,-1226.075,1102.329,6027.387,A43,0,90,-2749.494,1720.516,5050.893,A44,0,90
6,push,1.912,-9.675e-2,-340.505,-1613.040,6027.313,B43,0,90,-114.456,-3241.298,5050.451,B44,0,90
7,push,1.912,-9.675e-2,1568.329,511.583,6027.493,C43,0,90,2864.934,1521.920,5050.435,C44,0,90
8,push,1.918,-9.392e-2,-1371.198,-2390.542,6307.567,B45,0,90,-421.018,-1949.728,4700.591,B46,0,90
9,push,1.918,-9.391e-2,2757.215,7.771,6307.274,C45,0,90,1899.805,610.616,4700.711,C46,0,90
10,push,1.918,-9.391e-2,-1384.085,2383.775,6307.667,A45,0,90,-1477.769,1340.375,4700.750,A46,0,90
11,push,1.953,-7.731e-2,-2519.761,1512.693,6374.685,A41,0,90,-1668.900,2598.987,4992.038,A42,0,90
12,push,1.953,-7.729e-2,-49.129,-2938.780,6374.296,B41,0,90,-1415.497,-2744.516,4991.867,B42,0,90
13,push,1.953,-7.728e-2,2570.631,1426.972,6374.346,C41,0,90,3085.346,146.854,4991.500,C42,0,90
14,push,1.983,-6.352e-2,1771.901,1271.091,7088.005,C31,0,90,2170.859,124.488,5520.604,C32,0,90
15,push,1.983,-6.351e-2,215.555,-2169.201,7087.831,B31,0,90,-977.187,-1941.278,5520.641,B32,0,90
16,push,1.983,-6.351e-2,-1985.689,898.687,7087.959,A31,0,90,-1192.098,1817.870,5520.797,A32,0,90
17,push,1.989,-6.026e-2,584.332,-884.236,8472.681,B11,0,90,-862.809,-1086.236,7122.516,B12,0,90
18,push,1.989,-6.026e-2,-1057.197,-63.198,8472.717,A11,0,90,-508.564,1291.058,7122.543,A12,0,90
19,push,1.989,-6.026e-2,474.609,947.856,8472.753,C11,0,90,1373.179,-204.330,7122.554,C12,0,90
20,push,1.996,-5.703e-2,-688.473,-1187.976,6724.043,B35,0,90,-892.673,-3020.370,5958.599,B36,0,90
21,push,1.996,-5.702e-2,-683.889,1191.017,6724.081,A35,0,90,-2168.833,2284.069,5958.891,A36,0,90
22,push,1.996,-5.701e-2,1374.173,-2.433,6724.040,C35,0,90,3063.013,737.320,5958.521,C36,0,90
23,push,2.005,-5.314e-2,-469.457,1596.248,7977.257,A25,0,90,-1445.267,856.693,6390.107,A26,0,90
24,push,2.005,-5.314e-2,-1146.753,-1205.141,7977.167,B25,0,90,-18.247,-1680.112,6390.000,B26,0,90
25,push,2.005,-5.314e-2,1617.951,-390.803,7977.234,C25,0,90,1465.318,824.108,6390.122,C26,0,90
26,push,2.006,-5.224e-2,-1499.566,2270.821,7254.554,A33,0,90,-2129.052,1224.009,5662.778,A34,0,90
27,push,2.006,-5.223e-2,-1215.836,-2434.445,7254.354,B33,0,90,5.501,-2455.811,5662.577,B34,0,90
28,push,2.006,-5.223e-2,2717.358,164.081,7254.184,C33,0,90,2124.941,1232.798,5662.708,C34,0,90
29,push,2.025,-4.335e-2,-671.119,428.080,7434.641,A23,0,90,-2185.494,1751.625,7196.670,A24,0,90
30,push,2.025,-4.334e-2,-34.176,-795.490,7434.642,B23,0,90,-423.175,-2768.754,7196.568,B24,0,90
31,push,2.025,-4.334e-2,707.097,367.918,7434.672,C23,0,90,2610.504,1017.692,7196.627,C24,0,90
32,push,2.032,-4.039e-2,229.773,408.602,7716.923,A15,0,90,-1316.637,1625.963,8220.742,A16,0,90
33,push,2.032,-4.038e-2,239.747,-402.552,7716.853,C15,0,90,2067.167,328.013,8220.889,C16,0,90
34,push,2.032,-4.037e-2,-467.768,-5.608,7716.887,B15,0,90,-748.785,-1953.523,8220.812,B16,0,90
35,push,2.040,-3.656e-2,-1726.470,875.419,8158.932,A21,0,90,-862.718,2038.237,6722.977,A22,0,90
36,push,2.040,-3.656e-2,106.094,-1933.146,8158.898,B21,0,90,-1332.660,-1766.598,6722.777,B22,0,90
37,push,2.040,-3.655e-2,1622.248,1058.270,8158.928,C21,0,90,2197.263,-271.182,6722.895,C22,0,90
38,push,2.049,-3.225e-2,-357.750,1001.232,8992.802,A13,0,90,-1539.385,590.141,7370.393,A14,0,90
39,push,2.049,-3.224e-2,-687.198,-810.690,8992.805,B13,0,90,259.588,-1628.468,7370.352,B14,0,90
40,push,2.049,-3.223e-2,1046.615,-190.100,8992.828,C13,0,90,1281.567,1038.825,7370.448,C14,0,90
41,push,2.353,-6.862e-2,475.717,500.407,7638.777,C04,0,90,39.729,-1310.681,9077.119,C02,0,90
42,push,2.353,-6.862e-2,196.253,-661.398,7638.733,B04,0,90,-1154.176,621.627,9077.188,B02,0,90
43,push,2.353,-6.862e-2,-670.186,161.457,7638.760,A04,0,90,1116.074,689.414,9077.336,A02,0,90
44,push,2.404,-4.867e-2,160.586,1100.422,8271.825,C03,0,90,-614.161,-625.714,9754.725,C01,0,90
45,push,2.404,-4.867e-2,-1032.316,-411.337,8271.848,A03,0,90,850.029,-219.438,9754.659,A01,0,90
46,push,2.404,-4.866e-2,873.417,-688.566,8271.784,B03,0,90,-233.925,845.400,9754.881,B01,0,90
47,pull,0.142,9.017e-2,-636.867,115.445,7644.694,A04,2,-49,-523.761,45.296,7693.958,B15,3,+30
48,pull,0.142,9.018e-2,219.441,-609.537,7644.668,B04,2,-49,223.659,-476.497,7693.927,C15,3,+30
49,pull,0.142,9.016e-2,419.210,494.560,7644.709,C04,2,-49,301.854,431.639,7693.993,A15,3,+30
50,pull,0.184,1.252e-1,159.121,-700.077,7584.106,B04,3,+12,20.120,-764.014,7482.739,B23,3,+30
51,pull,0.184,1.252e-1,527.785,487.594,7584.154,C04,3,+12,652.690,399.199,7482.772,C23,3,+30
52,pull,0.184,1.251e-1,-685.115,212.955,7584.135,A04,3,+12,-671.005,365.322,7482.741,A23,3,+30
53,pull,0.272,5.695e-2,-1059.521,-355.320,8287.378,A03,4,-30,-1057.404,-135.852,8448.631,A11,3,+12
54,pull,0.272,5.697e-2,838.510,-740.137,8287.310,B03,4,-30,647.355,-848.085,8448.596,B11,3,+12
55,pull,0.272,5.697e-2,222.702,1095.978,8287.353,C03,4,-30,411.792,984.363,8448.667,C11,3,+12
56,pull,0.292,6.801e-2,-535.248,1279.933,7051.669,A12,3,+12,-648.208,1202.810,6793.651,A35,3,+30
57,pull,0.292,6.797e-2,-839.832,-1103.770,7051.640,B12,3,+12,-716.529,-1162.979,6793.615,B35,3,+30
58,pull,0.292,6.798e-2,1376.883,-175.658,7051.680,C12,3,+12,1366.564,-39.231,6793.611,C35,3,+30
59,pull,0.344,4.056e-2,1478.535,791.617,6322.088,C26,3,+12,1539.823,545.665,6089.819,C43,3,+12
60,pull,0.344,4.057e-2,-52.994,-1675.311,6321.967,B26,3,+12,-296.724,-1605.397,6089.632,B43,3,+12
61,pull,0.344,4.054e-2,-1423.745,884.395,6322.076,A26,3,+12,-1241.328,1060.584,6089.705,A43,3,+12
62,pull,0.457,6.357e-2,1341.908,1071.645,7330.052,C14,3,+49,1711.600,1249.893,7130.117,C31,3,+12
63,pull,0.457,6.355e-2,257.837,-1697.129,7329.948,B14,3,+49,227.350,-2106.386,7129.949,B31,3,+12
64,pull,0.457,6.355e-2,-1597.977,625.984,7329.993,A14,3,+49,-1937.182,857.059,7130.066,A31,3,+12
65,pull,0.600,2.985e-2,-1341.199,-1827.472,6677.167,B22,3,+12,-1375.261,-2334.936,6360.011,B45,3,+12
66,pull,0.600,2.980e-2,-911.161,2076.077,6677.369,A22,3,+12,-1333.889,2359.491,6360.102,A45,3,+12
67,pull,0.600,2.978e-2,2254.239,-248.141,6677.268,C22,3,+12,2711.109,-23.568,6359.724,C45,3,+12
68,pull,0.654,3.458e-2,894.753,-214.057,9708.942,A01,4,-30,1025.281,-182.805,9069.259,C13,3,+49
69,pull,0.654,3.456e-2,-631.870,-667.135,9709.009,C01,4,-30,-670.206,-795.852,9069.232,B13,3,+49
70,pull,0.654,3.454e-2,-260.948,881.448,9709.171,B01,4,-30,-353.385,979.089,9069.226,A13,3,+49
71,pull,0.700,5.611e-2,115.773,1154.725,8235.836,C03,3,+30,-409.203,1561.923,8015.250,A25,3,+30
72,pull,0.700,5.609e-2,942.852,-676.911,8235.796,B03,3,+30,1558.100,-425.826,8015.228,C25,3,+30
73,pull,0.700,5.606e-2,-1056.943,-477.294,8235.855,A03,3,+30,-1147.161,-1135.803,8015.170,B25,3,+30
74,pull,0.733,7.170e-2,49.767,-1936.524,8178.588,B21,1,-49,-681.554,-1970.415,8220.551,B16,2,-12
75,pull,0.733,7.170e-2,1653.324,1011.172,8178.620,C21,1,-49,2048.182,394.683,8220.622,C16,2,-12
76,pull,0.733,7.172e-2,-1701.233,925.887,8178.626,A21,1,-49,-1364.881,1576.184,8220.487,A16,2,-12
77,pull,0.745,7.394e-2,1582.083,1079.452,8113.648,C21,2,-30,1312.953,1054.170,7418.937,C14,1,-49
78,pull,0.745,7.397e-2,-1724.738,830.049,8113.646,A21,2,-30,-1568.370,609.645,7418.882,A14,1,-49
79,pull,0.745,7.398e-2,144.523,-1908.958,8113.617,B21,2,-30,257.190,-1663.323,7418.841,B14,1,-49
80,pull,0.741,7.690e-2,2681.570,117.803,7227.919,C33,2,-30,2254.461,-252.831,6748.338,C22,1,-30
81,pull,0.741,7.692e-2,-1238.032,-2380.319,7228.088,B33,2,-30,-1345.379,-1825.297,6748.241,B22,1,-30
82,pull,0.741,7.692e-2,-1441.599,2262.982,7228.277,A33,2,-30,-907.196,2078.599,6748.438,A22,1,-30
83,pull,0.750,7.730e-2,2518.875,1435.668,6337.497,C41,2,-30,2155.862,1263.167,5703.858,C34,1,-49
84,pull,0.750,7.731e-2,-15.726,-2898.317,6337.429,B41,2,-30,16.350,-2497.773,5703.727,B34,1,-49
85,pull,0.750,7.732e-2,-2501.433,1463.537,6337.807,A41,2,-30,-2170.807,1235.584,5703.940,A34,1,-49
86,pull,0.738,7.775e-2,2713.795,223.102,7262.876,C33,1,-49,2639.524,954.775,7198.801,C24,2,-12
87,pull,0.738,7.777e-2,-1548.908,2238.235,7263.235,A33,1,-49,-2145.518,1808.216,7198.869,A24,2,-12
88,pull,0.738,7.777e-2,-1162.940,-2460.873,7263.033,B33,1,-49,-492.172,-2762.429,7198.759,B24,2,-12
89,pull,0.756,8.064e-2,2793.549,60.026,6299.432,C45,2,-30,3072.080,683.344,5974.856,C36,2,-49
90,pull,0.756,8.067e-2,-1447.505,2389.128,6299.831,A45,2,-30,-2126.618,2318.900,5975.233,A36,2,-49
91,pull,0.756,8.069e-2,-1344.135,-2448.145,6299.711,B45,2,-30,-943.944,-3001.230,5974.952,B36,2,-49
92,pull,0.750,8.232e-2,1423.209,-35.158,6733.852,C35,1,-49,2136.235,-266.548,6703.755,C22,2,-30
93,pull,0.750,8.236e-2,-680.055,1249.844,6733.900,A35,1,-49,-836.215,1983.070,6703.834,A22,2,-30
94,pull,0.750,8.237e-2,-741.335,-1214.070,6733.862,B35,1,-49,-1298.143,-1716.053,6703.646,B22,2,-30
95,pull,0.778,9.672e-2,-1185.833,1148.404,6007.972,A43,4,-30,-1182.131,1769.547,5540.026,A32,1,-68
96,pull,0.778,9.674e-2,1588.105,453.697,6008.067,C43,4,-30,2124.029,140.009,5539.849,C32,1,-68
97,pull,0.778,9.674e-2,-400.527,-1601.213,6007.904,B43,4,-30,-940.319,-1908.489,5539.875,B32,1,-68
98,pull,0.765,1.024e-1,-1128.010,-1259.790,8015.476,B25,2,-12,-798.486,-1923.081,8207.586,B16,1,-49
99,pull,0.765,1.025e-1,1655.911,-347.254,8015.549,C25,2,-12,2065.653,269.749,8207.666,C16,1,-49
100,pull,0.765,1.025e-1,-526.153,1607.358,8015.566,A25,2,-12,-1265.418,1653.781,8207.533,A16,1,-49
101,pull,0.765,1.034e-1,-2012.029,955.936,7116.841,A31,2,-12,-2197.955,1695.359,7180.840,A24,1,-49
102,pull,0.765,1.034e-1,179.144,-2220.640,7116.705,B31,2,-12,-368.218,-2751.409,7180.734,B24,1,-49
103,pull,0.765,1.034e-1,1834.655,1265.273,7116.876,C31,2,-12,2568.004,1056.617,7180.804,C24,1,-49
104,pull,0.777,1.045e-1,-1951.253,880.381,7052.134,A31,1,-68,-1501.766,848.596,6419.460,A26,4,-30
105,pull,0.777,1.046e-1,1738.823,1250.425,7052.186,C31,1,-68,1486.554,877.085,6419.476,C26,4,-30
106,pull,0.777,1.046e-1,214.196,-2130.223,7052.011,B31,1,-68,17.016,-1724.995,6419.347,B26,4,-30
107,pull,0.790,1.070e-1,725.749,417.453,7433.033,C23,1,-68,1236.628,1011.220,7333.874,C14,4,-30
108,pull,0.790,1.070e-1,-723.344,419.466,7432.997,A23,1,-68,-1493.006,565.023,7333.824,A14,4,-30
109,pull,0.790,1.070e-1,-0.603,-836.410,7432.997,B23,1,-68,258.152,-1575.743,7333.784,B14,4,-30
110,pull,0.763,1.079e-1,1049.525,-131.123,9020.560,C13,1,-30,1123.157,625.777,9080.854,A02,2,-30
111,pull,0.763,1.079e-1,-410.281,974.265,9020.529,A13,1,-30,-1102.604,659.576,9080.711,B02,2,-30
112,pull,0.763,1.079e-1,-637.580,-842.705,9020.532,B13,1,-30,-18.919,-1284.989,9080.646,C02,2,-30
113,pull,0.766,1.119e-1,270.190,-435.037,7756.724,C15,1,-49,831.642,-677.104,8217.665,B03,2,-12
114,pull,0.766,1.119e-1,-511.120,-15.732,7756.760,B15,1,-49,-1001.508,-380.893,8217.724,A03,2,-12
115,pull,0.766,1.120e-1,242.681,451.210,7756.794,A15,1,-49,171.553,1058.518,8217.703,C03,2,-12
116,pull,0.780,1.169e-1,-292.320,1017.465,8967.342,A13,4,-12,124.378,1118.728,8315.706,C03,1,-49
117,pull,0.780,1.169e-1,-733.971,-762.142,8967.346,B13,4,-12,-1030.066,-451.851,8315.728,A03,1,-49
118,pull,0.780,1.169e-1,1027.961,-254.880,8967.365,C13,4,-12,907.378,-666.369,8315.667,B03,1,-49
119,pull,0.790,1.201e-1,1350.286,55.278,6709.508,C35,2,-30,1455.113,772.281,6393.886,C26,1,-68
120,pull,0.790,1.201e-1,-626.556,-1196.153,6709.497,B35,2,-30,-58.027,-1645.361,6393.770,B26,1,-68
121,pull,0.790,1.201e-1,-721.929,1141.484,6709.536,A35,2,-30,-1395.282,873.768,6393.872,A26,1,-68
122,pull,0.805,1.355e-1,1597.300,-400.393,7929.424,C25,1,-68,1407.678,-238.819,7164.261,C12,4,-30
123,pull,0.805,1.355e-1,-1144.729,-1182.450,7929.362,B25,1,-68,-909.924,-1098.878,7164.224,B12,4,-30
124,pull,0.805,1.355e-1,-450.825,1583.161,7929.447,A25,1,-68,-495.943,1338.178,7164.252,A12,4,-30
125,pull,0.801,1.482e-1,-1070.833,-27.416,8533.762,A11,4,-12,-1167.427,580.818,9046.149,B02,1,-68
126,pull,0.801,1.482e-1,512.410,941.768,8533.799,C11,4,-12,1087.366,721.294,9046.290,A02,1,-68
127,pull,0.801,1.482e-1,560.164,-913.940,8533.726,B11,4,-12,81.697,-1301.751,9046.082,C02,1,-68
128,pull,0.769,1.000e-2,-2225.021,1745.421,7131.417,A24,3,+12,-2497.118,1526.664,6446.455,A41,3,+12
129,pull,0.769,9.985e-3,-398.045,-2799.877,7131.309,B24,3,+12,-72.537,-2926.162,6446.072,B41,3,+12
130,pull,0.769,9.961e-3,2624.887,1055.037,7131.379,C24,3,+12,2571.415,1400.373,6446.115,C41,3,+12
131,pull,0.834,1.650e-1,717.501,307.680,7415.118,C23,4,-30,1328.494,-176.224,7118.360,C12,1,-68
132,pull,0.834,1.650e-1,-624.153,467.208,7415.086,A23,4,-30,-510.561,1238.306,7118.351,A12,1,-68
133,pull,0.834,1.650e-1,-91.545,-774.380,7415.088,B23,4,-30,-816.128,-1061.586,7118.324,B12,1,-68
134,pull,0.838,1.707e-1,-406.665,-11.692,7698.215,B15,4,-30,159.846,-624.804,7626.911,B04,1,-68
135,pull,0.838,1.707e-1,214.465,-346.593,7698.183,C15,4,-30,462.227,450.583,7626.952,C04,1,-68
136,pull,0.838,1.707e-1,193.952,358.727,7698.252,A15,4,-30,-620.291,174.688,7626.942,A04,1,-68
137,pull,0.841,1.799e-1,2609.940,1391.489,6374.341,C41,1,-68,3053.251,798.069,5976.782,C36,4,-30
138,pull,0.841,1.799e-1,-99.511,-2955.086,6374.304,B41,1,-68,-835.182,-3042.299,5976.849,B36,4,-30
139,pull,0.841,1.799e-1,-2508.695,1564.479,6374.691,A41,1,-68,-2216.567,2245.244,5977.148,A36,4,-30
140,pull,0.834,1.830e-1,456.908,931.105,8425.738,C11,1,-68,481.765,558.995,7680.294,C04,4,-12
141,pull,0.834,1.830e-1,-1033.836,-70.152,8425.704,A11,1,-68,-723.954,137.402,7680.270,A04,4,-12
142,pull,0.834,1.830e-1,578.674,-860.527,8425.669,B11,1,-68,243.967,-695.932,7680.247,B04,4,-12
143,pull,0.888,2.267e-1,-300.363,-1647.563,6028.347,B43,1,-68,7.162,-2392.247,5653.859,B34,4,-30
144,pull,0.888,2.267e-1,1578.145,563.610,6028.532,C43,1,-68,2069.064,1202.452,5653.988,C34,4,-30
145,pull,0.888,2.267e-1,-1276.041,1084.819,6028.429,A43,1,-68,-2074.834,1190.792,5654.043,A34,4,-30
146,pull,0.877,6.652e-3,2417.398,720.549,5458.532,C51,1,-30,1931.602,637.049,4733.794,C46,1,-68
147,pull,0.877,6.614e-3,-1831.590,1733.444,5458.822,A51,1,-30,-1516.553,1354.685,4733.845,A46,1,-68
148,pull,0.877,6.598e-3,-584.448,-2452.834,5458.614,B51,1,-30,-414.017,-1990.479,4733.676,B46,1,-68
149,pull,0.893,6.897e-3,2510.058,681.677,5495.610,C51,3,-30,3039.922,164.082,4996.239,C42,2,-68
150,pull,0.893,6.867e-3,-1844.252,1833.118,5495.938,A51,3,-30,-1661.103,2551.033,4996.760,A42,2,-68
151,pull,0.893,6.849e-3,-664.437,-2513.633,5495.729,B51,3,-30,-1377.861,-2713.793,4996.592,B42,2,-68
152,pull,0.890,7.504e-3,2493.999,793.991,5493.658,C51,2,-30,2870.765,1474.727,5061.460,C44,2,-68
153,pull,0.890,7.468e-3,-1933.483,1763.054,5493.980,A51,2,-30,-2711.535,1749.155,5061.921,A44,2,-68
154,pull,0.890,7.441e-3,-559.151,-2555.892,5493.749,B51,2,-30,-158.234,-3222.743,5061.489,B44,2,-68
155,pull,0.892,2.351e-1,-1345.596,2357.923,6282.083,A45,1,-68,-1190.439,1876.501,5546.854,A32,4,-30
156,pull,0.892,2.351e-1,2715.574,-12.638,6281.704,C45,1,-68,2220.817,93.741,5546.643,C32,4,-30
157,pull,0.892,2.351e-1,-1368.060,-2344.281,6281.989,B45,1,-68,-1028.795,-1969.156,5546.693,B32,4,-30
158,pull,0.880,2.106e-1,-942.537,-1940.722,5452.392,B32,3,+12,-447.714,-1917.307,4725.468,B46,2,-68
159,pull,0.880,2.106e-1,2153.037,154.224,5452.362,C32,3,+12,1885.085,571.280,4725.583,C46,2,-68
160,pull,0.880,2.106e-1,-1208.951,1787.596,5452.546,A32,3,+12,-1436.339,1347.283,4725.619,A46,2,-68
161,pull,0.883,2.193e-1,-2177.930,1249.791,5606.224,A34,3,+30,-2745.900,1681.271,5086.266,A44,1,-68
162,pull,0.883,2.192e-1,2171.687,1262.239,5606.136,C34,3,+30,2829.166,1538.427,5085.824,C44,1,-68
163,pull,0.883,2.192e-1,7.607,-2511.014,5606.005,B34,3,+30,-82.261,-3218.577,5085.828,B44,1,-68
164,pull,0.963,8.482e-3,-44.079,-45.345,9162.190,Z2,3,-30,-564.945,-615.083,9738.321,C01,1,-68
165,pull,0.959,8.483e-3,62.355,-15.813,9169.186,Z2,2,-30,816.216,-182.128,9738.261,A01,1,-68
166,pull,0.955,8.485e-3,-16.438,61.590,9176.204,Z2,1,-30,-249.334,797.469,9738.467,B01,1,-68
167,pull,0.966,2.125e-2,38.915,-1370.020,9036.242,C02,4,-12,109.140,-1892.927,8226.908,B21,3,+30
168,pull,0.966,2.124e-2,-1205.159,652.004,9036.313,B02,4,-12,-1693.168,852.665,8226.942,A21,3,+30
169,pull,0.966,2.119e-2,1167.875,718.380,9036.466,A02,4,-12,1585.885,1040.808,8226.936,C21,3,+30
170,pull,1.016,1.637e-1,-2154.875,2315.853,5890.672,A36,3,+12,-1687.117,2613.387,5039.630,A42,1,-68
171,pull,1.016,1.636e-1,-927.186,-3024.164,5890.383,B36,3,+12,-1418.854,-2767.509,5039.453,B42,1,-68
172,pull,1.016,1.636e-1,3083.544,709.352,5890.292,C36,3,+12,3106.942,155.427,5039.085,C42,1,-68
173,pull,1.024,2.685e-2,-1339.779,1674.472,8166.243,A16,3,+12,-1483.112,2241.629,7326.173,A33,3,+30
174,pull,1.024,2.682e-2,-779.221,-1997.823,8166.313,B16,3,+12,-1198.788,-2405.605,7325.977,B33,3,+30
175,pull,1.024,2.682e-2,2120.750,323.812,8166.392,C16,3,+12,2683.866,164.407,7325.811,C33,3,+30
176,pull,1.190,0.000e0,-486.443,-34.158,7671.076,B15,2,-49,-869.626,-1022.950,7130.300,B12,2,-30
177,pull,1.190,0.000e0,273.812,-404.450,7671.044,C15,2,-49,1321.779,-241.876,7130.333,C12,2,-30
178,pull,1.190,0.000e0,214.389,439.049,7671.112,A15,2,-49,-450.348,1265.318,7130.327,A12,2,-30
179,pull,1.276,2.991e-2,-18.888,-2960.438,6334.872,B41,4,-49,-105.513,-3263.764,5098.960,B44,4,-49
180,pull,1.276,2.992e-2,2574.253,1463.999,6334.929,C41,4,-49,2879.927,1540.894,5098.942,C44,4,-49
181,pull,1.276,2.993e-2,-2553.647,1497.328,6335.270,A41,4,-49,-2773.410,1724.002,5099.408,A44,4,-49
182,pull,1.281,3.268e-2,2800.271,-0.969,6275.531,C45,4,-49,3079.602,109.541,5030.392,C42,4,-49
183,pull,1.281,3.269e-2,-1398.052,2425.443,6275.940,A45,4,-49,-1633.701,2612.652,5030.925,A42,4,-49
184,pull,1.281,3.269e-2,-1400.310,-2423.461,6275.840,B45,4,-49,-1444.919,-2720.868,5030.763,B42,4,-49
185,pull,1.269,3.705e-2,-687.292,428.178,7379.860,A23,2,-49,-1420.011,813.764,6418.066,A26,2,-49
186,pull,1.269,3.706e-2,-26.174,-809.542,7379.860,B23,2,-49,6.297,-1636.778,6417.967,B26,2,-49
187,pull,1.269,3.706e-2,715.265,381.877,7379.892,C23,2,-49,1415.513,823.697,6418.082,C26,2,-49
188,pull,1.271,3.717e-2,598.614,-925.796,8436.194,B11,2,-49,298.068,-1601.112,7402.499,B14,2,-49
189,pull,1.271,3.717e-2,-1100.329,-54.786,8436.230,A11,2,-49,-1534.932,543.138,7402.540,A14,2,-49
190,pull,1.271,3.718e-2,503.461,981.006,8436.268,C11,2,-49,1238.634,1058.471,7402.593,C14,2,-49
191,pull,1.279,3.869e-2,-1212.944,1104.461,5971.839,A43,2,-49,-1465.926,1298.332,4732.843,A46,4,-49
192,pull,1.279,3.871e-2,-348.922,-1602.721,5971.769,B43,2,-49,-390.521,-1918.459,4732.685,B46,4,-49
193,pull,1.279,3.871e-2,1563.587,499.145,5971.948,C43,2,-49,1857.485,621.378,4732.820,C46,4,-49
194,pull,1.300,4.539e-2,1663.186,1088.709,8140.615,C21,4,-49,2604.935,1037.986,7246.577,C24,4,-49
195,pull,1.300,4.541e-2,-1773.301,895.652,8140.621,A21,4,-49,-2200.284,1736.655,7246.620,A24,4,-49
196,pull,1.300,4.543e-2,111.990,-1983.821,8140.591,B21,4,-49,-402.816,-2774.079,7246.519,B24,4,-49
197,pull,1.288,4.581e-2,-389.841,1047.010,8981.095,A13,2,-49,-1299.370,1619.155,8271.667,A16,4,-49
198,pull,1.288,4.581e-2,-710.794,-861.373,8981.100,B13,2,-49,-751.522,-1935.163,8271.736,B16,4,-49
199,pull,1.288,4.581e-2,1102.306,-185.195,8981.128,C13,2,-49,2052.633,316.460,8271.812,C16,4,-49
200,pull,1.305,5.057e-2,-465.706,1641.701,7947.968,A25,4,-49,-820.951,2041.611,6757.358,A22,4,-49
201,pull,1.305,5.058e-2,1655.436,-416.779,7947.943,C25,4,-49,2179.304,-309.039,6757.276,C22,4,-49
202,pull,1.305,5.059e-2,-1187.988,-1224.621,7947.875,B25,4,-49,-1356.475,-1732.122,6757.159,B22,4,-49
203,pull,1.318,4.785e-3,2900.375,871.104,3765.474,C52,3,-49,1946.606,628.518,4642.849,C46,3,+12
204,pull,1.318,4.761e-3,-2203.846,2077.016,3765.927,A52,3,-49,-1516.685,1371.975,4642.906,A46,3,+12
205,pull,1.318,4.751e-3,-696.164,-2946.663,3765.612,B52,3,-49,-428.940,-1999.218,4642.739,B46,3,+12
206,pull,1.307,4.984e-3,2978.273,838.003,3798.932,C52,1,-49,3083.025,172.985,4919.592,C42,3,+12
207,pull,1.307,4.960e-3,-2214.125,2161.021,3799.417,A52,1,-49,-1690.382,2583.932,4920.130,A42,3,+12
208,pull,1.307,4.946e-3,-763.775,-2997.566,3799.102,B52,1,-49,-1391.729,-2755.582,4919.953,B42,3,+12
209,pull,1.314,5.427e-3,2964.960,933.212,3796.250,C52,2,-49,2879.087,1497.670,4979.227,C44,3,+12
210,pull,1.314,5.392e-3,-2289.917,2101.889,3796.731,A52,2,-49,-2735.583,1744.921,4979.690,A44,3,+12
211,pull,1.314,5.379e-3,-674.674,-3033.649,3796.396,B52,2,-49,-142.555,-3241.436,4979.252,B44,3,+12
212,pull,1.363,9.753e-2,-699.765,-1170.775,6673.899,B35,4,-49,-983.959,-1896.769,5555.791,B32,2,-49
213,pull,1.363,9.755e-2,1364.923,-20.809,6673.895,C35,4,-49,2135.702,96.361,5555.751,C32,2,-49
214,pull,1.363,9.756e-2,-663.351,1192.205,6673.936,A35,4,-49,-1150.162,1801.476,5555.940,A32,2,-49
215,pull,1.369,1.048e-1,-1230.453,-2464.552,7227.643,B33,4,-68,-911.741,-3013.866,6014.865,B36,1,-49
216,pull,1.369,1.048e-1,2750.737,166.487,7227.471,C33,4,-68,3066.924,717.540,6014.781,C36,1,-49
217,pull,1.369,1.048e-1,-1518.335,2298.535,7227.850,A33,4,-68,-2153.660,2297.326,6015.156,A36,1,-49
218,pull,1.383,1.127e-1,-2025.556,884.952,7053.903,A31,4,-49,-2131.907,1190.817,5709.174,A34,2,-49
219,pull,1.383,1.127e-1,1779.925,1312.490,7053.952,C31,4,-49,2097.635,1251.858,5709.114,C34,2,-49
220,pull,1.383,1.127e-1,247.384,-2196.857,7053.773,B31,4,-49,35.673,-2441.693,5708.976,B34,2,-49
221,pull,1.362,5.887e-3,-37.100,-38.609,10928.257,Z1,1,-49,-594.861,-617.343,9828.320,C01,3,+12
222,pull,1.368,5.891e-3,53.039,-13.599,10935.254,Z1,2,-49,833.134,-206.928,9828.260,A01,3,+12
223,pull,1.374,5.892e-3,-13.691,51.954,10942.269,Z1,3,-49,-236.313,824.499,9828.477,B01,3,+12
224,pull,1.410,0.000e0,1074.822,702.407,9124.199,A02,3,-30,-180.966,864.260,9744.776,B01,2,-49
225,pull,1.410,0.000e0,71.612,-1281.461,9123.984,C02,3,-30,839.880,-274.731,9744.555,A01,2,-49
226,pull,1.410,0.000e0,-1144.806,579.406,9124.052,B02,3,-30,-656.975,-589.281,9744.622,C01,2,-49
227,push-fea,1.838,-4.772e-3,0.611,0.147,9138.942,Z2,3,90,0.753,-0.091,10977.354,Z1,3,90
228,push-fea,1.839,-4.254e-3,2466.990,731.462,5512.158,C51,3,90,2960.245,885.943,3746.935,C52,3,90
229,push-fea,1.839,-4.234e-3,-1865.822,1770.920,5512.468,A51,3,90,-2246.633,2121.454,3747.412,A52,3,90
230,push-fea,1.839,-4.219e-3,-599.783,-2501.226,5512.253,B51,3,90,-713.263,-3005.932,3747.088,B52,3,90
231,push-fea,1.912,-9.676e-2,-1226.075,1102.329,6027.387,A43,4,90,-2749.494,1720.516,5050.893,A44,4,90
232,push-fea,1.912,-9.675e-2,-340.505,-1613.040,6027.313,B43,4,90,-114.456,-3241.298,5050.451,B44,4,90
233,push-fea,1.912,-9.675e-2,1568.329,511.583,6027.493,C43,4,90,2864.934,1521.920,5050.435,C44,4,90
234,push-fea,1.918,-9.392e-2,-1371.198,-2390.542,6307.567,B45,4,90,-421.018,-1949.728,4700.591,B46,4,90
235,push-fea,1.918,-9.391e-2,2757.215,7.771,6307.274,C45,4,90,1899.805,610.616,4700.711,C46,4,90
236,push-fea,1.918,-9.391e-2,-1384.085,2383.775,6307.667,A45,4,90,-1477.769,1340.375,4700.750,A46,4,90
237,push-fea,1.953,-7.731e-2,-2519.761,1512.693,6374.685,A41,4,90,-1668.900,2598.987,4992.038,A42,4,90
238,push-fea,1.953,-7.729e-2,-49.129,-2938.780,6374.296,B41,4,90,-1415.497,-2744.516,4991.867,B42,4,90
239,push-fea,1.953,-7.728e-2,2570.631,1426.972,6374.346,C41,4,90,3085.346,146.854,4991.500,C42,4,90
240,push-fea,1.983,-6.352e-2,1771.901,1271.091,7088.005,C31,4,90,2170.859,124.488,5520.604,C32,4,90
241,push-fea,1.983,-6.351e-2,215.555,-2169.201,7087.831,B31,4,90,-977.187,-1941.278,5520.641,B32,4,90
242,push-fea,1.983,-6.351e-2,-1985.689,898.687,7087.959,A31,4,90,-1192.098,1817.870,5520.797,A32,4,90
243,push-fea,1.989,-6.026e-2,584.332,-884.236,8472.681,B11,4,90,-862.809,-1086.236,7122.516,B12,4,90
244,push-fea,1.989,-6.026e-2,-1057.197,-63.198,8472.717,A11,4,90,-508.564,1291.058,7122.543,A12,4,90
245,push-fea,1.989,-6.026e-2,474.609,947.856,8472.753,C11,4,90,1373.179,-204.330,7122.554,C12,4,90
246,push-fea,1.996,-5.703e-2,-688.473,-1187.976,6724.043,B35,4,90,-892.673,-3020.370,5958.599,B36,4,90
247,push-fea,1.996,-5.702e-2,-683.889,1191.017,6724.081,A35,4,90,-2168.833,2284.069,5958.891,A36,4,90
248,push-fea,1.996,-5.701e-2,1374.173,-2.433,6724.040,C35,4,90,3063.013,737.320,5958.521,C36,4,90
249,push-fea,2.005,-5.314e-2,-469.457,1596.248,7977.257,A25,4,90,-1445.267,856.693,6390.107,A26,4,90
250,push-fea,2.005,-5.314e-2,-1146.753,-1205.141,7977.167,B25,4,90,-18.247,-1680.112,6390.000,B26,4,90
251,push-fea,2.005,-5.314e-2,1617.951,-390.803,7977.234,C25,4,90,1465.318,824.108,6390.122,C26,4,90
252,push-fea,2.006,-5.224e-2,-1499.566,2270.821,7254.554,A33,4,90,-2129.052,1224.009,5662.778,A34,4,90
253,push-fea,2.006,-5.223e-2,-1215.836,-2434.445,7254.354,B33,4,90,5.501,-2455.811,5662.577,B34,4,90
254,push-fea,2.006,-5.223e-2,2717.358,164.081,7254.184,C33,4,90,2124.941,1232.798,5662.708,C34,4,90
255,push-fea,2.025,-4.335e-2,-671.119,428.080,7434.641,A23,4,90,-2185.494,1751.625,7196.670,A24,4,90
256,push-fea,2.025,-4.334e-2,-34.176,-795.490,7434.642,B23,4,90,-423.175,-2768.754,7196.568,B24,4,90
257,push-fea,2.025,-4.334e-2,707.097,367.918,7434.672,C23,4,90,2610.504,1017.692,7196.627,C24,4,90
258,push-fea,2.032,-4.039e-2,229.773,408.602,7716.923,A15,4,90,-1316.637,1625.963,8220.742,A16,4,90
259,push-fea,2.032,-4.038e-2,239.747,-402.552,7716.853,C15,4,90,2067.167,328.013,8220.889,C16,4,90
260,push-fea,2.032,-4.037e-2,-467.768,-5.608,7716.887,B15,4,90,-748.785,-1953.523,8220.812,B16,4,90
261,push-fea,2.040,-3.656e-2,-1726.470,875.419,8158.932,A21,4,90,-862.718,2038.237,6722.977,A22,4,90
262,push-fea,2.040,-3.656e-2,106.094,-1933.146,8158.898,B21,4,90,-1332.660,-1766.598,6722.777,B22,4,90
263,push-fea,2.040,-3.655e-2,1622.248,1058.270,8158.928,C21,4,90,2197.263,-271.182,6722.895,C22,4,90
264,push-fea,2.049,-3.225e-2,-357.750,1001.232,8992.802,A13,4,90,-1539.385,590.141,7370.393,A14,4,90
265,push-fea,2.049,-3.224e-2,-687.198,-810.690,8992.805,B13,4,90,259.588,-1628.468,7370.352,B14,4,90
266,push-fea,2.049,-3.223e-2,1046.615,-190.100,8992.828,C13,4,90,1281.567,1038.825,7370.448,C14,4,90
267,push-fea,2.353,-6.862e-2,475.717,500.407,7638.777,C04,4,90,39.729,-1310.681,9077.119,C02,4,90
268,push-fea,2.353,-6.862e-2,196.253,-661.398,7638.733,B04,4,90,-1154.176,621.627,9077.188,B02,4,90
269,push-fea,2.354,-6.862e-2,-670.186,161.457,7638.760,A04,4,90,1116.074,689.414,9077.336,A02,4,90
270,push-fea,2.404,-4.867e-2,160.586,1100.422,8271.825,C03,4,90,-614.161,-625.714,9754.725,C01,4,90
271,push-fea,2.404,-4.867e-2,-1032.316,-411.337,8271.848,A03,4,90,850.029,-219.438,9754.659,A01,4,90
272,push-fea,2.404,-4.866e-2,873.417,-688.566,8271.784,B03,4,90,-233.925,845.400,9754.881,B01,4,90
273,pull-fea,0.274,9.017e-2,-670.186,161.457,7638.760,A04,4,90,-467.768,-5.608,7716.887,B15,4,90
274,pull-fea,0.274,9.018e-2,196.253,-661.398,7638.733,B04,4,90,239.747,-402.552,7716.853,C15,4,90
275,pull-fea,0.274,9.016e-2,475.717,500.407,7638.777,C04,4,90,229.773,408.602,7716.923,A15,4,90
276,pull-fea,0.336,1.252e-1,196.253,-661.398,7638.733,B04,4,90,-34.176,-795.490,7434.642,B23,4,90
277,pull-fea,0.336,1.252e-1,475.717,500.407,7638.777,C04,4,90,707.097,367.918,7434.672,C23,4,90
278,pull-fea,0.336,1.251e-1,-670.186,161.457,7638.760,A04,4,90,-671.119,428.080,7434.641,A23,4,90
279,pull-fea,0.403,5.695e-2,-1032.316,-411.337,8271.848,A03,4,90,-1057.197,-63.198,8472.717,A11,4,90
280,pull-fea,0.403,5.697e-2,873.417,-688.566,8271.784,B03,4,90,584.332,-884.236,8472.681,B11,4,90
281,pull-fea,0.403,5.697e-2,160.586,1100.422,8271.825,C03,4,90,474.609,947.856,8472.753,C11,4,90
282,pull-fea,0.447,6.801e-2,-508.564,1291.058,7122.543,A12,4,90,-683.889,1191.017,6724.081,A35,4,90
283,pull-fea,0.447,6.797e-2,-862.809,-1086.236,7122.516,B12,4,90,-688.473,-1187.976,6724.043,B35,4,90
284,pull-fea,0.447,6.798e-2,1373.179,-204.330,7122.554,C12,4,90,1374.173,-2.433,6724.040,C35,4,90
285,pull-fea,0.490,4.056e-2,1465.318,824.108,6390.122,C26,4,90,1568.329,511.583,6027.493,C43,4,90
286,pull-fea,0.490,4.057e-2,-18.247,-1680.112,6390.000,B26,4,90,-340.505,-1613.040,6027.313,B43,4,90
287,pull-fea,0.490,4.054e-2,-1445.267,856.693,6390.107,A26,4,90,-1226.075,1102.329,6027.387,A43,4,90
288,pull-fea,0.612,6.357e-2,1281.567,1038.825,7370.448,C14,4,90,1771.901,1271.091,7088.005,C31,4,90
289,pull-fea,0.612,6.355e-2,259.588,-1628.468,7370.352,B14,4,90,215.555,-2169.201,7087.831,B31,4,90
290,pull-fea,0.612,6.355e-2,-1539.385,590.141,7370.393,A14,4,90,-1985.689,898.687,7087.959,A31,4,90
291,pull-fea,0.750,2.985e-2,-1332.660,-1766.598,6722.777,B22,4,90,-1371.198,-2390.542,6307.567,B45,4,90
292,pull-fea,0.751,2.980e-2,-862.718,2038.237,6722.977,A22,4,90,-1384.085,2383.775,6307.667,A45,4,90
293,pull-fea,0.751,2.978e-2,2197.263,-271.182,6722.895,C22,4,90,2757.215,7.771,6307.274,C45,4,90
294,pull-fea,0.787,3.458e-2,850.029,-219.438,9754.659,A01,4,90,1046.615,-190.100,8992.828,C13,4,90
295,pull-fea,0.787,3.456e-2,-614.161,-625.714,9754.725,C01,4,90,-687.198,-810.690,8992.805,B13,4,90
296,pull-fea,0.788,3.454e-2,-233.925,845.400,9754.881,B01,4,90,-357.750,1001.232,8992.802,A13,4,90
297,pull-fea,0.854,5.611e-2,160.586,1100.422,8271.825,C03,4,90,-469.457,1596.248,7977.257,A25,4,90
298,pull-fea,0.854,5.609e-2,873.417,-688.566,8271.784,B03,4,90,1617.951,-390.803,7977.234,C25,4,90
299,pull-fea,0.854,5.606e-2,-1032.316,-411.337,8271.848,A03,4,90,-1146.753,-1205.141,7977.167,B25,4,90
300,pull-fea,0.857,7.170e-2,106.094,-1933.146,8158.898,B21,4,90,-748.785,-1953.523,8220.812,B16,4,90
301,pull-fea,0.857,7.170e-2,1622.248,1058.270,8158.928,C21,4,90,2067.167,328.013,8220.889,C16,4,90
302,pull-fea,0.857,7.172e-2,-1726.470,875.419,8158.932,A21,4,90,-1316.637,1625.963,8220.742,A16,4,90
303,pull-fea,0.859,7.394e-2,1622.248,1058.270,8158.928,C21,4,90,1281.567,1038.825,7370.448,C14,4,90
304,pull-fea,0.859,7.397e-2,-1726.470,875.419,8158.932,A21,4,90,-1539.385,590.141,7370.393,A14,4,90
305,pull-fea,0.859,7.398e-2,106.094,-1933.146,8158.898,B21,4,90,259.588,-1628.468,7370.352,B14,4,90
306,pull-fea,0.862,7.690e-2,2717.358,164.081,7254.184,C33,4,90,2197.263,-271.182,6722.895,C22,4,90
307,pull-fea,0.862,7.692e-2,-1215.836,-2434.445,7254.354,B33,4,90,-1332.660,-1766.598,6722.777,B22,4,90
308,pull-fea,0.862,7.692e-2,-1499.566,2270.821,7254.554,A33,4,90,-862.718,2038.237,6722.977,A22,4,90
309,pull-fea,0.862,7.730e-2,2570.631,1426.972,6374.346,C41,4,90,2124.941,1232.798,5662.708,C34,4,90
310,pull-fea,0.862,7.731e-2,-49.129,-2938.780,6374.296,B41,4,90,5.501,-2455.811,5662.577,B34,4,90
311,pull-fea,0.862,7.732e-2,-2519.761,1512.693,6374.685,A41,4,90,-2129.052,1224.009,5662.778,A34,4,90
312,pull-fea,0.862,7.775e-2,2717.358,164.081,7254.184,C33,4,90,2610.504,1017.692,7196.627,C24,4,90
313,pull-fea,0.862,7.777e-2,-1499.566,2270.821,7254.554,A33,4,90,-2185.494,1751.625,7196.670,A24,4,90
314,pull-fea,0.862,7.777e-2,-1215.836,-2434.445,7254.354,B33,4,90,-423.175,-2768.754,7196.568,B24,4,90
315,pull-fea,0.865,8.064e-2,2757.215,7.771,6307.274,C45,4,90,3063.013,737.320,5958.521,C36,4,90
316,pull-fea,0.865,8.067e-2,-1384.085,2383.775,6307.667,A45,4,90,-2168.833,2284.069,5958.891,A36,4,90
317,pull-fea,0.865,8.069e-2,-1371.198,-2390.542,6307.567,B45,4,90,-892.673,-3020.370,5958.599,B36,4,90
318,pull-fea,0.866,8.232e-2,1374.173,-2.433,6724.040,C35,4,90,2197.263,-271.182,6722.895,C22,4,90
319,pull-fea,0.866,8.236e-2,-683.889,1191.017,6724.081,A35,4,90,-862.718,2038.237,6722.977,A22,4,90
320,pull-fea,0.866,8.237e-2,-688.473,-1187.976,6724.043,B35,4,90,-1332.660,-1766.598,6722.777,B22,4,90
321,pull-fea,0.877,9.672e-2,-1226.075,1102.329,6027.387,A43,4,90,-1192.098,1817.870,5520.797,A32,4,90
322,pull-fea,0.877,9.674e-2,1568.329,511.583,6027.493,C43,4,90,2170.859,124.488,5520.604,C32,4,90
323,pull-fea,0.877,9.674e-2,-340.505,-1613.040,6027.313,B43,4,90,-977.187,-1941.278,5520.641,B32,4,90
324,pull-fea,0.882,1.024e-1,-1146.753,-1205.141,7977.167,B25,4,90,-748.785,-1953.523,8220.812,B16,4,90
325,pull-fea,0.882,1.025e-1,1617.951,-390.803,7977.234,C25,4,90,2067.167,328.013,8220.889,C16,4,90
326,pull-fea,0.882,1.025e-1,-469.457,1596.248,7977.257,A25,4,90,-1316.637,1625.963,8220.742,A16,4,90
327,pull-fea,0.883,1.034e-1,-1985.689,898.687,7087.959,A31,4,90,-2185.494,1751.625,7196.670,A24,4,90
328,pull-fea,0.883,1.034e-1,215.555,-2169.201,7087.831,B31,4,90,-423.175,-2768.754,7196.568,B24,4,90
329,pull-fea,0.883,1.034e-1,1771.901,1271.091,7088.005,C31,4,90,2610.504,1017.692,7196.627,C24,4,90
330,pull-fea,0.884,1.045e-1,-1985.689,898.687,7087.959,A31,4,90,-1445.267,856.693,6390.107,A26,4,90
331,pull-fea,0.884,1.046e-1,1771.901,1271.091,7088.005,C31,4,90,1465.318,824.108,6390.122,C26,4,90
332,pull-fea,0.884,1.046e-1,215.555,-2169.201,7087.831,B31,4,90,-18.247,-1680.112,6390.000,B26,4,90
333,pull-fea,0.886,1.070e-1,707.097,367.918,7434.672,C23,4,90,1281.567,1038.825,7370.448,C14,4,90
334,pull-fea,0.886,1.070e-1,-671.119,428.080,7434.641,A23,4,90,-1539.385,590.141,7370.393,A14,4,90
335,pull-fea,0.886,1.070e-1,-34.176,-795.490,7434.642,B23,4,90,259.588,-1628.468,7370.352,B14,4,90
336,pull-fea,0.886,1.079e-1,1046.615,-190.100,8992.828,C13,4,90,1116.074,689.414,9077.336,A02,4,90
337,pull-fea,0.886,1.079e-1,-357.750,1001.232,8992.802,A13,4,90,-1154.176,621.627,9077.188,B02,4,90
338,pull-fea,0.886,1.079e-1,-687.198,-810.690,8992.805,B13,4,90,39.729,-1310.681,9077.119,C02,4,90
339,pull-fea,0.890,1.119e-1,239.747,-402.552,7716.853,C15,4,90,873.417,-688.566,8271.784,B03,4,90
340,pull-fea,0.890,1.119e-1,-467.768,-5.608,7716.887,B15,4,90,-1032.316,-411.337,8271.848,A03,4,90
341,pull-fea,0.890,1.120e-1,229.773,408.602,7716.923,A15,4,90,160.586,1100.422,8271.825,C03,4,90
342,pull-fea,0.893,1.169e-1,-357.750,1001.232,8992.802,A13,4,90,160.586,1100.422,8271.825,C03,4,90
343,pull-fea,0.894,1.169e-1,-687.198,-810.690,8992.805,B13,4,90,-1032.316,-411.337,8271.848,A03,4,90
344,pull-fea,0.894,1.169e-1,1046.615,-190.100,8992.828,C13,4,90,873.417,-688.566,8271.784,B03,4,90
345,pull-fea,0.896,1.201e-1,1374.173,-2.433,6724.040,C35,4,90,1465.318,824.108,6390.122,C26,4,90
346,pull-fea,0.896,1.201e-1,-688.473,-1187.976,6724.043,B35,4,90,-18.247,-1680.112,6390.000,B26,4,90
347,pull-fea,0.896,1.201e-1,-683.889,1191.017,6724.081,A35,4,90,-1445.267,856.693,6390.107,A26,4,90
348,pull-fea,0.908,1.355e-1,1617.951,-390.803,7977.234,C25,4,90,1373.179,-204.330,7122.554,C12,4,90
349,pull-fea,0.908,1.355e-1,-1146.753,-1205.141,7977.167,B25,4,90,-862.809,-1086.236,7122.516,B12,4,90
350,pull-fea,0.908,1.355e-1,-469.457,1596.248,7977.257,A25,4,90,-508.564,1291.058,7122.543,A12,4,90
351,pull-fea,0.919,1.482e-1,-1057.197,-63.198,8472.717,A11,4,90,-1154.176,621.627,9077.188,B02,4,90
352,pull-fea,0.919,1.482e-1,474.609,947.856,8472.753,C11,4,90,1116.074,689.414,9077.336,A02,4,90
353,pull-fea,0.919,1.482e-1,584.332,-884.236,8472.681,B11,4,90,39.729,-1310.681,9077.119,C02,4,90
354,pull-fea,0.919,1.000e-2,-2185.494,1751.625,7196.670,A24,4,90,-2519.761,1512.693,6374.685,A41,4,90
355,pull-fea,0.919,9.985e-3,-423.175,-2768.754,7196.568,B24,4,90,-49.129,-2938.780,6374.296,B41,4,90
356,pull-fea,0.919,9.961e-3,2610.504,1017.692,7196.627,C24,4,90,2570.631,1426.972,6374.346,C41,4,90
357,pull-fea,0.932,1.650e-1,707.097,367.918,7434.672,C23,4,90,1373.179,-204.330,7122.554,C12,4,90
358,pull-fea,0.932,1.650e-1,-671.119,428.080,7434.641,A23,4,90,-508.564,1291.058,7122.543,A12,4,90
359,pull-fea,0.932,1.650e-1,-34.176,-795.490,7434.642,B23,4,90,-862.809,-1086.236,7122.516,B12,4,90
360,pull-fea,0.937,1.707e-1,-467.768,-5.608,7716.887,B15,4,90,196.253,-661.398,7638.733,B04,4,90
361,pull-fea,0.937,1.707e-1,239.747,-402.552,7716.853,C15,4,90,475.717,500.407,7638.777,C04,4,90
362,pull-fea,0.937,1.707e-1,229.773,408.602,7716.923,A15,4,90,-670.186,161.457,7638.760,A04,4,90
363,pull-fea,0.944,1.799e-1,2570.631,1426.972,6374.346,C41,4,90,3063.013,737.320,5958.521,C36,4,90
364,pull-fea,0.944,1.799e-1,-49.129,-2938.780,6374.296,B41,4,90,-892.673,-3020.370,5958.599,B36,4,90
365,pull-fea,0.944,1.799e-1,-2519.761,1512.693,6374.685,A41,4,90,-2168.833,2284.069,5958.891,A36,4,90
366,pull-fea,0.946,1.830e-1,474.609,947.856,8472.753,C11,4,90,475.717,500.407,7638.777,C04,4,90
367,pull-fea,0.946,1.830e-1,-1057.197,-63.198,8472.717,A11,4,90,-670.186,161.457,7638.760,A04,4,90
368,pull-fea,0.946,1.830e-1,584.332,-884.236,8472.681,B11,4,90,196.253,-661.398,7638.733,B04,4,90
369,pull-fea,0.981,2.267e-1,-340.505,-1613.040,6027.313,B43,4,90,5.501,-2455.811,5662.577,B34,4,90
370,pull-fea,0.981,2.267e-1,1568.329,511.583,6027.493,C43,4,90,2124.941,1232.798,5662.708,C34,4,90
371,pull-fea,0.981,2.267e-1,-1226.075,1102.329,6027.387,A43,4,90,-2129.052,1224.009,5662.778,A34,4,90
372,pull-fea,0.988,2.351e-1,-1384.085,2383.775,6307.667,A45,4,90,-1192.098,1817.870,5520.797,A32,4,90
373,pull-fea,0.988,2.351e-1,2757.215,7.771,6307.274,C45,4,90,2170.859,124.488,5520.604,C32,4,90
374,pull-fea,0.988,2.351e-1,-1371.198,-2390.542,6307.567,B45,4,90,-977.187,-1941.278,5520.641,B32,4,90
375,pull-fea,0.991,2.106e-1,-977.187,-1941.278,5520.641,B32,4,90,-421.018,-1949.728,4700.591,B46,4,90
376,pull-fea,0.991,2.106e-1,2170.859,124.488,5520.604,C32,4,90,1899.805,610.616,4700.711,C46,4,90
377,pull-fea,0.991,2.106e-1,-1192.098,1817.870,5520.797,A32,4,90,-1477.769,1340.375,4700.750,A46,4,90
378,pull-fea,0.997,6.652e-3,2466.990,731.462,5512.158,C51,3,90,1899.805,610.616,4700.711,C46,4,90
379,pull-fea,0.997,6.614e-3,-1865.822,1770.920,5512.468,A51,3,90,-1477.769,1340.375,4700.750,A46,4,90
380,pull-fea,0.997,6.598e-3,-599.783,-2501.226,5512.253,B51,3,90,-421.018,-1949.728,4700.591,B46,4,90
381,pull-fea,0.998,6.897e-3,2466.990,731.462,5512.158,C51,3,90,3085.346,146.854,4991.500,C42,4,90
382,pull-fea,0.998,6.867e-3,-1865.822,1770.920,5512.468,A51,3,90,-1668.900,2598.987,4992.038,A42,4,90
383,pull-fea,0.998,6.849e-3,-599.783,-2501.226,5512.253,B51,3,90,-1415.497,-2744.516,4991.867,B42,4,90
384,pull-fea,0.998,7.504e-3,2466.990,731.462,5512.158,C51,3,90,2864.934,1521.920,5050.435,C44,4,90
385,pull-fea,0.998,7.468e-3,-1865.822,1770.920,5512.468,A51,3,90,-2749.494,1720.516,5050.893,A44,4,90
386,pull-fea,0.998,7.441e-3,-599.783,-2501.226,5512.253,B51,3,90,-114.456,-3241.298,5050.451,B44,4,90
387,pull-fea,1.003,2.193e-1,-2129.052,1224.009,5662.778,A34,4,90,-2749.494,1720.516,5050.893,A44,4,90
388,pull-fea,1.003,2.192e-1,2124.941,1232.798,5662.708,C34,4,90,2864.934,1521.920,5050.435,C44,4,90
389,pull-fea,1.003,2.192e-1,5.501,-2455.811,5662.577,B34,4,90,-114.456,-3241.298,5050.451,B44,4,90
390,pull-fea,1.072,8.482e-3,0.611,0.147,9138.942,Z2,3,90,-614.161,-625.714,9754.725,C01,4,90
391,pull-fea,1.072,8.483e-3,0.611,0.147,9138.942,Z2,3,90,850.029,-219.438,9754.659,A01,4,90
392,pull-fea,1.072,8.485e-3,0.611,0.147,9138.942,Z2,3,90,-233.925,845.400,9754.881,B01,4,90
393,pull-fea,1.111,2.125e-2,39.729,-1310.681,9077.119,C02,4,90,106.094,-1933.146,8158.898,B21,4,90
394,pull-fea,1.111,2.124e-2,-1154.176,621.627,9077.188,B02,4,90,-1726.470,875.419,8158.932,A21,4,90
395,pull-fea,1.112,2.119e-2,1116.074,689.414,9077.336,A02,4,90,1622.248,1058.270,8158.928,C21,4,90
396,pull-fea,1.133,1.637e-1,-2168.833,2284.069,5958.891,A36,4,90,-1668.900,2598.987,4992.038,A42,4,90
397,pull-fea,1.133,1.636e-1,-892.673,-3020.370,5958.599,B36,4,90,-1415.497,-2744.516,4991.867,B42,4,90
398,pull-fea,1.133,1.636e-1,3063.013,737.320,5958.521,C36,4,90,3085.346,146.854,4991.500,C42,4,90
399,pull-fea,1.176,2.685e-2,-1316.637,1625.963,8220.742,A16,4,90,-1499.566,2270.821,7254.554,A33,4,90
400,pull-fea,1.176,2.682e-2,-748.785,-1953.523,8220.812,B16,4,90,-1215.836,-2434.445,7254.354,B33,4,90
401,pull-fea,1.176,2.682e-2,2067.167,328.013,8220.889,C16,4,90,2717.358,164.081,7254.184,C33,4,90
402,pull-fea,1.295,0.000e0,-467.768,-5.608,7716.887,B15,4,90,-862.809,-1086.236,7122.516,B12,4,90
403,pull-fea,1.295,0.000e0,239.747,-402.552,7716.853,C15,4,90,1373.179,-204.330,7122.554,C12,4,90
404,pull-fea,1.295,0.000e0,229.773,408.602,7716.923,A15,4,90,-508.564,1291.058,7122.543,A12,4,90
405,pull-fea,1.360,2.991e-2,-49.129,-2938.780,6374.296,B41,4,90,-114.456,-3241.298,5050.451,B44,4,90
406,pull-fea,1.360,2.992e-2,2570.631,1426.972,6374.346,C41,4,90,2864.934,1521.920,5050.435,C44,4,90
407,pull-fea,1.360,2.993e-2,-2519.761,1512.693,6374.685,A41,4,90,-2749.494,1720.516,5050.893,A44,4,90
408,pull-fea,1.363,3.268e-2,2757.215,7.771,6307.274,C45,4,90,3085.346,146.854,4991.500,C42,4,90
409,pull-fea,1.363,3.269e-2,-1384.085,2383.775,6307.667,A45,4,90,-1668.900,2598.987,4992.038,A42,4,90
410,pull-fea,1.363,3.269e-2,-1371.198,-2390.542,6307.567,B45,4,90,-1415.497,-2744.516,4991.867,B42,4,90
411,pull-fea,1.369,3.705e-2,-671.119,428.080,7434.641,A23,4,90,-1445.267,856.693,6390.107,A26,4,90
412,pull-fea,1.369,3.706e-2,-34.176,-795.490,7434.642,B23,4,90,-18.247,-1680.112,6390.000,B26,4,90
413,pull-fea,1.369,3.706e-2,707.097,367.918,7434.672,C23,4,90,1465.318,824.108,6390.122,C26,4,90
414,pull-fea,1.369,3.717e-2,584.332,-884.236,8472.681,B11,4,90,259.588,-1628.468,7370.352,B14,4,90
415,pull-fea,1.369,3.717e-2,-1057.197,-63.198,8472.717,A11,4,90,-1539.385,590.141,7370.393,A14,4,90
416,pull-fea,1.369,3.718e-2,474.609,947.856,8472.753,C11,4,90,1281.567,1038.825,7370.448,C14,4,90
417,pull-fea,1.371,3.869e-2,-1226.075,1102.329,6027.387,A43,4,90,-1477.769,1340.375,4700.750,A46,4,90
418,pull-fea,1.371,3.871e-2,-340.505,-1613.040,6027.313,B43,4,90,-421.018,-1949.728,4700.591,B46,4,90
419,pull-fea,1.371,3.871e-2,1568.329,511.583,6027.493,C43,4,90,1899.805,610.616,4700.711,C46,4,90
420,pull-fea,1.380,4.539e-2,1622.248,1058.270,8158.928,C21,4,90,2610.504,1017.692,7196.627,C24,4,90
421,pull-fea,1.380,4.541e-2,-1726.470,875.419,8158.932,A21,4,90,-2185.494,1751.625,7196.670,A24,4,90
422,pull-fea,1.380,4.543e-2,106.094,-1933.146,8158.898,B21,4,90,-423.175,-2768.754,7196.568,B24,4,90
423,pull-fea,1.381,4.581e-2,-357.750,1001.232,8992.802,A13,4,90,-1316.637,1625.963,8220.742,A16,4,90
424,pull-fea,1.381,4.581e-2,-687.198,-810.690,8992.805,B13,4,90,-748.785,-1953.523,8220.812,B16,4,90
425,pull-fea,1.381,4.581e-2,1046.615,-190.100,8992.828,C13,4,90,2067.167,328.013,8220.889,C16,4,90
426,pull-fea,1.387,5.057e-2,-469.457,1596.248,7977.257,A25,4,90,-862.718,2038.237,6722.977,A22,4,90
427,pull-fea,1.387,5.058e-2,1617.951,-390.803,7977.234,C25,4,90,2197.263,-271.182,6722.895,C22,4,90
428,pull-fea,1.387,5.059e-2,-1146.753,-1205.141,7977.167,B25,4,90,-1332.660,-1766.598,6722.777,B22,4,90
429,pull-fea,1.449,9.753e-2,-688.473,-1187.976,6724.043,B35,4,90,-977.187,-1941.278,5520.641,B32,4,90
430,pull-fea,1.449,9.755e-2,1374.173,-2.433,6724.040,C35,4,90,2170.859,124.488,5520.604,C32,4,90
431,pull-fea,1.449,9.756e-2,-683.889,1191.017,6724.081,A35,4,90,-1192.098,1817.870,5520.797,A32,4,90
432,pull-fea,1.453,4.785e-3,2960.245,885.943,3746.935,C52,3,90,1899.805,610.616,4700.711,C46,4,90
433,pull-fea,1.453,4.761e-3,-2246.633,2121.454,3747.412,A52,3,90,-1477.769,1340.375,4700.750,A46,4,90
434,pull-fea,1.453,4.751e-3,-713.263,-3005.932,3747.088,B52,3,90,-421.018,-1949.728,4700.591,B46,4,90
435,pull-fea,1.453,4.984e-3,2960.245,885.943,3746.935,C52,3,90,3085.346,146.854,4991.500,C42,4,90
436,pull-fea,1.453,4.960e-3,-2246.633,2121.454,3747.412,A52,3,90,-1668.900,2598.987,4992.038,A42,4,90
437,pull-fea,1.453,4.946e-3,-713.263,-3005.932,3747.088,B52,3,90,-1415.497,-2744.516,4991.867,B42,4,90
438,pull-fea,1.454,5.427e-3,2960.245,885.943,3746.935,C52,3,90,2864.934,1521.920,5050.435,C44,4,90
439,pull-fea,1.454,5.392e-3,-2246.633,2121.454,3747.412,A52,3,90,-2749.494,1720.516,5050.893,A44,4,90
440,pull-fea,1.454,5.379e-3,-713.263,-3005.932,3747.088,B52,3,90,-114.456,-3241.298,5050.451,B44,4,90
441,pull-fea,1.458,1.048e-1,-1215.836,-2434.445,7254.354,B33,4,90,-892.673,-3020.370,5958.599,B36,4,90
442,pull-fea,1.458,1.048e-1,2717.358,164.081,7254.184,C33,4,90,3063.013,737.320,5958.521,C36,4,90
443,pull-fea,1.458,1.048e-1,-1499.566,2270.821,7254.554,A33,4,90,-2168.833,2284.069,5958.891,A36,4,90
444,pull-fea,1.469,1.127e-1,-1985.689,898.687,7087.959,A31,4,90,-2129.052,1224.009,5662.778,A34,4,90
445,pull-fea,1.469,1.127e-1,1771.901,1271.091,7088.005,C31,4,90,2124.941,1232.798,5662.708,C34,4,90
446,pull-fea,1.469,1.127e-1,215.555,-2169.201,7087.831,B31,4,90,5.501,-2455.811,5662.577,B34,4,90
447,pull-fea,1.505,5.887e-3,0.753,-0.091,10977.354,Z1,3,90,-614.161,-625.714,9754.725,C01,4,90
448,pull-fea,1.505,5.891e-3,0.753,-0.091,10977.354,Z1,3,90,850.029,-219.438,9754.659,A01,4,90
449,pull-fea,1.505,5.892e-3,0.753,-0.091,10977.354,Z1,3,90,-233.925,845.400,9754.881,B01,4,90
450,pull-fea,1.519,0.000e0,1116.074,689.414,9077.336,A02,4,90,-233.925,845.400,9754.881,B01,4,90
451,pull-fea,1.519,0.000e0,39.729,-1310.681,9077.119,C02,4,90,850.029,-219.438,9754.659,A01,4,90
452,pull-fea,1.519,0.000e0,-1154.176,621.627,9077.188,B02,4,90,-614.161,-625.714,9754.725,C01,4,90
453,axial,0.010,0.000e0,-670.186,161.457,7638.760,A04,0,90,-677.396,159.326,7632.953,A04,1,90
454,radial,0.024,0.000e0,-677.396,159.326,7632.953,A04,1,0.000,-663.393,162.594,7614.366,A04,1,0.000
455,tab,0.047,0.000e0,-663.393,162.594,7614.366,A04,1,0.000,-620.291,174.688,7626.942,A04,1,0.000
456,axial,0.007,0.000e0,-677.396,159.326,7632.953,A04,1,90,-682.709,157.756,7628.674,A04,2,90
457,radial,0.023,0.000e0,-682.709,157.756,7628.674,A04,2,0.000,-674.352,135.919,7626.311,A04,2,0.000
458,tab,0.047,0.000e0,-674.352,135.919,7626.311,A04,2,0.000,-636.867,115.445,7644.694,A04,2,0.000
459,axial,0.007,0.000e0,-682.709,157.756,7628.674,A04,2,90,-688.022,156.185,7624.396,A04,3,90
460,radial,0.023,0.000e0,-688.022,156.185,7624.396,A04,3,0.000,-684.532,176.263,7612.693,A04,3,0.000
461,tab,0.046,0.000e0,-684.532,176.263,7612.693,A04,3,0.000,-685.115,212.955,7584.135,A04,3,0.000
462,axial,0.007,0.000e0,-688.022,156.185,7624.396,A04,3,90,-693.335,154.615,7620.117,A04,4,90
463,radial,0.024,0.000e0,-693.335,154.615,7620.117,A04,4,0.000,-706.265,148.012,7638.596,A04,4,0.000
464,tab,0.047,0.000e0,-706.265,148.012,7638.596,A04,4,0.000,-723.954,137.402,7680.270,A04,4,0.000
465,axial,0.009,0.000e0,1116.074,689.414,9077.336,A02,0,90,1123.285,691.545,9083.144,A02,1,90
466,radial,0.024,0.000e0,1123.285,691.545,9083.144,A02,1,0.000,1121.449,714.184,9077.113,A02,1,0.000
467,tab,0.046,0.000e0,1121.449,714.184,9077.113,A02,1,0.000,1087.366,721.294,9046.290,A02,1,0.000
468,axial,0.007,0.000e0,1123.285,691.545,9083.144,A02,1,90,1128.598,693.116,9087.423,A02,2,90
469,radial,0.024,0.000e0,1128.598,693.116,9087.423,A02,2,0.000,1133.095,670.223,9090.239,A02,2,0.000
470,tab,0.047,0.000e0,1133.095,670.223,9090.239,A02,2,0.000,1123.157,625.777,9080.854,A02,2,0.000
471,axial,0.007,0.000e0,1128.598,693.116,9087.423,A02,2,90,1133.910,694.686,9091.700,A02,3,90
472,radial,0.023,0.000e0,1133.910,694.686,9091.700,A02,3,0.000,1118.639,699.453,9108.913,A02,3,0.000
473,tab,0.047,0.000e0,1118.639,699.453,9108.913,A02,3,0.000,1074.822,702.407,9124.199,A02,3,0.000
474,axial,0.007,0.000e0,1133.910,694.686,9091.700,A02,3,90,1139.223,696.256,9095.979,A02,4,90
475,radial,0.024,0.000e0,1139.223,696.256,9095.979,A02,4,0.000,1151.484,704.532,9077.719,A02,4,0.000
476,tab,0.047,0.000e0,1151.484,704.532,9077.719,A02,4,0.000,1167.875,718.380,9036.466,A02,4,0.000
477,axial,0.010,0.000e0,-1032.316,-411.337,8271.848,A03,0,90,-1039.755,-412.096,8265.987,A03,1,90
478,radial,0.024,0.000e0,-1039.755,-412.096,8265.987,A03,1,0.000,-1047.497,-430.613,8278.212,A03,1,0.000
479,tab,0.047,0.000e0,-1047.497,-430.613,8278.212,A03,1,0.000,-1030.066,-451.851,8315.728,A03,1,0.000
480,axial,0.007,0.000e0,-1039.755,-412.096,8265.987,A03,1,90,-1045.236,-412.655,8261.670,A03,2,90
481,radial,0.023,0.000e0,-1045.236,-412.655,8261.670,A03,2,0.000,-1032.919,-402.098,8244.668,A03,2,0.000
482,tab,0.046,0.000e0,-1032.919,-402.098,8244.668,A03,2,0.000,-1001.508,-380.893,8217.724,A03,2,0.000
483,axial,0.007,0.000e0,-1045.236,-412.655,8261.670,A03,2,90,-1050.718,-413.213,8257.352,A03,3,90
484,radial,0.024,0.000e0,-1050.718,-413.213,8257.352,A03,3,0.000,-1046.303,-436.144,8254.715,A03,3,0.000
485,tab,0.047,0.000e0,-1046.303,-436.144,8254.715,A03,3,0.000,-1056.943,-477.294,8235.855,A03,3,0.000
486,axial,0.007,0.000e0,-1050.718,-413.213,8257.352,A03,3,90,-1056.199,-413.772,8253.034,A03,4,90
487,radial,0.023,0.000e0,-1056.199,-413.772,8253.034,A03,4,0.000,-1064.132,-392.916,8260.405,A03,4,0.000
488,tab,0.046,0.000e0,-1064.132,-392.916,8260.405,A03,4,0.000,-1059.521,-355.320,8287.378,A03,4,0.000
489,axial,0.010,0.000e0,850.029,-219.438,9754.659,A01,0,90,857.468,-218.679,9760.520,A01,1,90
490,radial,0.024,0.000e0,857.468,-218.679,9760.520,A01,1,0.000,853.165,-195.711,9763.010,A01,1,0.000
491,tab,0.047,0.000e0,853.165,-195.711,9763.010,A01,1,0.000,816.216,-182.128,9738.261,A01,1,0.000
492,axial,0.007,0.000e0,857.468,-218.679,9760.520,A01,1,90,862.949,-218.120,9764.837,A01,2,90
493,radial,0.024,0.000e0,862.949,-218.120,9764.837,A01,2,0.000,864.869,-241.534,9765.432,A01,2,0.000
494,tab,0.047,0.000e0,864.869,-241.534,9765.432,A01,2,0.000,839.880,-274.731,9744.555,A01,2,0.000
495,axial,0.007,0.000e0,862.949,-218.120,9764.837,A01,2,90,868.431,-217.562,9769.155,A01,3,90
496,radial,0.023,0.000e0,868.431,-217.562,9769.155,A01,3,0.000,853.828,-214.202,9787.258,A01,3,0.000
497,tab,0.046,0.000e0,853.828,-214.202,9787.258,A01,3,0.000,833.134,-206.928,9828.260,A01,3,0.000
498,axial,0.007,0.000e0,868.431,-217.562,9769.155,A01,3,90,873.912,-217.003,9773.473,A01,4,90
499,radial,0.024,0.000e0,873.912,-217.003,9773.473,A01,4,0.000,888.301,-215.233,9754.978,A01,4,0.000
500,tab,0.046,0.000e0,888.301,-215.233,9754.978,A01,4,0.000,894.753,-214.057,9708.942,A01,4,0.000
501,axial,0.010,0.000e0,196.253,-661.398,7638.733,B04,0,90,201.704,-666.577,7632.926,B04,1,90
502,radial,0.024,0.000e0,201.704,-666.577,7632.926,B04,1,0.000,191.872,-656.085,7614.338,B04,1,0.000
503,tab,0.046,0.000e0,191.872,-656.085,7614.338,B04,1,0.000,159.846,-624.804,7626.911,B04,1,0.000
504,axial,0.007,0.000e0,201.704,-666.577,7632.926,B04,1,90,205.720,-670.393,7628.648,B04,2,90
505,radial,0.024,0.000e0,205.720,-670.393,7628.648,B04,2,0.000,220.453,-652.237,7626.286,B04,2,0.000
506,tab,0.047,0.000e0,220.453,-652.237,7626.286,B04,2,0.000,219.441,-609.537,7644.668,B04,2,0.000
507,axial,0.007,0.000e0,205.720,-670.393,7628.648,B04,2,90,209.737,-674.209,7624.370,B04,3,90
508,radial,0.023,0.000e0,209.737,-674.209,7624.370,B04,3,0.000,190.604,-681.226,7612.667,B04,3,0.000
509,tab,0.046,0.000e0,190.604,-681.226,7612.667,B04,3,0.000,159.121,-700.077,7584.106,B04,3,0.000
510,axial,0.007,0.000e0,209.737,-674.209,7624.370,B04,3,90,213.753,-678.025,7620.091,B04,4,90
511,radial,0.023,0.000e0,213.753,-678.025,7620.091,B04,4,0.000,225.936,-685.921,7638.571,B04,4,0.000
512,tab,0.047,0.000e0,225.936,-685.921,7638.571,B04,4,0.000,243.967,-695.932,7680.247,B04,4,0.000
513,axial,0.009,0.000e0,-1154.176,621.627,9077.188,B02,0,90,-1159.627,626.806,9082.993,B02,1,90
514,radial,0.024,0.000e0,-1159.627,626.806,9082.993,B02,1,0.000,-1178.314,613.893,9076.967,B02,1,0.000
515,tab,0.046,0.000e0,-1178.314,613.893,9076.967,B02,1,0.000,-1167.427,580.818,9046.149,B02,1,0.000
516,axial,0.007,0.000e0,-1159.627,626.806,9082.993,B02,1,90,-1163.643,630.622,9087.272,B02,2,90
517,radial,0.024,0.000e0,-1163.643,630.622,9087.272,B02,2,0.000,-1146.066,645.963,9090.092,B02,2,0.000
518,tab,0.047,0.000e0,-1146.066,645.963,9090.092,B02,2,0.000,-1102.604,659.576,9080.711,B02,2,0.000
519,axial,0.007,0.000e0,-1163.643,630.622,9087.272,B02,2,90,-1167.660,634.438,9091.551,B02,3,90
520,radial,0.024,0.000e0,-1167.660,634.438,9091.551,B02,3,0.000,-1164.154,618.829,9108.765,B02,3,0.000
521,tab,0.046,0.000e0,-1164.154,618.829,9108.765,B02,3,0.000,-1144.806,579.406,9124.052,B02,3,0.000
522,axial,0.007,0.000e0,-1167.660,634.438,9091.551,B02,3,90,-1171.676,638.254,9095.829,B02,4,90
523,radial,0.024,0.000e0,-1171.676,638.254,9095.829,B02,4,0.000,-1184.972,644.733,9077.567,B02,4,0.000
524,tab,0.047,0.000e0,-1184.972,644.733,9077.567,B02,4,0.000,-1205.159,652.004,9036.313,B02,4,0.000
525,axial,0.010,0.000e0,873.417,-688.566,8271.784,B03,0,90,877.793,-694.628,8265.923,B03,1,90
526,radial,0.024,0.000e0,877.793,-694.628,8265.923,B03,1,0.000,897.701,-692.076,8278.146,B03,1,0.000
527,tab,0.047,0.000e0,897.701,-692.076,8278.146,B03,1,0.000,907.378,-666.369,8315.667,B03,1,0.000
528,axial,0.007,0.000e0,877.793,-694.628,8265.923,B03,1,90,881.018,-699.095,8261.604,B03,2,90
529,radial,0.023,0.000e0,881.018,-699.095,8261.604,B03,2,0.000,865.715,-693.705,8244.604,B03,2,0.000
530,tab,0.046,0.000e0,865.715,-693.705,8244.604,B03,2,0.000,831.642,-677.104,8217.665,B03,2,0.000
531,axial,0.007,0.000e0,881.018,-699.095,8261.604,B03,2,90,884.242,-703.561,8257.285,B03,3,90
532,radial,0.023,0.000e0,884.242,-703.561,8257.285,B03,3,0.000,901.894,-688.273,8254.652,B03,3,0.000
533,tab,0.046,0.000e0,901.894,-688.273,8254.652,B03,3,0.000,942.852,-676.911,8235.796,B03,3,0.000
534,axial,0.007,0.000e0,884.242,-703.561,8257.285,B03,3,90,887.467,-708.028,8252.967,B03,4,90
535,radial,0.024,0.000e0,887.467,-708.028,8252.967,B03,4,0.000,873.372,-725.328,8260.337,B03,4,0.000
536,tab,0.046,0.000e0,873.372,-725.328,8260.337,B03,4,0.000,838.510,-740.137,8287.310,B03,4,0.000
537,axial,0.010,0.000e0,-233.925,845.400,9754.881,B01,0,90,-238.301,851.462,9760.742,B01,1,90
538,radial,0.024,0.000e0,-238.301,851.462,9760.742,B01,1,0.000,-256.043,836.253,9763.226,B01,1,0.000
539,tab,0.046,0.000e0,-256.043,836.253,9763.226,B01,1,0.000,-249.334,797.469,9738.467,B01,1,0.000
540,axial,0.007,0.000e0,-238.301,851.462,9760.742,B01,1,90,-241.525,855.929,9765.061,B01,2,90
541,radial,0.024,0.000e0,-241.525,855.929,9765.061,B01,2,0.000,-222.208,869.298,9765.655,B01,2,0.000
542,tab,0.046,0.000e0,-222.208,869.298,9765.655,B01,2,0.000,-180.966,864.260,9744.776,B01,2,0.000
543,axial,0.007,0.000e0,-241.525,855.929,9765.061,B01,2,90,-244.750,860.395,9769.380,B01,3,90
544,radial,0.023,0.000e0,-244.750,860.395,9769.380,B01,3,0.000,-240.358,846.065,9787.479,B01,3,0.000
545,tab,0.047,0.000e0,-240.358,846.065,9787.479,B01,3,0.000,-236.313,824.499,9828.477,B01,3,0.000
546,axial,0.007,0.000e0,-244.750,860.395,9769.380,B01,3,90,-247.974,864.862,9773.698,B01,4,90
547,radial,0.023,0.000e0,-247.974,864.862,9773.698,B01,4,0.000,-256.702,876.442,9755.205,B01,4,0.000
548,tab,0.046,0.000e0,-256.702,876.442,9755.205,B01,4,0.000,-260.948,881.448,9709.171,B01,4,0.000
549,axial,0.010,0.000e0,475.717,500.407,7638.777,C04,0,90,477.477,507.718,7632.971,C04,1,90
550,radial,0.024,0.000e0,477.477,507.718,7632.971,C04,1,0.000,473.306,493.959,7614.382,C04,1,0.000
551,tab,0.046,0.000e0,473.306,493.959,7614.382,C04,1,0.000,462.227,450.583,7626.952,C04,1,0.000
552,axial,0.007,0.000e0,477.477,507.718,7632.971,C04,1,90,478.774,513.105,7628.692,C04,2,90
553,radial,0.024,0.000e0,478.774,513.105,7628.692,C04,2,0.000,455.685,516.786,7626.330,C04,2,0.000
554,tab,0.047,0.000e0,455.685,516.786,7626.330,C04,2,0.000,419.210,494.560,7644.709,C04,2,0.000
555,axial,0.007,0.000e0,478.774,513.105,7628.692,C04,2,90,480.071,518.491,7624.415,C04,3,90
556,radial,0.024,0.000e0,480.071,518.491,7624.415,C04,3,0.000,495.715,505.431,7612.712,C04,3,0.000
557,tab,0.046,0.000e0,495.715,505.431,7612.712,C04,3,0.000,527.785,487.594,7584.154,C04,3,0.000
558,axial,0.007,0.000e0,480.071,518.491,7624.415,C04,3,90,481.368,523.878,7620.137,C04,4,90
559,radial,0.024,0.000e0,481.368,523.878,7620.137,C04,4,0.000,482.113,538.375,7638.617,C04,4,0.000
560,tab,0.047,0.000e0,482.113,538.375,7638.617,C04,4,0.000,481.765,558.995,7680.294,C04,4,0.000
561,axial,0.010,0.000e0,39.729,-1310.681,9077.119,C02,0,90,37.970,-1317.992,9082.925,C02,1,90
562,radial,0.024,0.000e0,37.970,-1317.992,9082.925,C02,1,0.000,58.496,-1327.719,9076.898,C02,1,0.000
563,tab,0.047,0.000e0,58.496,-1327.719,9076.898,C02,1,0.000,81.697,-1301.751,9046.082,C02,1,0.000
564,axial,0.007,0.000e0,37.970,-1317.992,9082.925,C02,1,90,36.673,-1323.378,9087.203,C02,2,90
565,radial,0.023,0.000e0,36.673,-1323.378,9087.203,C02,2,0.000,14.599,-1315.825,9090.023,C02,2,0.000
566,tab,0.047,0.000e0,14.599,-1315.825,9090.023,C02,2,0.000,-18.919,-1284.989,9080.646,C02,2,0.000
567,axial,0.007,0.000e0,36.673,-1323.378,9087.203,C02,2,90,35.376,-1328.765,9091.481,C02,3,90
568,radial,0.023,0.000e0,35.376,-1328.765,9091.481,C02,3,0.000,47.142,-1317.926,9108.695,C02,3,0.000
569,tab,0.046,0.000e0,47.142,-1317.926,9108.695,C02,3,0.000,71.612,-1281.461,9123.984,C02,3,0.000
570,axial,0.007,0.000e0,35.376,-1328.765,9091.481,C02,3,90,34.079,-1334.152,9095.760,C02,4,90
571,radial,0.023,0.000e0,34.079,-1334.152,9095.760,C02,4,0.000,35.116,-1348.905,9077.497,C02,4,0.000
572,tab,0.047,0.000e0,35.116,-1348.905,9077.497,C02,4,0.000,38.915,-1370.020,9036.242,C02,4,0.000
573,axial,0.010,0.000e0,160.586,1100.422,8271.825,C03,0,90,163.648,1107.243,8265.965,C03,1,90
574,radial,0.023,0.000e0,163.648,1107.243,8265.965,C03,1,0.000,151.481,1123.206,8278.188,C03,1,0.000
575,tab,0.046,0.000e0,151.481,1123.206,8278.188,C03,1,0.000,124.378,1118.728,8315.706,C03,1,0.000
576,axial,0.007,0.000e0,163.648,1107.243,8265.965,C03,1,90,165.904,1112.270,8261.646,C03,2,90
577,radial,0.023,0.000e0,165.904,1112.270,8261.646,C03,2,0.000,168.890,1096.323,8244.646,C03,2,0.000
578,tab,0.046,0.000e0,168.890,1096.323,8244.646,C03,2,0.000,171.553,1058.518,8217.703,C03,2,0.000
579,axial,0.007,0.000e0,165.904,1112.270,8261.646,C03,2,90,168.160,1117.296,8257.328,C03,3,90
580,radial,0.024,0.000e0,168.160,1117.296,8257.328,C03,3,0.000,146.093,1124.937,8254.693,C03,3,0.000
581,tab,0.046,0.000e0,146.093,1124.937,8254.693,C03,3,0.000,115.773,1154.725,8235.836,C03,3,0.000
582,axial,0.007,0.000e0,168.160,1117.296,8257.328,C03,3,90,170.416,1122.322,8253.011,C03,4,90
583,radial,0.024,0.000e0,170.416,1122.322,8253.011,C03,4,0.000,192.445,1118.766,8260.381,C03,4,0.000
584,tab,0.047,0.000e0,192.445,1118.766,8260.381,C03,4,0.000,222.702,1095.978,8287.353,C03,4,0.000
585,axial,0.010,0.000e0,-614.161,-625.714,9754.725,C01,0,90,-617.222,-632.535,9760.585,C01,1,90
586,radial,0.023,0.000e0,-617.222,-632.535,9760.585,C01,1,0.000,-595.179,-640.292,9763.073,C01,1,0.000
587,tab,0.047,0.000e0,-595.179,-640.292,9763.073,C01,1,0.000,-564.945,-615.083,9738.321,C01,1,0.000
588,axial,0.007,0.000e0,-617.222,-632.535,9760.585,C01,1,90,-619.478,-637.562,9764.903,C01,2,90
589,radial,0.024,0.000e0,-619.478,-637.562,9764.903,C01,2,0.000,-640.716,-627.518,9765.498,C01,2,0.000
590,tab,0.047,0.000e0,-640.716,-627.518,9765.498,C01,2,0.000,-656.975,-589.281,9744.622,C01,2,0.000
591,axial,0.007,0.000e0,-619.478,-637.562,9764.903,C01,2,90,-621.734,-642.588,9769.222,C01,3,90
592,radial,0.023,0.000e0,-621.734,-642.588,9769.222,C01,3,0.000,-611.518,-631.623,9787.322,C01,3,0.000
593,tab,0.047,0.000e0,-611.518,-631.623,9787.322,C01,3,0.000,-594.861,-617.343,9828.320,C01,3,0.000
594,axial,0.007,0.000e0,-621.734,-642.588,9769.222,C01,3,90,-623.990,-647.615,9773.539,C01,4,90
595,radial,0.024,0.000e0,-623.990,-647.615,9773.539,C01,4,0.000,-629.656,-660.960,9755.044,C01,4,0.000
596,tab,0.046,0.000e0,-629.656,-660.960,9755.044,C01,4,0.000,-631.870,-667.135,9709.009,C01,4,0.000
597,axial,0.009,0.000e0,0.613,0.144,9162.443,Z2,0,90,0.612,0.145,9152.943,Z2,1,90
598,radial,0.023,0.000e0,0.612,0.145,9152.943,Z2,1,0.000,-5.672,22.790,9152.947,Z2,1,0.000
599,tab,0.047,0.000e0,-5.672,22.790,9152.947,Z2,1,0.000,-16.438,61.590,9176.204,Z2,1,0.000
600,axial,0.007,0.000e0,0.612,0.145,9152.943,Z2,1,90,0.612,0.146,9145.942,Z2,2,90
601,radial,0.023,0.000e0,0.612,0.146,9145.942,Z2,2,0.000,23.364,-5.734,9145.939,Z2,2,0.000
602,tab,0.047,0.000e0,23.364,-5.734,9145.939,Z2,2,0.000,62.355,-15.813,9169.186,Z2,2,0.000
603,axial,0.007,0.000e0,0.612,0.146,9145.942,Z2,2,90,0.611,0.147,9138.942,Z2,3,90
604,radial,0.024,0.000e0,0.611,0.147,9138.942,Z2,3,0.000,-15.858,-16.616,9138.941,Z2,3,0.000
605,tab,0.047,0.000e0,-15.858,-16.616,9138.941,Z2,3,0.000,-44.079,-45.345,9162.190,Z2,3,0.000
606,axial,0.010,0.000e0,474.609,947.856,8472.753,C11,0,90,470.318,953.358,8479.200,C11,1,90
607,radial,0.023,0.000e0,470.318,953.358,8479.200,C11,1,0.000,451.434,954.918,8465.302,C11,1,0.000
608,tab,0.047,0.000e0,451.434,954.918,8465.302,C11,1,0.000,456.908,931.105,8425.738,C11,1,0.000
609,axial,0.007,0.000e0,470.318,953.358,8479.200,C11,1,90,467.157,957.412,8483.950,C11,2,90
610,radial,0.024,0.000e0,467.157,957.412,8483.950,C11,2,0.000,476.057,976.522,8473.566,C11,2,0.000
611,tab,0.047,0.000e0,476.057,976.522,8473.566,C11,2,0.000,503.461,981.006,8436.268,C11,2,0.000
612,axial,0.007,0.000e0,467.157,957.412,8483.950,C11,2,90,463.995,961.466,8488.702,C11,3,90
613,radial,0.024,0.000e0,463.995,961.466,8488.702,C11,3,0.000,447.699,967.359,8472.828,C11,3,0.000
614,tab,0.046,0.000e0,447.699,967.359,8472.828,C11,3,0.000,411.792,984.363,8448.667,C11,3,0.000
615,axial,0.007,0.000e0,463.995,961.466,8488.702,C11,3,90,460.833,965.520,8493.452,C11,4,90
616,radial,0.023,0.000e0,460.833,965.520,8493.452,C11,4,0.000,476.916,959.336,8509.432,C11,4,0.000
617,tab,0.046,0.000e0,476.916,959.336,8509.432,C11,4,0.000,512.410,941.768,8533.799,C11,4,0.000
618,axial,0.009,0.000e0,584.332,-884.236,8472.681,B11,0,90,591.243,-883.272,8479.128,B11,1,90
619,radial,0.023,0.000e0,591.243,-883.272,8479.128,B11,1,0.000,602.035,-867.696,8465.230,B11,1,0.000
620,tab,0.046,0.000e0,602.035,-867.696,8465.230,B11,1,0.000,578.674,-860.527,8425.669,B11,1,0.000
621,axial,0.007,0.000e0,591.243,-883.272,8479.128,B11,1,90,596.334,-882.561,8483.879,B11,2,90
622,radial,0.023,0.000e0,596.334,-882.561,8483.879,B11,2,0.000,608.434,-899.823,8473.493,B11,2,0.000
623,tab,0.046,0.000e0,608.434,-899.823,8473.493,B11,2,0.000,598.614,-925.796,8436.194,B11,2,0.000
624,axial,0.007,0.000e0,596.334,-882.561,8483.879,B11,2,90,601.426,-881.850,8488.629,B11,3,90
625,radial,0.024,0.000e0,601.426,-881.850,8488.629,B11,3,0.000,614.677,-870.682,8472.757,B11,3,0.000
626,tab,0.046,0.000e0,614.677,-870.682,8472.757,B11,3,0.000,647.355,-848.085,8448.596,B11,3,0.000
627,axial,0.007,0.000e0,601.426,-881.850,8488.629,B11,3,90,606.518,-881.140,8493.381,B11,4,90
628,radial,0.023,0.000e0,606.518,-881.140,8493.381,B11,4,0.000,593.123,-891.979,8509.359,B11,4,0.000
629,tab,0.047,0.000e0,593.123,-891.979,8509.359,B11,4,0.000,560.164,-913.940,8533.726,B11,4,0.000
630,axial,0.009,0.000e0,-1057.197,-63.198,8472.717,A11,0,90,-1059.817,-69.664,8479.164,A11,1,90
631,radial,0.023,0.000e0,-1059.817,-69.664,8479.164,A11,1,0.000,-1051.724,-86.799,8465.267,A11,1,0.000
632,tab,0.047,0.000e0,-1051.724,-86.799,8465.267,A11,1,0.000,-1033.836,-70.152,8425.704,A11,1,0.000
633,axial,0.007,0.000e0,-1059.817,-69.664,8479.164,A11,1,90,-1061.747,-74.429,8483.915,A11,2,90
634,radial,0.023,0.000e0,-1061.747,-74.429,8483.915,A11,2,0.000,-1082.746,-76.277,8473.530,A11,2,0.000
635,tab,0.046,0.000e0,-1082.746,-76.277,8473.530,A11,2,0.000,-1100.329,-54.786,8436.230,A11,2,0.000
636,axial,0.007,0.000e0,-1061.747,-74.429,8483.915,A11,2,90,-1063.677,-79.194,8488.666,A11,3,90
637,radial,0.023,0.000e0,-1063.677,-79.194,8488.666,A11,3,0.000,-1060.632,-96.254,8472.793,A11,3,0.000
638,tab,0.046,0.000e0,-1060.632,-96.254,8472.793,A11,3,0.000,-1057.404,-135.852,8448.631,A11,3,0.000
639,axial,0.007,0.000e0,-1063.677,-79.194,8488.666,A11,3,90,-1065.608,-83.959,8493.417,A11,4,90
640,radial,0.023,0.000e0,-1065.608,-83.959,8493.417,A11,4,0.000,-1068.296,-66.939,8509.396,A11,4,0.000
641,tab,0.047,0.000e0,-1068.296,-66.939,8509.396,A11,4,0.000,-1070.833,-27.416,8533.762,A11,4,0.000
642,axial,0.010,0.000e0,-508.564,1291.058,7122.543,A12,0,90,-505.944,1297.524,7116.096,A12,1,90
643,radial,0.023,0.000e0,-505.944,1297.524,7116.096,A12,1,0.000,-501.768,1280.370,7100.587,A12,1,0.000
644,tab,0.046,0.000e0,-501.768,1280.370,7100.587,A12,1,0.000,-510.561,1238.306,7118.351,A12,1,0.000
645,axial,0.007,0.000e0,-505.944,1297.524,7116.096,A12,1,90,-504.014,1302.289,7111.345,A12,2,90
646,radial,0.024,0.000e0,-504.014,1302.289,7111.345,A12,2,0.000,-481.875,1294.497,7112.525,A12,2,0.000
647,tab,0.046,0.000e0,-481.875,1294.497,7112.525,A12,2,0.000,-450.348,1265.318,7130.327,A12,2,0.000
648,axial,0.007,0.000e0,-504.014,1302.289,7111.345,A12,2,90,-502.083,1307.054,7106.595,A12,3,90
649,radial,0.024,0.000e0,-502.083,1307.054,7106.595,A12,3,0.000,-514.289,1295.573,7090.119,A12,3,0.000
650,tab,0.047,0.000e0,-514.289,1295.573,7090.119,A12,3,0.000,-535.248,1279.933,7051.669,A12,3,0.000
651,axial,0.007,0.000e0,-502.083,1307.054,7106.595,A12,3,90,-500.153,1311.819,7101.844,A12,4,90
652,radial,0.024,0.000e0,-500.153,1311.819,7101.844,A12,4,0.000,-496.239,1327.365,7119.028,A12,4,0.000
653,tab,0.046,0.000e0,-496.239,1327.365,7119.028,A12,4,0.000,-495.943,1338.178,7164.252,A12,4,0.000
654,axial,0.009,0.000e0,-357.750,1001.232,8992.802,A13,0,90,-352.271,1003.138,9000.324,A13,1,90
655,radial,0.023,0.000e0,-352.271,1003.138,9000.324,A13,1,0.000,-368.707,994.217,9014.555,A13,1,0.000
656,tab,0.046,0.000e0,-368.707,994.217,9014.555,A13,1,0.000,-410.281,974.265,9020.529,A13,1,0.000
657,axial,0.007,0.000e0,-352.271,1003.138,9000.324,A13,1,90,-348.234,1004.543,9005.868,A13,2,90
658,radial,0.023,0.000e0,-348.234,1004.543,9005.868,A13,2,0.000,-357.531,1026.086,9007.182,A13,2,0.000
659,tab,0.047,0.000e0,-357.531,1026.086,9007.182,A13,2,0.000,-389.841,1047.010,8981.095,A13,2,0.000
660,axial,0.007,0.000e0,-348.234,1004.543,9005.868,A13,2,90,-344.196,1005.947,9011.411,A13,3,90
661,radial,0.024,0.000e0,-344.196,1005.947,9011.411,A13,3,0.000,-357.002,991.196,9024.475,A13,3,0.000
662,tab,0.047,0.000e0,-357.002,991.196,9024.475,A13,3,0.000,-353.385,979.089,9069.226,A13,3,0.000
663,axial,0.007,0.000e0,-344.196,1005.947,9011.411,A13,3,90,-340.159,1007.352,9016.954,A13,4,90
664,radial,0.023,0.000e0,-340.159,1007.352,9016.954,A13,4,0.000,-321.963,1011.458,9002.662,A13,4,0.000
665,tab,0.047,0.000e0,-321.963,1011.458,9002.662,A13,4,0.000,-292.320,1017.465,8967.342,A13,4,0.000
666,axial,0.010,0.000e0,-1539.385,590.141,7370.393,A14,0,90,-1544.864,588.234,7362.870,A14,1,90
667,radial,0.024,0.000e0,-1544.864,588.234,7362.870,A14,1,0.000,-1563.900,594.487,7375.150,A14,1,0.000
668,tab,0.046,0.000e0,-1563.900,594.487,7375.150,A14,1,0.000,-1568.370,609.645,7418.882,A14,1,0.000
669,axial,0.007,0.000e0,-1544.864,588.234,7362.870,A14,1,90,-1548.901,586.830,7357.327,A14,2,90
670,radial,0.024,0.000e0,-1548.901,586.830,7357.327,A14,2,0.000,-1551.630,564.754,7364.908,A14,2,0.000
671,tab,0.046,0.000e0,-1551.630,564.754,7364.908,A14,2,0.000,-1534.932,543.138,7402.540,A14,2,0.000
672,axial,0.007,0.000e0,-1548.901,586.830,7357.327,A14,2,90,-1552.938,585.425,7351.784,A14,3,90
673,radial,0.023,0.000e0,-1552.938,585.425,7351.784,A14,3,0.000,-1563.729,606.138,7354.395,A14,3,0.000
674,tab,0.046,0.000e0,-1563.729,606.138,7354.395,A14,3,0.000,-1597.977,625.984,7329.993,A14,3,0.000
675,axial,0.007,0.000e0,-1552.938,585.425,7351.784,A14,3,90,-1556.976,584.021,7346.241,A14,4,90
676,radial,0.023,0.000e0,-1556.976,584.021,7346.241,A14,4,0.000,-1538.344,575.301,7334.880,A14,4,0.000
677,tab,0.046,0.000e0,-1538.344,575.301,7334.880,A14,4,0.000,-1493.006,565.023,7333.824,A14,4,0.000
678,axial,0.010,0.000e0,229.773,408.602,7716.923,A15,0,90,237.004,402.909,7714.567,A15,1,90
679,radial,0.024,0.000e0,237.004,402.909,7714.567,A15,1,0.000,251.098,414.776,7729.155,A15,1,0.000
680,tab,0.046,0.000e0,251.098,414.776,7729.155,A15,1,0.000,242.681,451.210,7756.794,A15,1,0.000
681,axial,0.007,0.000e0,237.004,402.909,7714.567,A15,1,90,242.333,398.715,7712.832,A15,2,90
682,radial,0.023,0.000e0,242.333,398.715,7712.832,A15,2,0.000,241.797,407.115,7690.891,A15,2,0.000
683,tab,0.046,0.000e0,241.797,407.115,7690.891,A15,2,0.000,214.389,439.049,7671.112,A15,2,0.000
684,axial,0.007,0.000e0,242.333,398.715,7712.832,A15,2,90,247.661,394.520,7711.095,A15,3,90
685,radial,0.024,0.000e0,247.661,394.520,7711.095,A15,3,0.000,261.110,413.333,7706.918,A15,3,0.000
686,tab,0.047,0.000e0,261.110,413.333,7706.918,A15,3,0.000,301.854,431.639,7693.993,A15,3,0.000
687,axial,0.007,0.000e0,247.661,394.520,7711.095,A15,3,90,252.989,390.326,7709.359,A15,4,90
688,radial,0.024,0.000e0,252.989,390.326,7709.359,A15,4,0.000,237.755,373.547,7703.141,A15,4,0.000
689,tab,0.047,0.000e0,237.755,373.547,7703.141,A15,4,0.000,193.952,358.727,7698.252,A15,4,0.000
690,axial,0.009,0.000e0,-1316.637,1625.963,8220.742,A16,0,90,-1323.868,1631.655,8223.098,A16,1,90
691,radial,0.024,0.000e0,-1323.868,1631.655,8223.098,A16,1,0.000,-1310.058,1650.433,8220.112,A16,1,0.000
692,tab,0.046,0.000e0,-1310.058,1650.433,8220.112,A16,1,0.000,-1265.418,1653.781,8207.533,A16,1,0.000
693,axial,0.007,0.000e0,-1323.868,1631.655,8223.098,A16,1,90,-1329.197,1635.850,8224.834,A16,2,90
694,radial,0.024,0.000e0,-1329.197,1635.850,8224.834,A16,2,0.000,-1343.860,1617.498,8224.171,A16,2,0.000
695,tab,0.046,0.000e0,-1343.860,1617.498,8224.171,A16,2,0.000,-1364.881,1576.184,8220.487,A16,2,0.000
696,axial,0.007,0.000e0,-1329.197,1635.850,8224.834,A16,2,90,-1334.525,1640.044,8226.570,A16,3,90
697,radial,0.024,0.000e0,-1334.525,1640.044,8226.570,A16,3,0.000,-1333.808,1649.799,8205.202,A16,3,0.000
698,tab,0.046,0.000e0,-1333.808,1649.799,8205.202,A16,3,0.000,-1339.779,1674.472,8166.243,A16,3,0.000
699,axial,0.007,0.000e0,-1334.525,1640.044,8226.570,A16,3,90,-1339.853,1644.239,8228.306,A16,4,90
700,radial,0.023,0.000e0,-1339.853,1644.239,8228.306,A16,4,0.000,-1333.861,1642.474,8250.960,A16,4,0.000
701,tab,0.047,0.000e0,-1333.861,1642.474,8250.960,A16,4,0.000,-1299.370,1619.155,8271.667,A16,4,0.000
702,axial,0.010,0.000e0,-862.809,-1086.236,7122.516,B12,0,90,-869.720,-1087.200,7116.069,B12,1,90
703,radial,0.024,0.000e0,-869.720,-1087.200,7116.069,B12,1,0.000,-856.953,-1075.004,7100.560,B12,1,0.000
704,tab,0.046,0.000e0,-856.953,-1075.004,7100.560,B12,1,0.000,-816.128,-1061.586,7118.324,B12,1,0.000
705,axial,0.007,0.000e0,-869.720,-1087.200,7116.069,B12,1,90,-874.811,-1087.911,7111.318,B12,2,90
706,radial,0.023,0.000e0,-874.811,-1087.911,7111.318,B12,2,0.000,-879.133,-1064.842,7112.499,B12,2,0.000
707,tab,0.047,0.000e0,-879.133,-1064.842,7112.499,B12,2,0.000,-869.626,-1022.950,7130.300,B12,2,0.000
708,axial,0.007,0.000e0,-874.811,-1087.911,7111.318,B12,2,90,-879.903,-1088.622,7106.568,B12,3,90
709,radial,0.023,0.000e0,-879.903,-1088.622,7106.568,B12,3,0.000,-863.857,-1093.448,7090.091,B12,3,0.000
710,tab,0.047,0.000e0,-863.857,-1093.448,7090.091,B12,3,0.000,-839.832,-1103.770,7051.640,B12,3,0.000
711,axial,0.007,0.000e0,-879.903,-1088.622,7106.568,B12,3,90,-884.995,-1089.333,7101.817,B12,4,90
712,radial,0.023,0.000e0,-884.995,-1089.333,7101.817,B12,4,0.000,-900.414,-1093.720,7119.000,B12,4,0.000
713,tab,0.046,0.000e0,-900.414,-1093.720,7119.000,B12,4,0.000,-909.924,-1098.878,7164.224,B12,4,0.000
714,axial,0.010,0.000e0,106.094,-1933.146,8158.898,B21,0,90,112.795,-1933.922,8165.587,B21,1,90
715,radial,0.024,0.000e0,112.795,-1933.922,8165.587,B21,1,0.000,96.142,-1936.301,8181.997,B21,1,0.000
716,tab,0.046,0.000e0,96.142,-1936.301,8181.997,B21,1,0.000,49.767,-1936.524,8178.588,B21,1,0.000
717,axial,0.007,0.000e0,112.795,-1933.922,8165.587,B21,1,90,117.733,-1934.494,8170.516,B21,2,90
718,radial,0.024,0.000e0,117.733,-1934.494,8170.516,B21,2,0.000,133.649,-1925.783,8155.581,B21,2,0.000
719,tab,0.047,0.000e0,133.649,-1925.783,8155.581,B21,2,0.000,144.523,-1908.958,8113.617,B21,2,0.000
720,axial,0.007,0.000e0,117.733,-1934.494,8170.516,B21,2,90,122.671,-1935.065,8175.445,B21,3,90
721,radial,0.023,0.000e0,122.671,-1935.065,8175.445,B21,3,0.000,111.641,-1918.837,8188.376,B21,3,0.000
722,tab,0.047,0.000e0,111.641,-1918.837,8188.376,B21,3,0.000,109.140,-1892.927,8226.908,B21,3,0.000
723,axial,0.007,0.000e0,122.671,-1935.065,8175.445,B21,3,90,127.609,-1935.637,8180.373,B21,4,90
724,radial,0.023,0.000e0,127.609,-1935.637,8180.373,B21,4,0.000,131.584,-1957.850,8173.815,B21,4,0.000
725,tab,0.046,0.000e0,131.584,-1957.850,8173.815,B21,4,0.000,111.990,-1983.821,8140.591,B21,4,0.000
726,axial,0.010,0.000e0,-687.198,-810.690,8992.805,B13,0,90,-691.588,-806.898,9000.328,B13,1,90
727,radial,0.024,0.000e0,-691.588,-806.898,9000.328,B13,1,0.000,-675.645,-816.674,9014.559,B13,1,0.000
728,tab,0.046,0.000e0,-675.645,-816.674,9014.559,B13,1,0.000,-637.580,-842.705,9020.532,B13,1,0.000
729,axial,0.007,0.000e0,-691.588,-806.898,9000.328,B13,1,90,-694.823,-804.104,9005.871,B13,2,90
730,radial,0.023,0.000e0,-694.823,-804.104,9005.871,B13,2,0.000,-708.829,-822.928,9007.185,B13,2,0.000
731,tab,0.047,0.000e0,-708.829,-822.928,9007.185,B13,2,0.000,-710.794,-861.373,8981.100,B13,2,0.000
732,axial,0.007,0.000e0,-694.823,-804.104,9005.871,B13,2,90,-698.058,-801.310,9011.414,B13,3,90
733,radial,0.024,0.000e0,-698.058,-801.310,9011.414,B13,3,0.000,-678.882,-805.030,9024.479,B13,3,0.000
734,tab,0.047,0.000e0,-678.882,-805.030,9024.479,B13,3,0.000,-670.206,-795.852,9069.232,B13,3,0.000
735,axial,0.007,0.000e0,-698.058,-801.310,9011.414,B13,3,90,-701.293,-798.516,9016.958,B13,4,90
736,radial,0.024,0.000e0,-701.293,-798.516,9016.958,B13,4,0.000,-713.947,-784.810,9002.665,B13,4,0.000
737,tab,0.047,0.000e0,-713.947,-784.810,9002.665,B13,4,0.000,-733.971,-762.142,8967.346,B13,4,0.000
738,axial,0.009,0.000e0,259.588,-1628.468,7370.352,B14,0,90,263.978,-1632.260,7362.829,B14,1,90
739,radial,0.023,0.000e0,263.978,-1632.260,7362.829,B14,1,0.000,268.081,-1651.871,7375.109,B14,1,0.000
740,tab,0.047,0.000e0,268.081,-1651.871,7375.109,B14,1,0.000,257.190,-1663.323,7418.841,B14,1,0.000
741,axial,0.007,0.000e0,263.978,-1632.260,7362.829,B14,1,90,267.213,-1635.054,7357.286,B14,2,90
742,radial,0.024,0.000e0,267.213,-1635.054,7357.286,B14,2,0.000,287.696,-1626.380,7364.867,B14,2,0.000
743,tab,0.047,0.000e0,287.696,-1626.380,7364.867,B14,2,0.000,298.068,-1601.112,7402.499,B14,2,0.000
744,axial,0.007,0.000e0,267.213,-1635.054,7357.286,B14,2,90,270.448,-1637.848,7351.742,B14,3,90
745,radial,0.024,0.000e0,270.448,-1637.848,7351.742,B14,3,0.000,257.904,-1657.548,7354.352,B14,3,0.000
746,tab,0.046,0.000e0,257.904,-1657.548,7354.352,B14,3,0.000,257.837,-1697.129,7329.948,B14,3,0.000
747,axial,0.007,0.000e0,270.448,-1637.848,7351.742,B14,3,90,273.683,-1640.642,7346.199,B14,4,90
748,radial,0.024,0.000e0,273.683,-1640.642,7346.199,B14,4,0.000,271.919,-1620.146,7334.839,B14,4,0.000
749,tab,0.047,0.000e0,271.919,-1620.146,7334.839,B14,4,0.000,258.152,-1575.743,7333.784,B14,4,0.000
750,axial,0.010,0.000e0,-467.768,-5.608,7716.887,B15,0,90,-466.454,3.501,7714.530,B15,1,90
751,radial,0.023,0.000e0,-466.454,3.501,7714.530,B15,1,0.000,-483.777,9.774,7729.118,B15,1,0.000
752,tab,0.047,0.000e0,-483.777,9.774,7729.118,B15,1,0.000,-511.120,-15.732,7756.760,B15,1,0.000
753,axial,0.007,0.000e0,-466.454,3.501,7714.530,B15,1,90,-465.485,10.212,7712.794,B15,2,90
754,radial,0.024,0.000e0,-465.485,10.212,7712.794,B15,2,0.000,-472.493,5.547,7690.854,B15,2,0.000
755,tab,0.046,0.000e0,-472.493,5.547,7690.854,B15,2,0.000,-486.443,-34.158,7671.076,B15,2,0.000
756,axial,0.007,0.000e0,-465.485,10.212,7712.794,B15,2,90,-464.517,16.924,7711.058,B15,3,90
757,radial,0.023,0.000e0,-464.517,16.924,7711.058,B15,3,0.000,-487.534,19.164,7706.881,B15,3,0.000
758,tab,0.046,0.000e0,-487.534,19.164,7706.881,B15,3,0.000,-523.761,45.296,7693.958,B15,3,0.000
759,axial,0.007,0.000e0,-464.517,16.924,7711.058,B15,3,90,-463.549,23.636,7709.321,B15,4,90
760,radial,0.023,0.000e0,-463.549,23.636,7709.321,B15,4,0.000,-441.401,18.832,7703.104,B15,4,0.000
761,tab,0.047,0.000e0,-441.401,18.832,7703.104,B15,4,0.000,-406.665,-11.692,7698.215,B15,4,0.000
762,axial,0.010,0.000e0,-748.785,-1953.523,8220.812,B16,0,90,-750.099,-1962.632,8223.168,B16,1,90
763,radial,0.024,0.000e0,-750.099,-1962.632,8223.168,B16,1,0.000,-773.266,-1960.064,8220.176,B16,1,0.000
764,tab,0.047,0.000e0,-773.266,-1960.064,8220.176,B16,1,0.000,-798.486,-1923.081,8207.586,B16,1,0.000
765,axial,0.007,0.000e0,-750.099,-1962.632,8223.168,B16,1,90,-751.067,-1969.343,8224.905,B16,2,90
766,radial,0.024,0.000e0,-751.067,-1969.343,8224.905,B16,2,0.000,-727.842,-1972.866,8224.238,B16,2,0.000
767,tab,0.046,0.000e0,-727.842,-1972.866,8224.238,B16,2,0.000,-681.554,-1970.415,8220.551,B16,2,0.000
768,axial,0.007,0.000e0,-751.067,-1969.343,8224.905,B16,2,90,-752.035,-1976.055,8226.641,B16,3,90
769,radial,0.024,0.000e0,-752.035,-1976.055,8226.641,B16,3,0.000,-760.841,-1980.313,8205.272,B16,3,0.000
770,tab,0.047,0.000e0,-760.841,-1980.313,8205.272,B16,3,0.000,-779.221,-1997.823,8166.313,B16,3,0.000
771,axial,0.007,0.000e0,-752.035,-1976.055,8226.641,B16,3,90,-753.004,-1982.767,8228.377,B16,4,90
772,radial,0.024,0.000e0,-753.004,-1982.767,8228.377,B16,4,0.000,-754.471,-1976.695,8251.032,B16,4,0.000
773,tab,0.047,0.000e0,-754.471,-1976.695,8251.032,B16,4,0.000,-751.522,-1935.163,8271.736,B16,4,0.000
774,axial,0.009,0.000e0,1373.179,-204.330,7122.554,C12,0,90,1377.470,-209.832,7116.106,C12,1,90
775,radial,0.023,0.000e0,1377.470,-209.832,7116.106,C12,1,0.000,1360.526,-204.871,7100.597,C12,1,0.000
776,tab,0.046,0.000e0,1360.526,-204.871,7100.597,C12,1,0.000,1328.494,-176.224,7118.360,C12,1,0.000
777,axial,0.007,0.000e0,1377.470,-209.832,7116.106,C12,1,90,1380.632,-213.886,7111.356,C12,2,90
778,radial,0.023,0.000e0,1380.632,-213.886,7111.356,C12,2,0.000,1362.814,-229.163,7112.534,C12,2,0.000
779,tab,0.047,0.000e0,1362.814,-229.163,7112.534,C12,2,0.000,1321.779,-241.876,7130.333,C12,2,0.000
780,axial,0.007,0.000e0,1380.632,-213.886,7111.356,C12,2,90,1383.793,-217.940,7106.605,C12,3,90
781,radial,0.024,0.000e0,1383.793,-217.940,7106.605,C12,3,0.000,1379.952,-201.629,7090.129,C12,3,0.000
782,tab,0.046,0.000e0,1379.952,-201.629,7090.129,C12,3,0.000,1376.883,-175.658,7051.680,C12,3,0.000
783,axial,0.007,0.000e0,1383.793,-217.940,7106.605,C12,3,90,1386.955,-221.994,7101.854,C12,4,90
784,radial,0.023,0.000e0,1386.955,-221.994,7101.854,C12,4,0.000,1398.461,-233.156,7119.037,C12,4,0.000
785,tab,0.046,0.000e0,1398.461,-233.156,7119.037,C12,4,0.000,1407.678,-238.819,7164.261,C12,4,0.000
786,axial,0.009,0.000e0,1622.248,1058.270,8158.928,C21,0,90,1619.570,1064.462,8165.616,C21,1,90
787,radial,0.023,0.000e0,1619.570,1064.462,8165.616,C21,1,0.000,1629.953,1051.227,8182.026,C21,1,0.000
788,tab,0.047,0.000e0,1629.953,1051.227,8182.026,C21,1,0.000,1653.324,1011.172,8178.620,C21,1,0.000
789,axial,0.007,0.000e0,1619.570,1064.462,8165.616,C21,1,90,1617.597,1069.025,8170.544,C21,2,90
790,radial,0.023,0.000e0,1617.597,1069.025,8170.544,C21,2,0.000,1602.094,1078.452,8155.610,C21,2,0.000
791,tab,0.046,0.000e0,1602.094,1078.452,8155.610,C21,2,0.000,1582.083,1079.452,8113.648,C21,2,0.000
792,axial,0.007,0.000e0,1617.597,1069.025,8170.544,C21,2,90,1615.623,1073.587,8175.473,C21,3,90
793,radial,0.023,0.000e0,1615.623,1073.587,8175.473,C21,3,0.000,1607.080,1055.923,8188.405,C21,3,0.000
794,tab,0.047,0.000e0,1607.080,1055.923,8188.405,C21,3,0.000,1585.885,1040.808,8226.936,C21,3,0.000
795,axial,0.007,0.000e0,1615.623,1073.587,8175.473,C21,3,90,1613.650,1078.150,8180.402,C21,4,90
796,radial,0.024,0.000e0,1613.650,1078.150,8180.402,C21,4,0.000,1630.900,1092.698,8173.840,C21,4,0.000
797,tab,0.046,0.000e0,1630.900,1092.698,8173.840,C21,4,0.000,1663.186,1088.709,8140.615,C21,4,0.000
798,axial,0.009,0.000e0,1046.615,-190.100,8992.828,C13,0,90,1045.526,-195.798,9000.351,C13,1,90
799,radial,0.024,0.000e0,1045.526,-195.798,9000.351,C13,1,0.000,1046.017,-177.104,9014.583,C13,1,0.000
800,tab,0.046,0.000e0,1046.017,-177.104,9014.583,C13,1,0.000,1049.525,-131.123,9020.560,C13,1,0.000
801,axial,0.007,0.000e0,1045.526,-195.798,9000.351,C13,1,90,1044.723,-199.997,9005.895,C13,2,90
802,radial,0.023,0.000e0,1044.723,-199.997,9005.895,C13,2,0.000,1068.028,-202.716,9007.210,C13,2,0.000
803,tab,0.047,0.000e0,1068.028,-202.716,9007.210,C13,2,0.000,1102.306,-185.195,8981.128,C13,2,0.000
804,axial,0.007,0.000e0,1044.723,-199.997,9005.895,C13,2,90,1043.920,-204.196,9011.438,C13,3,90
805,radial,0.023,0.000e0,1043.920,-204.196,9011.438,C13,3,0.000,1037.561,-185.728,9024.505,C13,3,0.000
806,tab,0.047,0.000e0,1037.561,-185.728,9024.505,C13,3,0.000,1025.281,-182.805,9069.259,C13,3,0.000
807,axial,0.007,0.000e0,1043.920,-204.196,9011.438,C13,3,90,1043.118,-208.395,9016.980,C13,4,90
808,radial,0.023,0.000e0,1043.118,-208.395,9016.980,C13,4,0.000,1037.577,-226.206,9002.687,C13,4,0.000
809,tab,0.046,0.000e0,1037.577,-226.206,9002.687,C13,4,0.000,1027.961,-254.880,8967.365,C13,4,0.000
810,axial,0.009,0.000e0,1281.567,1038.825,7370.448,C14,0,90,1282.656,1044.524,7362.925,C14,1,90
811,radial,0.024,0.000e0,1282.656,1044.524,7362.925,C14,1,0.000,1297.591,1057.880,7375.206,C14,1,0.000
812,tab,0.046,0.000e0,1297.591,1057.880,7375.206,C14,1,0.000,1312.953,1054.170,7418.937,C14,1,0.000
813,axial,0.007,0.000e0,1282.656,1044.524,7362.925,C14,1,90,1283.459,1048.722,7357.382,C14,2,90
814,radial,0.023,0.000e0,1283.459,1048.722,7357.382,C14,2,0.000,1265.705,1062.124,7364.962,C14,2,0.000
815,tab,0.047,0.000e0,1265.705,1062.124,7364.962,C14,2,0.000,1238.634,1058.471,7402.593,C14,2,0.000
816,axial,0.007,0.000e0,1283.459,1048.722,7357.382,C14,2,90,1284.262,1052.921,7351.838,C14,3,90
817,radial,0.023,0.000e0,1284.262,1052.921,7351.838,C14,3,0.000,1307.594,1051.909,7354.451,C14,3,0.000
818,tab,0.047,0.000e0,1307.594,1051.909,7354.451,C14,3,0.000,1341.908,1071.645,7330.052,C14,3,0.000
819,axial,0.007,0.000e0,1284.262,1052.921,7351.838,C14,3,90,1285.064,1057.120,7346.296,C14,4,90
820,radial,0.023,0.000e0,1285.064,1057.120,7346.296,C14,4,0.000,1268.198,1045.344,7334.934,C14,4,0.000
821,tab,0.046,0.000e0,1268.198,1045.344,7334.934,C14,4,0.000,1236.628,1011.220,7333.874,C14,4,0.000
822,axial,0.010,0.000e0,239.747,-402.552,7716.853,C15,0,90,231.202,-405.969,7714.496,C15,1,90
823,radial,0.024,0.000e0,231.202,-405.969,7714.496,C15,1,0.000,234.431,-424.109,7729.082,C15,1,0.000
824,tab,0.046,0.000e0,234.431,-424.109,7729.082,C15,1,0.000,270.190,-435.037,7756.724,C15,1,0.000
825,axial,0.007,0.000e0,231.202,-405.969,7714.496,C15,1,90,224.905,-408.486,7712.759,C15,2,90
826,radial,0.023,0.000e0,224.905,-408.486,7712.759,C15,2,0.000,232.450,-412.221,7690.819,C15,2,0.000
827,tab,0.046,0.000e0,232.450,-412.221,7690.819,C15,2,0.000,273.812,-404.450,7671.044,C15,2,0.000
828,axial,0.007,0.000e0,224.905,-408.486,7712.759,C15,2,90,218.608,-411.003,7711.022,C15,3,90
829,radial,0.024,0.000e0,218.608,-411.003,7711.022,C15,3,0.000,228.177,-432.057,7706.848,C15,3,0.000
830,tab,0.047,0.000e0,228.177,-432.057,7706.848,C15,3,0.000,223.659,-476.497,7693.927,C15,3,0.000
831,axial,0.007,0.000e0,218.608,-411.003,7711.022,C15,3,90,212.312,-413.520,7709.286,C15,4,90
832,radial,0.023,0.000e0,212.312,-413.520,7709.286,C15,4,0.000,205.398,-391.938,7703.069,C15,4,0.000
833,tab,0.047,0.000e0,205.398,-391.938,7703.069,C15,4,0.000,214.465,-346.593,7698.183,C15,4,0.000
834,axial,0.009,0.000e0,2067.167,328.013,8220.889,C16,0,90,2075.712,331.429,8223.246,C16,1,90
835,radial,0.024,0.000e0,2075.712,331.429,8223.246,C16,1,0.000,2085.071,310.082,8220.255,C16,1,0.000
836,tab,0.046,0.000e0,2085.071,310.082,8220.255,C16,1,0.000,2065.653,269.749,8207.666,C16,1,0.000
837,axial,0.007,0.000e0,2075.712,331.429,8223.246,C16,1,90,2082.009,333.946,8224.983,C16,2,90
838,radial,0.023,0.000e0,2082.009,333.946,8224.983,C16,2,0.000,2073.448,355.821,8224.314,C16,2,0.000
839,tab,0.046,0.000e0,2073.448,355.821,8224.314,C16,2,0.000,2048.182,394.683,8220.622,C16,2,0.000
840,axial,0.007,0.000e0,2082.009,333.946,8224.983,C16,2,90,2088.305,336.464,8226.720,C16,3,90
841,radial,0.023,0.000e0,2088.305,336.464,8226.720,C16,3,0.000,2096.396,330.969,8205.352,C16,3,0.000
842,tab,0.046,0.000e0,2096.396,330.969,8205.352,C16,3,0.000,2120.750,323.812,8166.392,C16,3,0.000
843,axial,0.007,0.000e0,2088.305,336.464,8226.720,C16,3,90,2094.602,338.981,8228.456,C16,4,90
844,radial,0.023,0.000e0,2094.602,338.981,8228.456,C16,4,0.000,2090.076,334.673,8251.110,C16,4,0.000
845,tab,0.046,0.000e0,2090.076,334.673,8251.110,C16,4,0.000,2052.633,316.460,8271.812,C16,4,0.000
846,axial,0.009,0.000e0,0.752,-0.088,10953.854,Z1,0,90,0.752,-0.089,10963.354,Z1,1,90
847,radial,0.023,0.000e0,0.752,-0.089,10963.354,Z1,1,0.000,-15.717,-16.852,10963.353,Z1,1,0.000
848,tab,0.047,0.000e0,-15.717,-16.852,10963.353,Z1,1,0.000,-37.100,-38.609,10928.257,Z1,1,0.000
849,axial,0.007,0.000e0,0.752,-0.089,10963.354,Z1,1,90,0.753,-0.090,10970.354,Z1,2,90
850,radial,0.023,0.000e0,0.753,-0.090,10970.354,Z1,2,0.000,23.505,-5.970,10970.352,Z1,2,0.000
851,tab,0.046,0.000e0,23.505,-5.970,10970.352,Z1,2,0.000,53.039,-13.599,10935.254,Z1,2,0.000
852,axial,0.007,0.000e0,0.753,-0.090,10970.354,Z1,2,90,0.753,-0.091,10977.354,Z1,3,90
853,radial,0.023,0.000e0,0.753,-0.091,10977.354,Z1,3,0.000,-5.530,22.553,10977.357,Z1,3,0.000
854,tab,0.046,0.000e0,-5.530,22.553,10977.357,Z1,3,0.000,-13.691,51.954,10942.269,Z1,3,0.000
855,axial,0.009,0.000e0,-1985.689,898.687,7087.959,A31,0,90,-1989.491,894.283,7095.468,A31,1,90
856,radial,0.024,0.000e0,-1989.491,894.283,7095.468,A31,1,0.000,-1977.442,874.819,7090.154,A31,1,0.000
857,tab,0.047,0.000e0,-1977.442,874.819,7090.154,A31,1,0.000,-1951.253,880.381,7052.134,A31,1,0.000
858,axial,0.007,0.000e0,-1989.491,894.283,7095.468,A31,1,90,-1992.293,891.037,7101.001,A31,2,90
859,radial,0.024,0.000e0,-1992.293,891.037,7101.001,A31,2,0.000,-2000.335,911.618,7109.000,A31,2,0.000
860,tab,0.047,0.000e0,-2000.335,911.618,7109.000,A31,2,0.000,-2012.029,955.936,7116.841,A31,2,0.000
861,axial,0.007,0.000e0,-1992.293,891.037,7101.001,A31,2,90,-1995.095,887.792,7106.535,A31,3,90
862,radial,0.024,0.000e0,-1995.095,887.792,7106.535,A31,3,0.000,-1974.048,878.849,7111.948,A31,3,0.000
863,tab,0.047,0.000e0,-1974.048,878.849,7111.948,A31,3,0.000,-1937.182,857.059,7130.066,A31,3,0.000
864,axial,0.007,0.000e0,-1995.095,887.792,7106.535,A31,3,90,-1997.897,884.546,7112.068,A31,4,90
865,radial,0.023,0.000e0,-1997.897,884.546,7112.068,A31,4,0.000,-2016.045,877.643,7098.829,A31,4,0.000
866,tab,0.046,0.000e0,-2016.045,877.643,7098.829,A31,4,0.000,-2025.556,884.952,7053.903,A31,4,0.000
867,axial,0.009,0.000e0,-1726.470,875.419,8158.932,A21,0,90,-1730.493,870.003,8165.620,A21,1,90
868,radial,0.023,0.000e0,-1730.493,870.003,8165.620,A21,1,0.000,-1724.228,885.614,8182.030,A21,1,0.000
869,tab,0.046,0.000e0,-1724.228,885.614,8182.030,A21,1,0.000,-1701.233,925.887,8178.626,A21,1,0.000
870,axial,0.007,0.000e0,-1730.493,870.003,8165.620,A21,1,90,-1733.457,866.012,8170.548,A21,2,90
871,radial,0.024,0.000e0,-1733.457,866.012,8170.548,A21,2,0.000,-1733.872,847.875,8155.611,A21,2,0.000
872,tab,0.046,0.000e0,-1733.872,847.875,8155.611,A21,2,0.000,-1724.738,830.049,8113.646,A21,2,0.000
873,axial,0.007,0.000e0,-1733.457,866.012,8170.548,A21,2,90,-1736.422,862.021,8175.476,A21,3,90
874,radial,0.023,0.000e0,-1736.422,862.021,8175.476,A21,3,0.000,-1716.854,863.458,8188.410,A21,3,0.000
875,tab,0.047,0.000e0,-1716.854,863.458,8188.410,A21,3,0.000,-1693.168,852.665,8226.942,A21,3,0.000
876,axial,0.007,0.000e0,-1736.422,862.021,8175.476,A21,3,90,-1739.386,858.031,8180.405,A21,4,90
877,radial,0.023,0.000e0,-1739.386,858.031,8180.405,A21,4,0.000,-1760.610,865.695,8173.844,A21,4,0.000
878,tab,0.047,0.000e0,-1760.610,865.695,8173.844,A21,4,0.000,-1773.301,895.652,8140.621,A21,4,0.000
879,axial,0.009,0.000e0,-862.718,2038.237,6722.977,A22,0,90,-858.695,2043.653,6716.289,A22,1,90
880,radial,0.024,0.000e0,-858.695,2043.653,6716.289,A22,1,0.000,-872.940,2061.415,6722.104,A22,1,0.000
881,tab,0.046,0.000e0,-872.940,2061.415,6722.104,A22,1,0.000,-907.196,2078.599,6748.438,A22,1,0.000
882,axial,0.007,0.000e0,-858.695,2043.653,6716.289,A22,1,90,-855.730,2047.643,6711.361,A22,2,90
883,radial,0.024,0.000e0,-855.730,2047.643,6711.361,A22,2,0.000,-844.910,2028.732,6702.555,A22,2,0.000
884,tab,0.046,0.000e0,-844.910,2028.732,6702.555,A22,2,0.000,-836.215,1983.070,6703.834,A22,2,0.000
885,axial,0.007,0.000e0,-855.730,2047.643,6711.361,A22,2,90,-852.766,2051.634,6706.433,A22,3,90
886,radial,0.023,0.000e0,-852.766,2051.634,6706.433,A22,3,0.000,-874.054,2058.083,6698.851,A22,3,0.000
887,tab,0.047,0.000e0,-874.054,2058.083,6698.851,A22,3,0.000,-911.161,2076.077,6677.369,A22,3,0.000
888,axial,0.007,0.000e0,-852.766,2051.634,6706.433,A22,3,90,-849.801,2055.625,6701.505,A22,4,90
889,radial,0.023,0.000e0,-849.801,2055.625,6701.505,A22,4,0.000,-830.781,2058.233,6715.058,A22,4,0.000
890,tab,0.047,0.000e0,-830.781,2058.233,6715.058,A22,4,0.000,-820.951,2041.611,6757.358,A22,4,0.000
891,axial,0.009,0.000e0,-671.119,428.080,7434.641,A23,0,90,-664.016,421.872,7435.757,A23,1,90
892,radial,0.023,0.000e0,-664.016,421.872,7435.757,A23,1,0.000,-679.573,404.309,7437.082,A23,1,0.000
893,tab,0.047,0.000e0,-679.573,404.309,7437.082,A23,1,0.000,-723.344,419.466,7432.997,A23,1,0.000
894,axial,0.007,0.000e0,-664.016,421.872,7435.757,A23,1,90,-658.781,417.297,7436.579,A23,2,90
895,radial,0.023,0.000e0,-658.781,417.297,7436.579,A23,2,0.000,-659.769,412.052,7413.693,A23,2,0.000
896,tab,0.046,0.000e0,-659.769,412.052,7413.693,A23,2,0.000,-687.292,428.178,7379.860,A23,2,0.000
897,axial,0.007,0.000e0,-658.781,417.297,7436.579,A23,2,90,-653.547,412.723,7437.402,A23,3,90
898,radial,0.024,0.000e0,-653.547,412.723,7437.402,A23,3,0.000,-666.387,400.854,7453.103,A23,3,0.000
899,tab,0.047,0.000e0,-666.387,400.854,7453.103,A23,3,0.000,-671.005,365.322,7482.741,A23,3,0.000
900,axial,0.007,0.000e0,-653.547,412.723,7437.402,A23,3,90,-648.313,408.148,7438.224,A23,4,90
901,radial,0.023,0.000e0,-648.313,408.148,7438.224,A23,4,0.000,-633.003,424.313,7430.705,A23,4,0.000
902,tab,0.047,0.000e0,-633.003,424.313,7430.705,A23,4,0.000,-624.153,467.208,7415.086,A23,4,0.000
903,axial,0.009,0.000e0,-2185.494,1751.625,7196.670,A24,0,90,-2192.598,1757.834,7195.554,A24,1,90
904,radial,0.023,0.000e0,-2192.598,1757.834,7195.554,A24,1,0.000,-2206.347,1740.629,7187.357,A24,1,0.000
905,tab,0.047,0.000e0,-2206.347,1740.629,7187.357,A24,1,0.000,-2197.955,1695.359,7180.840,A24,1,0.000
906,axial,0.007,0.000e0,-2192.598,1757.834,7195.554,A24,1,90,-2197.832,1762.408,7194.731,A24,2,90
907,radial,0.023,0.000e0,-2197.832,1762.408,7194.731,A24,2,0.000,-2182.473,1780.166,7195.753,A24,2,0.000
908,tab,0.046,0.000e0,-2182.473,1780.166,7195.753,A24,2,0.000,-2145.518,1808.216,7198.869,A24,2,0.000
909,axial,0.007,0.000e0,-2197.832,1762.408,7194.731,A24,2,90,-2203.066,1766.983,7193.909,A24,3,90
910,radial,0.024,0.000e0,-2203.066,1766.983,7193.909,A24,3,0.000,-2208.083,1757.485,7173.007,A24,3,0.000
911,tab,0.047,0.000e0,-2208.083,1757.485,7173.007,A24,3,0.000,-2225.021,1745.421,7131.417,A24,3,0.000
912,axial,0.007,0.000e0,-2203.066,1766.983,7193.909,A24,3,90,-2208.300,1771.558,7193.086,A24,4,90
913,radial,0.023,0.000e0,-2208.300,1771.558,7193.086,A24,4,0.000,-2216.230,1766.350,7214.586,A24,4,0.000
914,tab,0.047,0.000e0,-2216.230,1766.350,7214.586,A24,4,0.000,-2200.284,1736.655,7246.620,A24,4,0.000
915,axial,0.010,0.000e0,-469.457,1596.248,7977.257,A25,0,90,-464.832,1599.753,7984.779,A25,1,90
916,radial,0.023,0.000e0,-464.832,1599.753,7984.779,A25,1,0.000,-444.735,1599.359,7972.606,A25,1,0.000
917,tab,0.046,0.000e0,-444.735,1599.359,7972.606,A25,1,0.000,-450.825,1583.161,7929.447,A25,1,0.000
918,axial,0.007,0.000e0,-464.832,1599.753,7984.779,A25,1,90,-461.425,1602.336,7990.321,A25,2,90
919,radial,0.023,0.000e0,-461.425,1602.336,7990.321,A25,2,0.000,-481.872,1605.262,8001.529,A25,2,0.000
920,tab,0.046,0.000e0,-481.872,1605.262,8001.529,A25,2,0.000,-526.153,1607.358,8015.566,A25,2,0.000
921,axial,0.007,0.000e0,-461.425,1602.336,7990.321,A25,2,90,-458.017,1604.918,7995.863,A25,3,90
922,radial,0.023,0.000e0,-458.017,1604.918,7995.863,A25,3,0.000,-444.200,1585.913,7996.224,A25,3,0.000
923,tab,0.047,0.000e0,-444.200,1585.913,7996.224,A25,3,0.000,-409.203,1561.923,8015.250,A25,3,0.000
924,axial,0.007,0.000e0,-458.017,1604.918,7995.863,A25,3,90,-454.610,1607.501,8001.406,A25,4,90
925,radial,0.023,0.000e0,-454.610,1607.501,8001.406,A25,4,0.000,-452.004,1628.016,7990.245,A25,4,0.000
926,tab,0.047,0.000e0,-452.004,1628.016,7990.245,A25,4,0.000,-465.706,1641.701,7947.968,A25,4,0.000
927,axial,0.010,0.000e0,-1445.267,856.693,6390.107,A26,0,90,-1449.892,853.188,6382.585,A26,1,90
928,radial,0.024,0.000e0,-1449.892,853.188,6382.585,A26,1,0.000,-1430.582,855.872,6369.462,A26,1,0.000
929,tab,0.046,0.000e0,-1430.582,855.872,6369.462,A26,1,0.000,-1395.282,873.768,6393.872,A26,1,0.000
930,axial,0.007,0.000e0,-1449.892,853.188,6382.585,A26,1,90,-1453.299,850.605,6377.043,A26,2,90
931,radial,0.023,0.000e0,-1453.299,850.605,6377.043,A26,2,0.000,-1446.248,828.941,6382.802,A26,2,0.000
932,tab,0.046,0.000e0,-1446.248,828.941,6382.802,A26,2,0.000,-1420.011,813.764,6418.066,A26,2,0.000
933,axial,0.007,0.000e0,-1453.299,850.605,6377.043,A26,2,90,-1456.707,848.023,6371.500,A26,3,90
934,radial,0.024,0.000e0,-1456.707,848.023,6371.500,A26,3,0.000,-1443.875,861.628,6357.271,A26,3,0.000
935,tab,0.047,0.000e0,-1443.875,861.628,6357.271,A26,3,0.000,-1423.745,884.395,6322.076,A26,3,0.000
936,axial,0.007,0.000e0,-1456.707,848.023,6371.500,A26,3,90,-1460.115,845.440,6365.958,A26,4,90
937,radial,0.024,0.000e0,-1460.115,845.440,6365.958,A26,4,0.000,-1479.634,843.442,6378.890,A26,4,0.000
938,tab,0.047,0.000e0,-1479.634,843.442,6378.890,A26,4,0.000,-1501.766,848.596,6419.460,A26,4,0.000
939,axial,0.010,0.000e0,-1332.660,-1766.598,6722.777,B22,0,90,-1339.361,-1765.822,6716.088,B22,1,90
940,radial,0.023,0.000e0,-1339.361,-1765.822,6716.088,B22,1,0.000,-1347.622,-1787.040,6721.904,B22,1,0.000
941,tab,0.046,0.000e0,-1347.622,-1787.040,6721.904,B22,1,0.000,-1345.379,-1825.297,6748.241,B22,1,0.000
942,axial,0.007,0.000e0,-1339.361,-1765.822,6716.088,B22,1,90,-1344.299,-1765.251,6711.160,B22,2,90
943,radial,0.024,0.000e0,-1344.299,-1765.251,6711.160,B22,2,0.000,-1333.333,-1746.421,6702.358,B22,2,0.000
944,tab,0.046,0.000e0,-1333.333,-1746.421,6702.358,B22,2,0.000,-1298.143,-1716.053,6703.646,B22,2,0.000
945,axial,0.007,0.000e0,-1344.299,-1765.251,6711.160,B22,2,90,-1349.236,-1764.679,6706.231,B22,3,90
946,radial,0.023,0.000e0,-1349.236,-1764.679,6706.231,B22,3,0.000,-1344.175,-1786.339,6698.649,B22,3,0.000
947,tab,0.046,0.000e0,-1344.175,-1786.339,6698.649,B22,3,0.000,-1341.199,-1827.472,6677.167,B22,3,0.000
948,axial,0.007,0.000e0,-1349.236,-1764.679,6706.231,B22,3,90,-1354.174,-1764.108,6701.303,B22,4,90
949,radial,0.024,0.000e0,-1354.174,-1764.108,6701.303,B22,4,0.000,-1365.947,-1748.943,6714.855,B22,4,0.000
950,tab,0.046,0.000e0,-1365.947,-1748.943,6714.855,B22,4,0.000,-1356.475,-1732.122,6757.159,B22,4,0.000
951,axial,0.010,0.000e0,215.555,-2169.201,7087.831,B31,0,90,221.271,-2170.293,7095.340,B31,1,90
952,radial,0.023,0.000e0,221.271,-2170.293,7095.340,B31,1,0.000,232.104,-2150.127,7090.029,B31,1,0.000
953,tab,0.046,0.000e0,232.104,-2150.127,7090.029,B31,1,0.000,214.196,-2130.223,7052.011,B31,1,0.000
954,axial,0.007,0.000e0,221.271,-2170.293,7095.340,B31,1,90,225.482,-2171.098,7100.874,B31,2,90
955,radial,0.024,0.000e0,225.482,-2171.098,7100.874,B31,2,0.000,211.678,-2188.354,7108.870,B31,2,0.000
956,tab,0.047,0.000e0,211.678,-2188.354,7108.870,B31,2,0.000,179.144,-2220.640,7116.705,B31,2,0.000
957,axial,0.007,0.000e0,225.482,-2171.098,7100.874,B31,2,90,229.693,-2171.903,7106.407,B31,3,90
958,radial,0.023,0.000e0,229.693,-2171.903,7106.407,B31,3,0.000,226.914,-2149.205,7111.823,B31,3,0.000
959,tab,0.046,0.000e0,226.914,-2149.205,7111.823,B31,3,0.000,227.350,-2106.386,7129.949,B31,3,0.000
960,axial,0.007,0.000e0,229.693,-2171.903,7106.407,B31,3,90,233.904,-2172.708,7111.940,B31,4,90
961,radial,0.023,0.000e0,233.904,-2172.708,7111.940,B31,4,0.000,248.957,-2184.971,7098.701,B31,4,0.000
962,tab,0.046,0.000e0,248.957,-2184.971,7098.701,B31,4,0.000,247.384,-2196.857,7053.773,B31,4,0.000
963,axial,0.010,0.000e0,-34.176,-795.490,7434.642,B23,0,90,-32.351,-786.234,7435.758,B23,1,90
964,radial,0.024,0.000e0,-32.351,-786.234,7435.758,B23,1,0.000,-9.362,-790.926,7437.083,B23,1,0.000
965,tab,0.046,0.000e0,-9.362,-790.926,7437.083,B23,1,0.000,-0.603,-836.410,7432.997,B23,1,0.000
966,axial,0.007,0.000e0,-32.351,-786.234,7435.758,B23,1,90,-31.007,-779.414,7436.581,B23,2,90
967,radial,0.023,0.000e0,-31.007,-779.414,7436.581,B23,2,0.000,-25.971,-777.645,7413.695,B23,2,0.000
968,tab,0.047,0.000e0,-25.971,-777.645,7413.695,B23,2,0.000,-26.174,-809.542,7379.860,B23,2,0.000
969,axial,0.007,0.000e0,-31.007,-779.414,7436.581,B23,2,90,-29.662,-772.594,7437.404,B23,3,90
970,radial,0.023,0.000e0,-29.662,-772.594,7437.404,B23,3,0.000,-12.962,-777.780,7453.103,B23,3,0.000
971,tab,0.046,0.000e0,-12.962,-777.780,7453.103,B23,3,0.000,20.120,-764.014,7482.739,B23,3,0.000
972,axial,0.007,0.000e0,-29.662,-772.594,7437.404,B23,3,90,-28.318,-765.773,7438.227,B23,4,90
973,radial,0.023,0.000e0,-28.318,-765.773,7438.227,B23,4,0.000,-49.972,-760.597,7430.707,B23,4,0.000
974,tab,0.046,0.000e0,-49.972,-760.597,7430.707,B23,4,0.000,-91.545,-774.380,7415.088,B23,4,0.000
975,axial,0.009,0.000e0,-423.175,-2768.754,7196.568,B24,0,90,-424.999,-2778.010,7195.452,B24,1,90
976,radial,0.023,0.000e0,-424.999,-2778.010,7195.452,B24,1,0.000,-403.225,-2781.314,7187.252,B24,1,0.000
977,tab,0.047,0.000e0,-403.225,-2781.314,7187.252,B24,1,0.000,-368.218,-2751.409,7180.734,B24,1,0.000
978,axial,0.007,0.000e0,-424.999,-2778.010,7195.452,B24,1,90,-426.344,-2784.831,7194.629,B24,2,90
979,radial,0.024,0.000e0,-426.344,-2784.831,7194.629,B24,2,0.000,-449.401,-2780.408,7195.648,B24,2,0.000
980,tab,0.047,0.000e0,-449.401,-2780.408,7195.648,B24,2,0.000,-492.172,-2762.429,7198.759,B24,2,0.000
981,axial,0.007,0.000e0,-426.344,-2784.831,7194.629,B24,2,90,-427.688,-2791.651,7193.806,B24,3,90
982,radial,0.024,0.000e0,-427.688,-2791.651,7193.806,B24,3,0.000,-416.957,-2791.245,7172.903,B24,3,0.000
983,tab,0.047,0.000e0,-416.957,-2791.245,7172.903,B24,3,0.000,-398.045,-2799.877,7131.309,B24,3,0.000
984,axial,0.007,0.000e0,-427.688,-2791.651,7193.806,B24,3,90,-429.033,-2798.471,7192.983,B24,4,90
985,radial,0.024,0.000e0,-429.033,-2798.471,7192.983,B24,4,0.000,-420.558,-2802.736,7214.483,B24,4,0.000
986,tab,0.047,0.000e0,-420.558,-2802.736,7214.483,B24,4,0.000,-402.816,-2774.079,7246.519,B24,4,0.000
987,axial,0.010,0.000e0,-1146.753,-1205.141,7977.167,B25,0,90,-1152.101,-1202.890,7984.689,B25,1,90
988,radial,0.023,0.000e0,-1152.101,-1202.890,7984.689,B25,1,0.000,-1161.807,-1185.285,7972.520,B25,1,0.000
989,tab,0.047,0.000e0,-1161.807,-1185.285,7972.520,B25,1,0.000,-1144.729,-1182.450,7929.362,B25,1,0.000
990,axial,0.007,0.000e0,-1152.101,-1202.890,7984.689,B25,1,90,-1156.042,-1201.231,7990.231,B25,2,90
991,radial,0.023,0.000e0,-1156.042,-1201.231,7990.231,B25,2,0.000,-1148.347,-1220.400,8001.439,B25,2,0.000
992,tab,0.046,0.000e0,-1148.347,-1220.400,8001.439,B25,2,0.000,-1128.010,-1259.790,8015.476,B25,2,0.000
993,axial,0.007,0.000e0,-1156.042,-1201.231,7990.231,B25,2,90,-1159.983,-1199.573,7995.774,B25,3,90
994,radial,0.023,0.000e0,-1159.983,-1199.573,7995.774,B25,3,0.000,-1150.434,-1178.103,7996.138,B25,3,0.000
995,tab,0.046,0.000e0,-1150.434,-1178.103,7996.138,B25,3,0.000,-1147.161,-1135.803,8015.170,B25,3,0.000
996,axial,0.007,0.000e0,-1159.983,-1199.573,7995.774,B25,3,90,-1163.923,-1197.914,8001.316,B25,4,90
997,radial,0.023,0.000e0,-1163.923,-1197.914,8001.316,B25,4,0.000,-1182.992,-1205.917,7990.153,B25,4,0.000
998,tab,0.047,0.000e0,-1182.992,-1205.917,7990.153,B25,4,0.000,-1187.988,-1224.621,7947.875,B25,4,0.000
999,axial,0.010,0.000e0,-18.247,-1680.112,6390.000,B26,0,90,-12.899,-1682.363,6382.478,B26,1,90
1000,radial,0.023,0.000e0,-12.899,-1682.363,6382.478,B26,1,0.000,-24.877,-1666.980,6369.358,B26,1,0.000
1001,tab,0.046,0.000e0,-24.877,-1666.980,6369.358,B26,1,0.000,-58.027,-1645.361,6393.770,B26,1,0.000
1002,axial,0.007,0.000e0,-12.899,-1682.363,6382.478,B26,1,90,-8.958,-1684.022,6376.936,B26,2,90
1003,radial,0.024,0.000e0,-8.958,-1684.022,6376.936,B26,2,0.000,6.277,-1667.083,6382.699,B26,2,0.000
1004,tab,0.047,0.000e0,6.277,-1667.083,6382.699,B26,2,0.000,6.297,-1636.778,6417.967,B26,2,0.000
1005,axial,0.007,0.000e0,-8.958,-1684.022,6376.936,B26,2,90,-5.017,-1685.681,6371.393,B26,3,90
1006,radial,0.024,0.000e0,-5.017,-1685.681,6371.393,B26,3,0.000,-23.215,-1681.368,6357.164,B26,3,0.000
1007,tab,0.047,0.000e0,-23.215,-1681.368,6357.164,B26,3,0.000,-52.994,-1675.311,6321.967,B26,3,0.000
1008,axial,0.007,0.000e0,-5.017,-1685.681,6371.393,B26,3,90,-1.077,-1687.339,6365.851,B26,4,90
1009,radial,0.024,0.000e0,-1.077,-1687.339,6365.851,B26,4,0.000,10.414,-1703.246,6378.781,B26,4,0.000
1010,tab,0.046,0.000e0,10.414,-1703.246,6378.781,B26,4,0.000,17.016,-1724.995,6419.347,B26,4,0.000
1011,axial,0.010,0.000e0,2197.263,-271.182,6722.895,C22,0,90,2199.941,-277.374,6716.206,C22,1,90
1012,radial,0.024,0.000e0,2199.941,-277.374,6716.206,C22,1,0.000,2222.448,-273.914,6722.015,C22,1,0.000
1013,tab,0.047,0.000e0,2222.448,-273.914,6722.015,C22,1,0.000,2254.461,-252.831,6748.338,C22,1,0.000
1014,axial,0.007,0.000e0,2199.941,-277.374,6716.206,C22,1,90,2201.915,-281.936,6711.278,C22,2,90
1015,radial,0.023,0.000e0,2201.915,-281.936,6711.278,C22,2,0.000,2180.127,-281.850,6702.474,C22,2,0.000
1016,tab,0.047,0.000e0,2180.127,-281.850,6702.474,C22,2,0.000,2136.235,-266.548,6703.755,C22,2,0.000
1017,axial,0.007,0.000e0,2201.915,-281.936,6711.278,C22,2,90,2203.888,-286.499,6706.350,C22,3,90
1018,radial,0.023,0.000e0,2203.888,-286.499,6706.350,C22,3,0.000,2220.112,-271.285,6698.761,C22,3,0.000
1019,tab,0.046,0.000e0,2220.112,-271.285,6698.761,C22,3,0.000,2254.239,-248.141,6677.268,C22,3,0.000
1020,axial,0.007,0.000e0,2203.888,-286.499,6706.350,C22,3,90,2205.862,-291.062,6701.421,C22,4,90
1021,radial,0.023,0.000e0,2205.862,-291.062,6701.421,C22,4,0.000,2198.611,-308.838,6714.975,C22,4,0.000
1022,tab,0.046,0.000e0,2198.611,-308.838,6714.975,C22,4,0.000,2179.304,-309.039,6757.276,C22,4,0.000
1023,axial,0.010,0.000e0,1771.901,1271.091,7088.005,C31,0,90,1769.989,1276.585,7095.516,C31,1,90
1024,radial,0.024,0.000e0,1769.989,1276.585,7095.516,C31,1,0.000,1747.108,1275.881,7090.207,C31,1,0.000
1025,tab,0.046,0.000e0,1747.108,1275.881,7090.207,C31,1,0.000,1738.823,1250.425,7052.186,C31,1,0.000
1026,axial,0.007,0.000e0,1769.989,1276.585,7095.516,C31,1,90,1768.581,1280.634,7101.050,C31,2,90
1027,radial,0.024,0.000e0,1768.581,1280.634,7101.050,C31,2,0.000,1790.427,1277.306,7109.045,C31,2,0.000
1028,tab,0.047,0.000e0,1790.427,1277.306,7109.045,C31,2,0.000,1834.655,1265.273,7116.876,C31,2,0.000
1029,axial,0.007,0.000e0,1768.581,1280.634,7101.050,C31,2,90,1767.172,1284.682,7106.584,C31,3,90
1030,radial,0.024,0.000e0,1767.172,1284.682,7106.584,C31,3,0.000,1748.904,1270.926,7111.997,C31,3,0.000
1031,tab,0.047,0.000e0,1748.904,1270.926,7111.997,C31,3,0.000,1711.600,1249.893,7130.117,C31,3,0.000
1032,axial,0.007,0.000e0,1767.172,1284.682,7106.584,C31,3,90,1765.763,1288.730,7112.118,C31,4,90
1033,radial,0.023,0.000e0,1765.763,1288.730,7112.118,C31,4,0.000,1768.853,1307.900,7098.881,C31,4,0.000
1034,tab,0.046,0.000e0,1768.853,1307.900,7098.881,C31,4,0.000,1779.925,1312.490,7053.952,C31,4,0.000
1035,axial,0.010,0.000e0,707.097,367.918,7434.672,C23,0,90,698.169,364.870,7435.789,C23,1,90
1036,radial,0.023,0.000e0,698.169,364.870,7435.789,C23,1,0.000,690.738,387.125,7437.116,C23,1,0.000
1037,tab,0.046,0.000e0,690.738,387.125,7437.116,C23,1,0.000,725.749,417.453,7433.033,C23,1,0.000
1038,axial,0.007,0.000e0,698.169,364.870,7435.789,C23,1,90,691.590,362.624,7436.612,C23,2,90
1039,radial,0.024,0.000e0,691.590,362.624,7436.612,C23,2,0.000,687.540,366.103,7413.726,C23,2,0.000
1040,tab,0.047,0.000e0,687.540,366.103,7413.726,C23,2,0.000,715.265,381.877,7379.892,C23,2,0.000
1041,axial,0.007,0.000e0,691.590,362.624,7436.612,C23,2,90,685.011,360.378,7437.435,C23,3,90
1042,radial,0.024,0.000e0,685.011,360.378,7437.435,C23,3,0.000,681.153,377.433,7453.135,C23,3,0.000
1043,tab,0.046,0.000e0,681.153,377.433,7453.135,C23,3,0.000,652.690,399.199,7482.772,C23,3,0.000
1044,axial,0.007,0.000e0,685.011,360.378,7437.435,C23,3,90,678.432,358.133,7438.257,C23,4,90
1045,radial,0.024,0.000e0,678.432,358.133,7438.257,C23,4,0.000,684.777,336.791,7430.737,C23,4,0.000
1046,tab,0.046,0.000e0,684.777,336.791,7430.737,C23,4,0.000,717.501,307.680,7415.118,C23,4,0.000
1047,axial,0.010,0.000e0,2610.504,1017.692,7196.627,C24,0,90,2619.432,1020.740,7195.511,C24,1,90
1048,radial,0.024,0.000e0,2619.432,1020.740,7195.511,C24,1,0.000,2611.406,1041.250,7187.316,C24,1,0.000
1049,tab,0.047,0.000e0,2611.406,1041.250,7187.316,C24,1,0.000,2568.004,1056.617,7180.804,C24,1,0.000
1050,axial,0.007,0.000e0,2619.432,1020.740,7195.511,C24,1,90,2626.011,1022.986,7194.688,C24,2,90
1051,radial,0.024,0.000e0,2626.011,1022.986,7194.688,C24,2,0.000,2633.710,1000.806,7195.702,C24,2,0.000
1052,tab,0.046,0.000e0,2633.710,1000.806,7195.702,C24,2,0.000,2639.524,954.775,7198.801,C24,2,0.000
1053,axial,0.007,0.000e0,2626.011,1022.986,7194.688,C24,2,90,2632.590,1025.231,7193.865,C24,3,90
1054,radial,0.023,0.000e0,2632.590,1025.231,7193.865,C24,3,0.000,2626.871,1034.328,7172.966,C24,3,0.000
1055,tab,0.046,0.000e0,2626.871,1034.328,7172.966,C24,3,0.000,2624.887,1055.037,7131.379,C24,3,0.000
1056,axial,0.007,0.000e0,2632.590,1025.231,7193.865,C24,3,90,2639.168,1027.477,7193.043,C24,4,90
1057,radial,0.023,0.000e0,2639.168,1027.477,7193.043,C24,4,0.000,2638.624,1036.949,7214.542,C24,4,0.000
1058,tab,0.046,0.000e0,2638.624,1036.949,7214.542,C24,4,0.000,2604.935,1037.986,7246.577,C24,4,0.000
1059,axial,0.009,0.000e0,1617.951,-390.803,7977.234,C25,0,90,1618.675,-396.561,7984.756,C25,1,90
1060,radial,0.024,0.000e0,1618.675,-396.561,7984.756,C25,1,0.000,1608.285,-413.768,7972.583,C25,1,0.000
1061,tab,0.047,0.000e0,1608.285,-413.768,7972.583,C25,1,0.000,1597.300,-400.393,7929.424,C25,1,0.000
1062,axial,0.007,0.000e0,1618.675,-396.561,7984.756,C25,1,90,1619.208,-400.803,7990.298,C25,2,90
1063,radial,0.023,0.000e0,1619.208,-400.803,7990.298,C25,2,0.000,1631.962,-384.557,8001.508,C25,2,0.000
1064,tab,0.046,0.000e0,1631.962,-384.557,8001.508,C25,2,0.000,1655.911,-347.254,8015.549,C25,2,0.000
1065,axial,0.007,0.000e0,1619.208,-400.803,7990.298,C25,2,90,1619.741,-405.046,7995.840,C25,3,90
1066,radial,0.024,0.000e0,1619.741,-405.046,7995.840,C25,3,0.000,1596.373,-407.511,7996.201,C25,3,0.000
1067,tab,0.047,0.000e0,1596.373,-407.511,7996.201,C25,3,0.000,1558.100,-425.826,8015.228,C25,3,0.000
1068,axial,0.007,0.000e0,1619.741,-405.046,7995.840,C25,3,90,1620.274,-409.288,8001.383,C25,4,90
1069,radial,0.023,0.000e0,1620.274,-409.288,8001.383,C25,4,0.000,1636.737,-421.803,7990.220,C25,4,0.000
1070,tab,0.046,0.000e0,1636.737,-421.803,7990.220,C25,4,0.000,1655.436,-416.779,7947.943,C25,4,0.000
1071,axial,0.009,0.000e0,1465.318,824.108,6390.122,C26,0,90,1464.594,829.865,6382.600,C26,1,90
1072,radial,0.023,0.000e0,1464.594,829.865,6382.600,C26,1,0.000,1457.264,811.801,6369.477,C26,1,0.000
1073,tab,0.047,0.000e0,1457.264,811.801,6369.477,C26,1,0.000,1455.113,772.281,6393.886,C26,1,0.000
1074,axial,0.007,0.000e0,1464.594,829.865,6382.600,C26,1,90,1464.061,834.108,6377.058,C26,2,90
1075,radial,0.023,0.000e0,1464.061,834.108,6377.058,C26,2,0.000,1441.774,838.833,6382.818,C26,2,0.000
1076,tab,0.047,0.000e0,1441.774,838.833,6382.818,C26,2,0.000,1415.513,823.697,6418.082,C26,2,0.000
1077,axial,0.007,0.000e0,1464.061,834.108,6377.058,C26,2,90,1463.528,838.350,6371.515,C26,3,90
1078,radial,0.023,0.000e0,1463.528,838.350,6371.515,C26,3,0.000,1468.891,820.434,6357.285,C26,3,0.000
1079,tab,0.047,0.000e0,1468.891,820.434,6357.285,C26,3,0.000,1478.535,791.617,6322.088,C26,3,0.000
1080,axial,0.007,0.000e0,1463.528,838.350,6371.515,C26,3,90,1462.995,842.593,6365.973,C26,4,90
1081,radial,0.024,0.000e0,1462.995,842.593,6365.973,C26,4,0.000,1471.024,860.496,6378.906,C26,4,0.000
1082,tab,0.046,0.000e0,1471.024,860.496,6378.906,C26,4,0.000,1486.554,877.085,6419.476,C26,4,0.000
1083,axial,0.009,0.000e0,-1192.098,1817.870,5520.797,A32,0,90,-1188.296,1822.275,5513.288,A32,1,90
1084,radial,0.024,0.000e0,-1188.296,1822.275,5513.288,A32,1,0.000,-1174.844,1803.473,5509.072,A32,1,0.000
1085,tab,0.046,0.000e0,-1174.844,1803.473,5509.072,A32,1,0.000,-1182.131,1769.547,5540.026,A32,1,0.000
1086,axial,0.007,0.000e0,-1188.296,1822.275,5513.288,A32,1,90,-1185.494,1825.520,5507.755,A32,2,90
1087,radial,0.023,0.000e0,-1185.494,1825.520,5507.755,A32,2,0.000,-1164.007,1822.138,5516.651,A32,2,0.000
1088,tab,0.046,0.000e0,-1164.007,1822.138,5516.651,A32,2,0.000,-1150.162,1801.476,5555.940,A32,2,0.000
1089,axial,0.007,0.000e0,-1185.494,1825.520,5507.755,A32,2,90,-1182.692,1828.766,5502.222,A32,3,90
1090,radial,0.023,0.000e0,-1182.692,1828.766,5502.222,A32,3,0.000,-1192.956,1813.214,5487.903,A32,3,0.000
1091,tab,0.046,0.000e0,-1192.956,1813.214,5487.903,A32,3,0.000,-1208.951,1787.596,5452.546,A32,3,0.000
1092,axial,0.007,0.000e0,-1182.692,1828.766,5502.222,A32,3,90,-1179.890,1832.011,5496.688,A32,4,90
1093,radial,0.023,0.000e0,-1179.890,1832.011,5496.688,A32,4,0.000,-1180.348,1852.378,5508.402,A32,4,0.000
1094,tab,0.047,0.000e0,-1180.348,1852.378,5508.402,A32,4,0.000,-1190.439,1876.501,5546.854,A32,4,0.000
1095,axial,0.010,0.000e0,-2519.761,1512.693,6374.685,A41,0,90,-2523.899,1507.410,6381.409,A41,1,90
1096,radial,0.023,0.000e0,-2523.899,1507.410,6381.409,A41,1,0.000,-2525.953,1526.415,6395.077,A41,1,0.000
1097,tab,0.047,0.000e0,-2525.953,1526.415,6395.077,A41,1,0.000,-2508.695,1564.479,6374.691,A41,1,0.000
1098,axial,0.007,0.000e0,-2523.899,1507.410,6381.409,A41,1,90,-2526.948,1503.517,6386.363,A41,2,90
1099,radial,0.024,0.000e0,-2526.948,1503.517,6386.363,A41,2,0.000,-2521.278,1484.019,6374.534,A41,2,0.000
1100,tab,0.046,0.000e0,-2521.278,1484.019,6374.534,A41,2,0.000,-2501.433,1463.537,6337.807,A41,2,0.000
1101,axial,0.007,0.000e0,-2526.948,1503.517,6386.363,A41,2,90,-2529.998,1499.624,6391.318,A41,3,90
1102,radial,0.023,0.000e0,-2529.998,1499.624,6391.318,A41,3,0.000,-2517.362,1510.667,6407.770,A41,3,0.000
1103,tab,0.046,0.000e0,-2517.362,1510.667,6407.770,A41,3,0.000,-2497.118,1526.664,6446.455,A41,3,0.000
1104,axial,0.007,0.000e0,-2529.998,1499.624,6391.318,A41,3,90,-2533.047,1495.731,6396.272,A41,4,90
1105,radial,0.023,0.000e0,-2533.047,1495.731,6396.272,A41,4,0.000,-2548.662,1487.934,6380.537,A41,4,0.000
1106,tab,0.047,0.000e0,-2548.662,1487.934,6380.537,A41,4,0.000,-2553.647,1497.328,6335.270,A41,4,0.000
1107,axial,0.010,0.000e0,-1499.566,2270.821,7254.554,A33,0,90,-1496.586,2275.777,7262.091,A33,1,90
1108,radial,0.023,0.000e0,-1496.586,2275.777,7262.091,A33,1,0.000,-1514.562,2267.408,7274.703,A33,1,0.000
1109,tab,0.046,0.000e0,-1514.562,2267.408,7274.703,A33,1,0.000,-1548.908,2238.235,7263.235,A33,1,0.000
1110,axial,0.007,0.000e0,-1496.586,2275.777,7262.091,A33,1,90,-1494.390,2279.429,7267.644,A33,2,90
1111,radial,0.024,0.000e0,-1494.390,2279.429,7267.644,A33,2,0.000,-1472.248,2277.838,7259.934,A33,2,0.000
1112,tab,0.047,0.000e0,-1472.248,2277.838,7259.934,A33,2,0.000,-1441.599,2262.982,7228.277,A33,2,0.000
1113,axial,0.007,0.000e0,-1494.390,2279.429,7267.644,A33,2,90,-1492.194,2283.081,7273.197,A33,3,90
1114,radial,0.023,0.000e0,-1492.194,2283.081,7273.197,A33,3,0.000,-1491.535,2263.335,7285.922,A33,3,0.000
1115,tab,0.046,0.000e0,-1491.535,2263.335,7285.922,A33,3,0.000,-1483.112,2241.629,7326.173,A33,3,0.000
1116,axial,0.007,0.000e0,-1492.194,2283.081,7273.197,A33,3,90,-1489.998,2286.733,7278.750,A33,4,90
1117,radial,0.024,0.000e0,-1489.998,2286.733,7278.750,A33,4,0.000,-1498.504,2306.429,7269.161,A33,4,0.000
1118,tab,0.047,0.000e0,-1498.504,2306.429,7269.161,A33,4,0.000,-1518.335,2298.535,7227.850,A33,4,0.000
1119,axial,0.010,0.000e0,-2129.052,1224.009,5662.778,A34,0,90,-2132.032,1219.053,5655.242,A34,1,90
1120,radial,0.023,0.000e0,-2132.032,1219.053,5655.242,A34,1,0.000,-2153.695,1218.279,5664.317,A34,1,0.000
1121,tab,0.046,0.000e0,-2153.695,1218.279,5664.317,A34,1,0.000,-2170.807,1235.584,5703.940,A34,1,0.000
1122,axial,0.007,0.000e0,-2132.032,1219.053,5655.242,A34,1,90,-2134.228,1215.401,5649.688,A34,2,90
1123,radial,0.024,0.000e0,-2134.228,1215.401,5649.688,A34,2,0.000,-2138.009,1196.736,5663.458,A34,2,0.000
1124,tab,0.047,0.000e0,-2138.009,1196.736,5663.458,A34,2,0.000,-2131.907,1190.817,5709.174,A34,2,0.000
1125,axial,0.007,0.000e0,-2134.228,1215.401,5649.688,A34,2,90,-2136.424,1211.749,5644.135,A34,3,90
1126,radial,0.024,0.000e0,-2136.424,1211.749,5644.135,A34,3,0.000,-2149.032,1230.238,5636.961,A34,3,0.000
1127,tab,0.047,0.000e0,-2149.032,1230.238,5636.961,A34,3,0.000,-2177.930,1249.791,5606.224,A34,3,0.000
1128,axial,0.007,0.000e0,-2136.424,1211.749,5644.135,A34,3,90,-2138.621,1208.097,5638.582,A34,4,90
1129,radial,0.024,0.000e0,-2138.621,1208.097,5638.582,A34,4,0.000,-2117.803,1197.250,5637.482,A34,4,0.000
1130,tab,0.046,0.000e0,-2117.803,1197.250,5637.482,A34,4,0.000,-2074.834,1190.792,5654.043,A34,4,0.000
1131,axial,0.009,0.000e0,-683.889,1191.017,6724.081,A35,0,90,-676.822,1185.816,6727.722,A35,1,90
1132,radial,0.024,0.000e0,-676.822,1185.816,6727.722,A35,1,0.000,-666.870,1205.315,6736.264,A35,1,0.000
1133,tab,0.046,0.000e0,-666.870,1205.315,6736.264,A35,1,0.000,-680.055,1249.844,6733.900,A35,1,0.000
1134,axial,0.007,0.000e0,-676.822,1185.816,6727.722,A35,1,90,-671.615,1181.983,6730.405,A35,2,90
1135,radial,0.023,0.000e0,-671.615,1181.983,6730.405,A35,2,0.000,-683.784,1162.367,6725.999,A35,2,0.000
1136,tab,0.046,0.000e0,-683.784,1162.367,6725.999,A35,2,0.000,-721.929,1141.484,6709.536,A35,2,0.000
1137,axial,0.007,0.000e0,-671.615,1181.983,6730.405,A35,2,90,-666.409,1178.150,6733.088,A35,3,90
1138,radial,0.023,0.000e0,-666.409,1178.150,6733.088,A35,3,0.000,-666.075,1191.929,6752.123,A35,3,0.000
1139,tab,0.046,0.000e0,-666.075,1191.929,6752.123,A35,3,0.000,-648.208,1202.810,6793.651,A35,3,0.000
1140,axial,0.007,0.000e0,-666.409,1178.150,6733.088,A35,3,90,-661.202,1174.318,6735.771,A35,4,90
1141,radial,0.024,0.000e0,-661.202,1174.318,6735.771,A35,4,0.000,-650.778,1173.740,6714.718,A35,4,0.000
1142,tab,0.046,0.000e0,-650.778,1173.740,6714.718,A35,4,0.000,-663.351,1192.205,6673.936,A35,4,0.000
1143,axial,0.009,0.000e0,-2168.833,2284.069,5958.891,A36,0,90,-2175.900,2289.270,5955.250,A36,1,90
1144,radial,0.024,0.000e0,-2175.900,2289.270,5955.250,A36,1,0.000,-2177.581,2301.137,5975.463,A36,1,0.000
1145,tab,0.046,0.000e0,-2177.581,2301.137,5975.463,A36,1,0.000,-2153.660,2297.326,6015.156,A36,1,0.000
1146,axial,0.007,0.000e0,-2175.900,2289.270,5955.250,A36,1,90,-2181.106,2293.103,5952.566,A36,2,90
1147,radial,0.023,0.000e0,-2181.106,2293.103,5952.566,A36,2,0.000,-2168.756,2312.689,5956.576,A36,2,0.000
1148,tab,0.047,0.000e0,-2168.756,2312.689,5956.576,A36,2,0.000,-2126.618,2318.900,5975.233,A36,2,0.000
1149,axial,0.007,0.000e0,-2181.106,2293.103,5952.566,A36,2,90,-2186.313,2296.936,5949.883,A36,3,90
1150,radial,0.023,0.000e0,-2186.313,2296.936,5949.883,A36,3,0.000,-2173.154,2301.577,5930.975,A36,3,0.000
1151,tab,0.046,0.000e0,-2173.154,2301.577,5930.975,A36,3,0.000,-2154.875,2315.853,5890.672,A36,3,0.000
1152,axial,0.007,0.000e0,-2186.313,2296.936,5949.883,A36,3,90,-2191.520,2300.768,5947.200,A36,4,90
1153,radial,0.024,0.000e0,-2191.520,2300.768,5947.200,A36,4,0.000,-2207.123,2284.998,5954.952,A36,4,0.000
1154,tab,0.047,0.000e0,-2207.123,2284.998,5954.952,A36,4,0.000,-2216.567,2245.244,5977.148,A36,4,0.000
1155,axial,0.010,0.000e0,-977.187,-1941.278,5520.641,B32,0,90,-982.902,-1940.186,5513.132,B32,1,90
1156,radial,0.023,0.000e0,-982.902,-1940.186,5513.132,B32,1,0.000,-973.343,-1919.136,5508.918,B32,1,0.000
1157,tab,0.047,0.000e0,-973.343,-1919.136,5508.918,B32,1,0.000,-940.319,-1908.489,5539.875,B32,1,0.000
1158,axial,0.007,0.000e0,-982.902,-1940.186,5513.132,B32,1,90,-987.113,-1939.381,5507.599,B32,2,90
1159,radial,0.023,0.000e0,-987.113,-1939.381,5507.599,B32,2,0.000,-994.928,-1919.084,5516.498,B32,2,0.000
1160,tab,0.046,0.000e0,-994.928,-1919.084,5516.498,B32,2,0.000,-983.959,-1896.769,5555.791,B32,2,0.000
1161,axial,0.007,0.000e0,-987.113,-1939.381,5507.599,B32,2,90,-991.325,-1938.577,5502.065,B32,3,90
1162,radial,0.024,0.000e0,-991.325,-1938.577,5502.065,B32,3,0.000,-972.724,-1939.686,5487.747,B32,3,0.000
1163,tab,0.047,0.000e0,-972.724,-1939.686,5487.747,B32,3,0.000,-942.537,-1940.722,5452.392,B32,3,0.000
1164,axial,0.007,0.000e0,-991.325,-1938.577,5502.065,B32,3,90,-995.536,-1937.772,5496.532,B32,4,90
1165,radial,0.023,0.000e0,-995.536,-1937.772,5496.532,B32,4,0.000,-1012.947,-1948.352,5508.244,B32,4,0.000
1166,tab,0.047,0.000e0,-1012.947,-1948.352,5508.244,B32,4,0.000,-1028.795,-1969.156,5546.693,B32,4,0.000
1167,axial,0.009,0.000e0,-49.129,-2938.780,6374.296,B41,0,90,-42.484,-2939.724,6381.019,B41,1,90
1168,radial,0.024,0.000e0,-42.484,-2939.724,6381.019,B41,1,0.000,-57.915,-2951.009,6394.686,B41,1,0.000
1169,tab,0.046,0.000e0,-57.915,-2951.009,6394.686,B41,1,0.000,-99.511,-2955.086,6374.304,B41,1,0.000
1170,axial,0.007,0.000e0,-42.484,-2939.724,6381.019,B41,1,90,-37.588,-2940.420,6385.974,B41,2,90
1171,radial,0.023,0.000e0,-37.588,-2940.420,6385.974,B41,2,0.000,-23.538,-2925.757,6374.148,B41,2,0.000
1172,tab,0.047,0.000e0,-23.538,-2925.757,6374.148,B41,2,0.000,-15.726,-2898.317,6337.429,B41,2,0.000
1173,axial,0.007,0.000e0,-37.588,-2940.420,6385.974,B41,2,90,-32.691,-2941.116,6390.927,B41,3,90
1174,radial,0.023,0.000e0,-32.691,-2941.116,6390.927,B41,3,0.000,-48.569,-2935.695,6407.382,B41,3,0.000
1175,tab,0.047,0.000e0,-48.569,-2935.695,6407.382,B41,3,0.000,-72.537,-2926.162,6446.072,B41,3,0.000
1176,axial,0.007,0.000e0,-32.691,-2941.116,6390.927,B41,3,90,-27.795,-2941.813,6395.881,B41,4,90
1177,radial,0.023,0.000e0,-27.795,-2941.813,6395.881,B41,4,0.000,-13.238,-2951.436,6380.141,B41,4,0.000
1178,tab,0.046,0.000e0,-13.238,-2951.436,6380.141,B41,4,0.000,-18.888,-2960.438,6334.872,B41,4,0.000
1179,axial,0.009,0.000e0,-1215.836,-2434.445,7254.354,B33,0,90,-1221.619,-2434.344,7261.890,B33,1,90
1180,radial,0.024,0.000e0,-1221.619,-2434.344,7261.890,B33,1,0.000,-1205.381,-2445.725,7274.502,B33,1,0.000
1181,tab,0.047,0.000e0,-1205.381,-2445.725,7274.502,B33,1,0.000,-1162.940,-2460.873,7263.033,B33,1,0.000
1182,axial,0.007,0.000e0,-1221.619,-2434.344,7261.890,B33,1,90,-1225.880,-2434.270,7267.443,B33,2,90
1183,radial,0.023,0.000e0,-1225.880,-2434.270,7267.443,B33,2,0.000,-1235.573,-2414.297,7259.737,B33,2,0.000
1184,tab,0.046,0.000e0,-1235.573,-2414.297,7259.737,B33,2,0.000,-1238.032,-2380.319,7228.088,B33,2,0.000
1185,axial,0.007,0.000e0,-1225.880,-2434.270,7267.443,B33,2,90,-1230.141,-2434.195,7272.997,B33,3,90
1186,radial,0.023,0.000e0,-1230.141,-2434.195,7272.997,B33,3,0.000,-1213.372,-2423.751,7285.723,B33,3,0.000
1187,tab,0.047,0.000e0,-1213.372,-2423.751,7285.723,B33,3,0.000,-1198.788,-2405.605,7325.977,B33,3,0.000
1188,axial,0.007,0.000e0,-1230.141,-2434.195,7272.997,B33,3,90,-1234.402,-2434.121,7278.550,B33,4,90
1189,radial,0.023,0.000e0,-1234.402,-2434.121,7278.550,B33,4,0.000,-1247.206,-2451.333,7268.957,B33,4,0.000
1190,tab,0.046,0.000e0,-1247.206,-2451.333,7268.957,B33,4,0.000,-1230.453,-2464.552,7227.643,B33,4,0.000
1191,axial,0.009,0.000e0,5.501,-2455.811,5662.577,B34,0,90,11.284,-2455.912,5655.041,B34,1,90
1192,radial,0.024,0.000e0,11.284,-2455.912,5655.041,B34,1,0.000,22.784,-2474.290,5664.111,B34,1,0.000
1193,tab,0.046,0.000e0,22.784,-2474.290,5664.111,B34,1,0.000,16.350,-2497.773,5703.727,B34,1,0.000
1194,axial,0.007,0.000e0,11.284,-2455.912,5655.041,B34,1,90,15.545,-2455.987,5649.487,B34,2,90
1195,radial,0.023,0.000e0,15.545,-2455.987,5649.487,B34,2,0.000,33.598,-2449.930,5663.258,B34,2,0.000
1196,tab,0.047,0.000e0,33.598,-2449.930,5663.258,B34,2,0.000,35.673,-2441.693,5708.976,B34,2,0.000
1197,axial,0.007,0.000e0,15.545,-2455.987,5649.487,B34,2,90,19.806,-2456.062,5643.934,B34,3,90
1198,radial,0.024,0.000e0,19.806,-2456.062,5643.934,B34,3,0.000,10.095,-2476.221,5636.753,B34,3,0.000
1199,tab,0.047,0.000e0,10.095,-2476.221,5636.753,B34,3,0.000,7.607,-2511.014,5606.005,B34,3,0.000
1200,axial,0.007,0.000e0,19.806,-2456.062,5643.934,B34,3,90,24.066,-2456.136,5638.380,B34,4,90
1201,radial,0.024,0.000e0,24.066,-2456.136,5638.380,B34,4,0.000,23.052,-2432.683,5637.288,B34,4,0.000
1202,tab,0.047,0.000e0,23.052,-2432.683,5637.288,B34,4,0.000,7.162,-2392.247,5653.859,B34,4,0.000
1203,axial,0.009,0.000e0,-688.473,-1187.976,6724.043,B35,0,90,-687.501,-1179.256,6727.686,B35,1,90
1204,radial,0.023,0.000e0,-687.501,-1179.256,6727.686,B35,1,0.000,-709.364,-1180.388,6736.229,B35,1,0.000
1205,tab,0.046,0.000e0,-709.364,-1180.388,6736.229,B35,1,0.000,-741.335,-1214.070,6733.862,B35,1,0.000
1206,axial,0.007,0.000e0,-687.501,-1179.256,6727.686,B35,1,90,-686.785,-1172.830,6730.370,B35,2,90
1207,radial,0.023,0.000e0,-686.785,-1172.830,6730.370,B35,2,0.000,-663.714,-1173.561,6725.963,B35,2,0.000
1208,tab,0.046,0.000e0,-663.714,-1173.561,6725.963,B35,2,0.000,-626.556,-1196.153,6709.497,B35,2,0.000
1209,axial,0.007,0.000e0,-686.785,-1172.830,6730.370,B35,2,90,-686.069,-1166.405,6733.054,B35,3,90
1210,radial,0.023,0.000e0,-686.069,-1166.405,6733.054,B35,3,0.000,-698.170,-1173.007,6752.086,B35,3,0.000
1211,tab,0.046,0.000e0,-698.170,-1173.007,6752.086,B35,3,0.000,-716.529,-1162.979,6793.615,B35,3,0.000
1212,axial,0.007,0.000e0,-686.069,-1166.405,6733.054,B35,3,90,-685.353,-1159.980,6735.738,B35,4,90
1213,radial,0.023,0.000e0,-685.353,-1159.980,6735.738,B35,4,0.000,-690.062,-1150.661,6714.685,B35,4,0.000
1214,tab,0.047,0.000e0,-690.062,-1150.661,6714.685,B35,4,0.000,-699.765,-1170.775,6673.899,B35,4,0.000
1215,axial,0.009,0.000e0,-892.673,-3020.370,5958.599,B36,0,90,-893.645,-3029.090,5954.957,B36,1,90
1216,radial,0.024,0.000e0,-893.645,-3029.090,5954.957,B36,1,0.000,-903.081,-3036.482,5975.169,B36,1,0.000
1217,tab,0.046,0.000e0,-903.081,-3036.482,5975.169,B36,1,0.000,-911.741,-3013.866,6014.865,B36,1,0.000
1218,axial,0.007,0.000e0,-893.645,-3029.090,5954.957,B36,1,90,-894.361,-3035.515,5952.272,B36,2,90
1219,radial,0.024,0.000e0,-894.361,-3035.515,5952.272,B36,2,0.000,-917.498,-3034.613,5956.286,B36,2,0.000
1220,tab,0.046,0.000e0,-917.498,-3034.613,5956.286,B36,2,0.000,-943.944,-3001.230,5974.952,B36,2,0.000
1221,axial,0.007,0.000e0,-894.361,-3035.515,5952.272,B36,2,90,-895.077,-3041.941,5949.588,B36,3,90
1222,radial,0.024,0.000e0,-895.077,-3041.941,5949.588,B36,3,0.000,-905.679,-3032.862,5930.682,B36,3,0.000
1223,tab,0.046,0.000e0,-905.679,-3032.862,5930.682,B36,3,0.000,-927.186,-3024.164,5890.383,B36,3,0.000
1224,axial,0.007,0.000e0,-895.077,-3041.941,5949.588,B36,3,90,-895.793,-3048.366,5946.905,B36,4,90
1225,radial,0.024,0.000e0,-895.793,-3048.366,5946.905,B36,4,0.000,-874.334,-3053.994,5954.654,B36,4,0.000
1226,tab,0.046,0.000e0,-874.334,-3053.994,5954.654,B36,4,0.000,-835.182,-3042.299,5976.849,B36,4,0.000
1227,axial,0.010,0.000e0,2170.859,124.488,5520.604,C32,0,90,2172.770,118.994,5513.094,C32,1,90
1228,radial,0.024,0.000e0,2172.770,118.994,5513.094,C32,1,0.000,2149.760,116.743,5508.884,C32,1,0.000
1229,tab,0.046,0.000e0,2149.760,116.743,5508.884,C32,1,0.000,2124.029,140.009,5539.849,C32,1,0.000
1230,axial,0.007,0.000e0,2172.770,118.994,5513.094,C32,1,90,2174.179,114.946,5507.560,C32,2,90
1231,radial,0.023,0.000e0,2174.179,114.946,5507.560,C32,2,0.000,2160.509,98.027,5516.457,C32,2,0.000
1232,tab,0.047,0.000e0,2160.509,98.027,5516.457,C32,2,0.000,2135.702,96.361,5555.751,C32,2,0.000
1233,axial,0.007,0.000e0,2174.179,114.946,5507.560,C32,2,90,2175.588,110.897,5502.025,C32,3,90
1234,radial,0.023,0.000e0,2175.588,110.897,5502.025,C32,3,0.000,2167.243,127.562,5487.711,C32,3,0.000
1235,tab,0.046,0.000e0,2167.243,127.562,5487.711,C32,3,0.000,2153.037,154.224,5452.362,C32,3,0.000
1236,axial,0.007,0.000e0,2175.588,110.897,5502.025,C32,3,90,2176.996,106.849,5496.492,C32,4,90
1237,radial,0.024,0.000e0,2176.996,106.849,5496.492,C32,4,0.000,2194.869,97.064,5508.200,C32,4,0.000
1238,tab,0.046,0.000e0,2194.869,97.064,5508.200,C32,4,0.000,2220.817,93.741,5546.643,C32,4,0.000
1239,axial,0.010,0.000e0,2570.631,1426.972,6374.346,C41,0,90,2568.127,1433.197,6381.072,C41,1,90
1240,radial,0.023,0.000e0,2568.127,1433.197,6381.072,C41,1,0.000,2585.616,1425.470,6394.734,C41,1,0.000
1241,tab,0.046,0.000e0,2585.616,1425.470,6394.734,C41,1,0.000,2609.940,1391.489,6374.341,C41,1,0.000
1242,axial,0.007,0.000e0,2568.127,1433.197,6381.072,C41,1,90,2566.283,1437.785,6386.027,C41,2,90
1243,radial,0.023,0.000e0,2566.283,1437.785,6386.027,C41,2,0.000,2546.555,1442.619,6374.208,C41,2,0.000
1244,tab,0.046,0.000e0,2546.555,1442.619,6374.208,C41,2,0.000,2518.875,1435.668,6337.497,C41,2,0.000
1245,axial,0.007,0.000e0,2566.283,1437.785,6386.027,C41,2,90,2564.438,1442.372,6390.982,C41,3,90
1246,radial,0.023,0.000e0,2564.438,1442.372,6390.982,C41,3,0.000,2567.683,1425.906,6407.432,C41,3,0.000
1247,tab,0.047,0.000e0,2567.683,1425.906,6407.432,C41,3,0.000,2571.415,1400.373,6446.115,C41,3,0.000
1248,axial,0.007,0.000e0,2564.438,1442.372,6390.982,C41,3,90,2562.594,1446.959,6395.938,C41,4,90
1249,radial,0.023,0.000e0,2562.594,1446.959,6395.938,C41,4,0.000,2563.643,1464.381,6380.201,C41,4,0.000
1250,tab,0.046,0.000e0,2563.643,1464.381,6380.201,C41,4,0.000,2574.253,1463.999,6334.929,C41,4,0.000
1251,axial,0.009,0.000e0,2717.358,164.081,7254.184,C33,0,90,2720.163,159.021,7261.719,C33,1,90
1252,radial,0.023,0.000e0,2720.163,159.021,7261.719,C33,1,0.000,2721.900,178.771,7274.334,C33,1,0.000
1253,tab,0.047,0.000e0,2721.900,178.771,7274.334,C33,1,0.000,2713.795,223.102,7262.876,C33,1,0.000
1254,axial,0.007,0.000e0,2720.163,159.021,7261.719,C33,1,90,2722.229,155.292,7267.271,C33,2,90
1255,radial,0.023,0.000e0,2722.229,155.292,7267.271,C33,2,0.000,2709.775,136.914,7259.565,C33,2,0.000
1256,tab,0.046,0.000e0,2709.775,136.914,7259.565,C33,2,0.000,2681.570,117.803,7227.919,C33,2,0.000
1257,axial,0.007,0.000e0,2722.229,155.292,7267.271,C33,2,90,2724.296,151.564,7272.823,C33,3,90
1258,radial,0.023,0.000e0,2724.296,151.564,7272.823,C33,3,0.000,2706.867,160.860,7285.554,C33,3,0.000
1259,tab,0.046,0.000e0,2706.867,160.860,7285.554,C33,3,0.000,2683.866,164.407,7325.811,C33,3,0.000
1260,axial,0.007,0.000e0,2724.296,151.564,7272.823,C33,3,90,2726.363,147.835,7278.375,C33,4,90
1261,radial,0.023,0.000e0,2726.363,147.835,7278.375,C33,4,0.000,2747.671,145.359,7268.781,C33,4,0.000
1262,tab,0.047,0.000e0,2747.671,145.359,7268.781,C33,4,0.000,2750.737,166.487,7227.471,C33,4,0.000
1263,axial,0.009,0.000e0,2124.941,1232.798,5662.708,C34,0,90,2122.136,1237.859,5655.172,C34,1,90
1264,radial,0.024,0.000e0,2122.136,1237.859,5655.172,C34,1,0.000,2132.303,1257.005,5664.245,C34,1,0.000
1265,tab,0.046,0.000e0,2132.303,1257.005,5664.245,C34,1,0.000,2155.862,1263.167,5703.858,C34,1,0.000
1266,axial,0.007,0.000e0,2122.136,1237.859,5655.172,C34,1,90,2120.070,1241.587,5649.620,C34,2,90
1267,radial,0.023,0.000e0,2120.070,1241.587,5649.620,C34,2,0.000,2105.799,1254.190,5663.396,C34,2,0.000
1268,tab,0.046,0.000e0,2105.799,1254.190,5663.396,C34,2,0.000,2097.635,1251.858,5709.114,C34,2,0.000
1269,axial,0.007,0.000e0,2120.070,1241.587,5649.620,C34,2,90,2118.003,1245.315,5644.068,C34,3,90
1270,radial,0.024,0.000e0,2118.003,1245.315,5644.068,C34,3,0.000,2140.315,1246.988,5636.885,C34,3,0.000
1271,tab,0.046,0.000e0,2140.315,1246.988,5636.885,C34,3,0.000,2171.687,1262.239,5606.136,C34,3,0.000
1272,axial,0.007,0.000e0,2118.003,1245.315,5644.068,C34,3,90,2115.936,1249.044,5638.516,C34,4,90
1273,radial,0.024,0.000e0,2115.936,1249.044,5638.516,C34,4,0.000,2096.133,1236.438,5637.421,C34,4,0.000
1274,tab,0.047,0.000e0,2096.133,1236.438,5637.421,C34,4,0.000,2069.064,1202.452,5653.988,C34,4,0.000
1275,axial,0.010,0.000e0,1374.173,-2.433,6724.040,C35,0,90,1366.136,-5.953,6727.683,C35,1,90
1276,radial,0.024,0.000e0,1366.136,-5.953,6727.683,C35,1,0.000,1378.052,-24.320,6736.223,C35,1,0.000
1277,tab,0.047,0.000e0,1378.052,-24.320,6736.223,C35,1,0.000,1423.209,-35.158,6733.852,C35,1,0.000
1278,axial,0.007,0.000e0,1366.136,-5.953,6727.683,C35,1,90,1360.214,-8.547,6730.367,C35,2,90
1279,radial,0.024,0.000e0,1360.214,-8.547,6730.367,C35,2,0.000,1349.308,11.798,6725.966,C35,2,0.000
1280,tab,0.047,0.000e0,1349.308,11.798,6725.966,C35,2,0.000,1350.286,55.278,6709.508,C35,2,0.000
1281,axial,0.007,0.000e0,1360.214,-8.547,6730.367,C35,2,90,1354.293,-11.141,6733.051,C35,3,90
1282,radial,0.023,0.000e0,1354.293,-11.141,6733.051,C35,3,0.000,1366.063,-18.317,6752.083,C35,3,0.000
1283,tab,0.047,0.000e0,1366.063,-18.317,6752.083,C35,3,0.000,1366.564,-39.231,6793.611,C35,3,0.000
1284,axial,0.007,0.000e0,1354.293,-11.141,6733.051,C35,3,90,1348.371,-13.734,6735.735,C35,4,90
1285,radial,0.023,0.000e0,1348.371,-13.734,6735.735,C35,4,0.000,1342.655,-22.471,6714.682,C35,4,0.000
1286,tab,0.047,0.000e0,1342.655,-22.471,6714.682,C35,4,0.000,1364.923,-20.809,6673.895,C35,4,0.000
1287,axial,0.010,0.000e0,3063.013,737.320,5958.521,C36,0,90,3071.049,740.840,5954.878,C36,1,90
1288,radial,0.024,0.000e0,3071.049,740.840,5954.878,C36,1,0.000,3082.172,736.360,5975.088,C36,1,0.000
1289,tab,0.046,0.000e0,3082.172,736.360,5975.088,C36,1,0.000,3066.924,717.540,6014.781,C36,1,0.000
1290,axial,0.007,0.000e0,3071.049,740.840,5954.878,C36,1,90,3076.971,743.434,5952.194,C36,2,90
1291,radial,0.024,0.000e0,3076.971,743.434,5952.194,C36,2,0.000,3087.761,722.946,5956.200,C36,2,0.000
1292,tab,0.047,0.000e0,3087.761,722.946,5956.200,C36,2,0.000,3072.080,683.344,5974.856,C36,2,0.000
1293,axial,0.007,0.000e0,3076.971,743.434,5952.194,C36,2,90,3082.893,746.028,5949.510,C36,3,90
1294,radial,0.023,0.000e0,3082.893,746.028,5949.510,C36,3,0.000,3080.328,732.314,5930.600,C36,3,0.000
1295,tab,0.047,0.000e0,3080.328,732.314,5930.600,C36,3,0.000,3083.544,709.352,5890.292,C36,3,0.000
1296,axial,0.007,0.000e0,3082.893,746.028,5949.510,C36,3,90,3088.814,748.622,5946.826,C36,4,90
1297,radial,0.023,0.000e0,3088.814,748.622,5946.826,C36,4,0.000,3082.957,770.018,5954.580,C36,4,0.000
1298,tab,0.046,0.000e0,3082.957,770.018,5954.580,C36,4,0.000,3053.251,798.069,5976.782,C36,4,0.000
1299,axial,0.010,0.000e0,-1668.900,2598.987,4992.038,A42,0,90,-1664.762,2604.270,4985.314,A42,1,90
1300,radial,0.023,0.000e0,-1664.762,2604.270,4985.314,A42,1,0.000,-1666.815,2623.276,4998.982,A42,1,0.000
1301,tab,0.046,0.000e0,-1666.815,2623.276,4998.982,A42,1,0.000,-1687.117,2613.387,5039.630,A42,1,0.000
1302,axial,0.007,0.000e0,-1664.762,2604.270,4985.314,A42,1,90,-1661.712,2608.163,4980.359,A42,2,90
1303,radial,0.023,0.000e0,-1661.712,2608.163,4980.359,A42,2,0.000,-1650.577,2589.123,4972.252,A42,2,0.000
1304,tab,0.047,0.000e0,-1650.577,2589.123,4972.252,A42,2,0.000,-1661.103,2551.033,4996.760,A42,2,0.000
1305,axial,0.007,0.000e0,-1661.712,2608.163,4980.359,A42,2,90,-1658.663,2612.056,4975.404,A42,3,90
1306,radial,0.024,0.000e0,-1658.663,2612.056,4975.404,A42,3,0.000,-1670.903,2600.644,4958.906,A42,3,0.000
1307,tab,0.046,0.000e0,-1670.903,2600.644,4958.906,A42,3,0.000,-1690.382,2583.932,4920.130,A42,3,0.000
1308,axial,0.007,0.000e0,-1658.663,2612.056,4975.404,A42,3,90,-1655.614,2615.948,4970.450,A42,4,90
1309,radial,0.023,0.000e0,-1655.614,2615.948,4970.450,A42,4,0.000,-1639.428,2623.006,4985.956,A42,4,0.000
1310,tab,0.047,0.000e0,-1639.428,2623.006,4985.956,A42,4,0.000,-1633.701,2612.652,5030.925,A42,4,0.000
1311,axial,0.010,0.000e0,-1870.688,1775.398,5489.918,A51,0,90,-1868.721,1773.588,5499.034,A51,1,90
1312,radial,0.024,0.000e0,-1868.721,1773.588,5499.034,A51,1,0.000,-1853.264,1757.161,5492.437,A51,1,0.000
1313,tab,0.046,0.000e0,-1853.264,1757.161,5492.437,A51,1,0.000,-1831.590,1733.444,5458.822,A51,1,0.000
1314,axial,0.007,0.000e0,-1868.721,1773.588,5499.034,A51,1,90,-1867.271,1772.254,5505.751,A51,2,90
1315,radial,0.023,0.000e0,-1867.271,1772.254,5505.751,A51,2,0.000,-1889.897,1767.231,5509.635,A51,2,0.000
1316,tab,0.046,0.000e0,-1889.897,1767.231,5509.635,A51,2,0.000,-1933.483,1763.054,5493.980,A51,2,0.000
1317,axial,0.007,0.000e0,-1867.271,1772.254,5505.751,A51,2,90,-1865.822,1770.920,5512.468,A51,3,90
1318,radial,0.024,0.000e0,-1865.822,1770.920,5512.468,A51,3,0.000,-1856.099,1792.208,5514.598,A51,3,0.000
1319,tab,0.047,0.000e0,-1856.099,1792.208,5514.598,A51,3,0.000,-1844.252,1833.118,5495.938,A51,3,0.000
1320,axial,0.009,0.000e0,-1226.075,1102.329,6027.387,A43,0,90,-1218.507,1099.258,6032.238,A43,1,90
1321,radial,0.023,0.000e0,-1218.507,1099.258,6032.238,A43,1,0.000,-1231.822,1082.961,6042.694,A43,1,0.000
1322,tab,0.047,0.000e0,-1231.822,1082.961,6042.694,A43,1,0.000,-1276.041,1084.819,6028.429,A43,1,0.000
1323,axial,0.007,0.000e0,-1218.507,1099.258,6032.238,A43,1,90,-1212.930,1096.995,6035.813,A43,2,90
1324,radial,0.024,0.000e0,-1212.930,1096.995,6035.813,A43,2,0.000,-1200.770,1095.307,6015.774,A43,2,0.000
1325,tab,0.047,0.000e0,-1200.770,1095.307,6015.774,A43,2,0.000,-1212.944,1104.461,5971.839,A43,2,0.000
1326,axial,0.007,0.000e0,-1212.930,1096.995,6035.813,A43,2,90,-1207.353,1094.732,6039.387,A43,3,90
1327,radial,0.024,0.000e0,-1207.353,1094.732,6039.387,A43,3,0.000,-1221.551,1084.164,6054.847,A43,3,0.000
1328,tab,0.046,0.000e0,-1221.551,1084.164,6054.847,A43,3,0.000,-1241.328,1060.584,6089.705,A43,3,0.000
1329,axial,0.007,0.000e0,-1207.353,1094.732,6039.387,A43,3,90,-1201.776,1092.469,6042.962,A43,4,90
1330,radial,0.024,0.000e0,-1201.776,1092.469,6042.962,A43,4,0.000,-1189.075,1110.312,6034.443,A43,4,0.000
1331,tab,0.046,0.000e0,-1189.075,1110.312,6034.443,A43,4,0.000,-1185.833,1148.404,6007.972,A43,4,0.000
1332,axial,0.010,0.000e0,-2749.494,1720.516,5050.893,A44,0,90,-2757.062,1723.587,5046.042,A44,1,90
1333,radial,0.023,0.000e0,-2757.062,1723.587,5046.042,A44,1,0.000,-2770.378,1707.290,5056.498,A44,1,0.000
1334,tab,0.047,0.000e0,-2770.378,1707.290,5056.498,A44,1,0.000,-2745.900,1681.271,5086.266,A44,1,0.000
1335,axial,0.007,0.000e0,-2757.062,1723.587,5046.042,A44,1,90,-2762.639,1725.850,5042.467,A44,2,90
1336,radial,0.023,0.000e0,-2762.639,1725.850,5042.467,A44,2,0.000,-2753.016,1747.239,5040.995,A44,2,0.000
1337,tab,0.047,0.000e0,-2753.016,1747.239,5040.995,A44,2,0.000,-2711.535,1749.155,5061.921,A44,2,0.000
1338,axial,0.007,0.000e0,-2762.639,1725.850,5042.467,A44,2,90,-2768.216,1728.113,5038.892,A44,3,90
1339,radial,0.023,0.000e0,-2768.216,1728.113,5038.892,A44,3,0.000,-2754.475,1732.774,5020.407,A44,3,0.000
1340,tab,0.047,0.000e0,-2754.475,1732.774,5020.407,A44,3,0.000,-2735.583,1744.921,4979.690,A44,3,0.000
1341,axial,0.007,0.000e0,-2768.216,1728.113,5038.892,A44,3,90,-2773.793,1730.376,5035.317,A44,4,90
1342,radial,0.024,0.000e0,-2773.793,1730.376,5035.317,A44,4,0.000,-2785.792,1732.539,5055.407,A44,4,0.000
1343,tab,0.046,0.000e0,-2785.792,1732.539,5055.407,A44,4,0.000,-2773.410,1724.002,5099.408,A44,4,0.000
1344,axial,0.010,0.000e0,-1384.085,2383.775,6307.667,A45,0,90,-1383.621,2388.943,6315.625,A45,1,90
1345,radial,0.023,0.000e0,-1383.621,2388.943,6315.625,A45,1,0.000,-1360.574,2384.596,6317.104,A45,1,0.000
1346,tab,0.047,0.000e0,-1360.574,2384.596,6317.104,A45,1,0.000,-1345.596,2357.923,6282.083,A45,1,0.000
1347,axial,0.007,0.000e0,-1383.621,2388.943,6315.625,A45,1,90,-1383.279,2392.750,6321.488,A45,2,90
1348,radial,0.024,0.000e0,-1383.279,2392.750,6321.488,A45,2,0.000,-1406.529,2396.076,6320.685,A45,2,0.000
1349,tab,0.046,0.000e0,-1406.529,2396.076,6320.685,A45,2,0.000,-1447.505,2389.128,6299.831,A45,2,0.000
1350,axial,0.007,0.000e0,-1383.279,2392.750,6321.488,A45,2,90,-1382.937,2396.558,6327.353,A45,3,90
1351,radial,0.023,0.000e0,-1382.937,2396.558,6327.353,A45,3,0.000,-1366.389,2382.139,6335.750,A45,3,0.000
1352,tab,0.046,0.000e0,-1366.389,2382.139,6335.750,A45,3,0.000,-1333.889,2359.491,6360.102,A45,3,0.000
1353,axial,0.007,0.000e0,-1382.937,2396.558,6327.353,A45,3,90,-1382.595,2400.365,6333.216,A45,4,90
1354,radial,0.023,0.000e0,-1382.595,2400.365,6333.216,A45,4,0.000,-1388.575,2419.584,6321.086,A45,4,0.000
1355,tab,0.047,0.000e0,-1388.575,2419.584,6321.086,A45,4,0.000,-1398.052,2425.443,6275.940,A45,4,0.000
1356,axial,0.010,0.000e0,-1477.769,1340.375,4700.750,A46,0,90,-1478.233,1335.208,4692.792,A46,1,90
1357,radial,0.024,0.000e0,-1478.233,1335.208,4692.792,A46,1,0.000,-1501.449,1332.926,4695.627,A46,1,0.000
1358,tab,0.047,0.000e0,-1501.449,1332.926,4695.627,A46,1,0.000,-1516.553,1354.685,4733.845,A46,1,0.000
1359,axial,0.007,0.000e0,-1478.233,1335.208,4692.792,A46,1,90,-1478.575,1331.400,4686.928,A46,2,90
1360,radial,0.023,0.000e0,-1478.575,1331.400,4686.928,A46,2,0.000,-1455.528,1327.053,4688.406,A46,2,0.000
1361,tab,0.046,0.000e0,-1455.528,1327.053,4688.406,A46,2,0.000,-1436.339,1347.283,4725.619,A46,2,0.000
1362,axial,0.007,0.000e0,-1478.575,1331.400,4686.928,A46,2,90,-1478.917,1327.593,4681.063,A46,3,90
1363,radial,0.023,0.000e0,-1478.917,1327.593,4681.063,A46,3,0.000,-1491.622,1344.503,4670.824,A46,3,0.000
1364,tab,0.047,0.000e0,-1491.622,1344.503,4670.824,A46,3,0.000,-1516.685,1371.975,4642.906,A46,3,0.000
1365,axial,0.007,0.000e0,-1478.917,1327.593,4681.063,A46,3,90,-1479.259,1323.785,4675.200,A46,4,90
1366,radial,0.024,0.000e0,-1479.259,1323.785,4675.200,A46,4,0.000,-1474.203,1304.403,4687.490,A46,4,0.000
1367,tab,0.047,0.000e0,-1474.203,1304.403,4687.490,A46,4,0.000,-1465.926,1298.332,4732.843,A46,4,0.000
1368,axial,0.009,0.000e0,-1415.497,-2744.516,4991.867,B42,0,90,-1422.142,-2743.572,4985.144,B42,1,90
1369,radial,0.024,0.000e0,-1422.142,-2743.572,4985.144,B42,1,0.000,-1437.573,-2754.856,4998.811,B42,1,0.000
1370,tab,0.047,0.000e0,-1437.573,-2754.856,4998.811,B42,1,0.000,-1418.854,-2767.509,5039.453,B42,1,0.000
1371,axial,0.007,0.000e0,-1422.142,-2743.572,4985.144,B42,1,90,-1427.038,-2742.875,4980.190,B42,2,90
1372,radial,0.023,0.000e0,-1427.038,-2742.875,4980.190,B42,2,0.000,-1416.115,-2723.711,4972.087,B42,2,0.000
1373,tab,0.047,0.000e0,-1416.115,-2723.711,4972.087,B42,2,0.000,-1377.861,-2713.793,4996.592,B42,2,0.000
1374,axial,0.007,0.000e0,-1427.038,-2742.875,4980.190,B42,2,90,-1431.934,-2742.179,4975.236,B42,3,90
1375,radial,0.024,0.000e0,-1431.934,-2742.179,4975.236,B42,3,0.000,-1415.934,-2747.073,4958.734,B42,3,0.000
1376,tab,0.046,0.000e0,-1415.934,-2747.073,4958.734,B42,3,0.000,-1391.729,-2755.582,4919.953,B42,3,0.000
1377,axial,0.007,0.000e0,-1431.934,-2742.179,4975.236,B42,3,90,-1436.831,-2741.483,4970.282,B42,4,90
1378,radial,0.024,0.000e0,-1436.831,-2741.483,4970.282,B42,4,0.000,-1451.032,-2730.994,4985.792,B42,4,0.000
1379,tab,0.046,0.000e0,-1451.032,-2730.994,4985.792,B42,4,0.000,-1444.919,-2720.868,5030.763,B42,4,0.000
1380,axial,0.010,0.000e0,-340.505,-1613.040,6027.313,B43,0,90,-341.628,-1604.950,6032.167,B43,1,90
1381,radial,0.024,0.000e0,-341.628,-1604.950,6032.167,B43,1,0.000,-320.857,-1608.339,6042.622,B43,1,0.000
1382,tab,0.047,0.000e0,-320.857,-1608.339,6042.622,B43,1,0.000,-300.363,-1647.563,6028.347,B43,1,0.000
1383,axial,0.007,0.000e0,-341.628,-1604.950,6032.167,B43,1,90,-342.456,-1598.990,6035.742,B43,2,90
1384,radial,0.023,0.000e0,-342.456,-1598.990,6035.742,B43,2,0.000,-347.075,-1587.611,6015.707,B43,2,0.000
1385,tab,0.047,0.000e0,-347.075,-1587.611,6015.707,B43,2,0.000,-348.922,-1602.721,5971.769,B43,2,0.000
1386,axial,0.007,0.000e0,-342.456,-1598.990,6035.742,B43,2,90,-343.283,-1593.029,6039.318,B43,3,90
1387,radial,0.023,0.000e0,-343.283,-1593.029,6039.318,B43,3,0.000,-327.033,-1600.047,6054.776,B43,3,0.000
1388,tab,0.046,0.000e0,-327.033,-1600.047,6054.776,B43,3,0.000,-296.724,-1605.397,6089.632,B43,3,0.000
1389,axial,0.007,0.000e0,-343.283,-1593.029,6039.318,B43,3,90,-344.111,-1587.069,6042.895,B43,4,90
1390,radial,0.024,0.000e0,-344.111,-1587.069,6042.895,B43,4,0.000,-365.913,-1584.985,6034.376,B43,4,0.000
1391,tab,0.046,0.000e0,-365.913,-1584.985,6034.376,B43,4,0.000,-400.527,-1601.213,6007.904,B43,4,0.000
1392,axial,0.010,0.000e0,-114.456,-3241.298,5050.451,B44,0,90,-113.333,-3249.387,5045.598,B44,1,90
1393,radial,0.024,0.000e0,-113.333,-3249.387,5045.598,B44,1,0.000,-92.561,-3252.776,5056.053,B44,1,0.000
1394,tab,0.047,0.000e0,-92.561,-3252.776,5056.053,B44,1,0.000,-82.261,-3218.577,5085.828,B44,1,0.000
1395,axial,0.007,0.000e0,-113.333,-3249.387,5045.598,B44,1,90,-112.505,-3255.348,5042.022,B44,2,90
1396,radial,0.023,0.000e0,-112.505,-3255.348,5042.022,B44,2,0.000,-135.840,-3257.706,5040.553,B44,2,0.000
1397,tab,0.046,0.000e0,-135.840,-3257.706,5040.553,B44,2,0.000,-158.234,-3222.743,5061.489,B44,2,0.000
1398,axial,0.007,0.000e0,-112.505,-3255.348,5042.022,B44,2,90,-111.678,-3261.308,5038.446,B44,3,90
1399,radial,0.024,0.000e0,-111.678,-3261.308,5038.446,B44,3,0.000,-122.586,-3251.735,5019.963,B44,3,0.000
1400,tab,0.047,0.000e0,-122.586,-3251.735,5019.963,B44,3,0.000,-142.555,-3241.436,4979.252,B44,3,0.000
1401,axial,0.007,0.000e0,-111.678,-3261.308,5038.446,B44,3,90,-110.850,-3267.269,5034.870,B44,4,90
1402,radial,0.024,0.000e0,-110.850,-3267.269,5034.870,B44,4,0.000,-106.723,-3278.747,5054.957,B44,4,0.000
1403,tab,0.046,0.000e0,-106.723,-3278.747,5054.957,B44,4,0.000,-105.513,-3263.764,5098.960,B44,4,0.000
1404,axial,0.009,0.000e0,-1371.198,-2390.542,6307.567,B45,0,90,-1375.903,-2392.726,6315.526,B45,1,90
1405,radial,0.024,0.000e0,-1375.903,-2392.726,6315.526,B45,1,0.000,-1383.664,-2370.594,6317.008,B45,1,0.000
1406,tab,0.047,0.000e0,-1383.664,-2370.594,6317.008,B45,1,0.000,-1368.060,-2344.281,6281.989,B45,1,0.000
1407,axial,0.007,0.000e0,-1375.903,-2392.726,6315.526,B45,1,90,-1379.371,-2394.334,6321.391,B45,2,90
1408,radial,0.024,0.000e0,-1379.371,-2394.334,6321.391,B45,2,0.000,-1370.630,-2416.133,6320.579,B45,2,0.000
1409,tab,0.046,0.000e0,-1370.630,-2416.133,6320.579,B45,2,0.000,-1344.135,-2448.145,6299.711,B45,2,0.000
1410,axial,0.007,0.000e0,-1379.371,-2394.334,6321.391,B45,2,90,-1382.838,-2395.943,6327.255,B45,3,90
1411,radial,0.024,0.000e0,-1382.838,-2395.943,6327.255,B45,3,0.000,-1378.626,-2374.403,6335.654,B45,3,0.000
1412,tab,0.047,0.000e0,-1378.626,-2374.403,6335.654,B45,3,0.000,-1375.261,-2334.936,6360.011,B45,3,0.000
1413,axial,0.007,0.000e0,-1382.838,-2395.943,6327.255,B45,3,90,-1386.306,-2397.552,6333.119,B45,4,90
1414,radial,0.024,0.000e0,-1386.306,-2397.552,6333.119,B45,4,0.000,-1399.964,-2412.335,6320.988,B45,4,0.000
1415,tab,0.046,0.000e0,-1399.964,-2412.335,6320.988,B45,4,0.000,-1400.310,-2423.461,6275.840,B45,4,0.000
1416,axial,0.009,0.000e0,-421.018,-1949.728,4700.591,B46,0,90,-416.312,-1947.545,4692.633,B46,1,90
1417,radial,0.024,0.000e0,-416.312,-1947.545,4692.633,B46,1,0.000,-402.729,-1966.512,4695.461,B46,1,0.000
1418,tab,0.046,0.000e0,-402.729,-1966.512,4695.461,B46,1,0.000,-414.017,-1990.479,4733.676,B46,1,0.000
1419,axial,0.007,0.000e0,-416.312,-1947.545,4692.633,B46,1,90,-412.844,-1945.936,4686.768,B46,2,90
1420,radial,0.023,0.000e0,-412.844,-1945.936,4686.768,B46,2,0.000,-420.605,-1923.804,4688.250,B46,2,0.000
1421,tab,0.047,0.000e0,-420.605,-1923.804,4688.250,B46,2,0.000,-447.714,-1917.307,4725.468,B46,2,0.000
1422,axial,0.007,0.000e0,-412.844,-1945.936,4686.768,B46,2,90,-409.377,-1944.328,4680.904,B46,3,90
1423,radial,0.023,0.000e0,-409.377,-1944.328,4680.904,B46,3,0.000,-417.673,-1963.783,4670.662,B46,3,0.000
1424,tab,0.046,0.000e0,-417.673,-1963.783,4670.662,B46,3,0.000,-428.940,-1999.218,4642.739,B46,3,0.000
1425,axial,0.007,0.000e0,-409.377,-1944.328,4680.904,B46,3,90,-405.910,-1942.719,4675.040,B46,4,90
1426,radial,0.024,0.000e0,-405.910,-1942.719,4675.040,B46,4,0.000,-391.649,-1928.653,4687.330,B46,4,0.000
1427,tab,0.047,0.000e0,-391.649,-1928.653,4687.330,B46,4,0.000,-390.521,-1918.459,4732.685,B46,4,0.000
1428,axial,0.010,0.000e0,3085.346,146.854,4991.500,C42,0,90,3087.850,140.629,4984.774,C42,1,90
1429,radial,0.023,0.000e0,3087.850,140.629,4984.774,C42,1,0.000,3105.339,132.901,4998.437,C42,1,0.000
1430,tab,0.047,0.000e0,3105.339,132.901,4998.437,C42,1,0.000,3106.942,155.427,5039.085,C42,1,0.000
1431,axial,0.007,0.000e0,3087.850,140.629,4984.774,C42,1,90,3089.694,136.041,4979.819,C42,2,90
1432,radial,0.023,0.000e0,3089.694,136.041,4979.819,C42,2,0.000,3067.634,135.919,4971.721,C42,2,0.000
1433,tab,0.047,0.000e0,3067.634,135.919,4971.721,C42,2,0.000,3039.922,164.082,4996.239,C42,2,0.000
1434,axial,0.007,0.000e0,3089.694,136.041,4979.819,C42,2,90,3091.538,131.454,4974.864,C42,3,90
1435,radial,0.023,0.000e0,3091.538,131.454,4974.864,C42,3,0.000,3087.771,147.760,4958.366,C42,3,0.000
1436,tab,0.046,0.000e0,3087.771,147.760,4958.366,C42,3,0.000,3083.025,172.985,4919.592,C42,3,0.000
1437,axial,0.007,0.000e0,3091.538,131.454,4974.864,C42,3,90,3093.383,126.867,4969.908,C42,4,90
1438,radial,0.024,0.000e0,3093.383,126.867,4969.908,C42,4,0.000,3091.410,109.321,4985.417,C42,4,0.000
1439,tab,0.047,0.000e0,3091.410,109.321,4985.417,C42,4,0.000,3079.602,109.541,5030.392,C42,4,0.000
1440,axial,0.010,0.000e0,1568.329,511.583,6027.493,C43,0,90,1561.888,506.564,6032.347,C43,1,90
1441,radial,0.023,0.000e0,1561.888,506.564,6032.347,C43,1,0.000,1554.435,526.243,6042.807,C43,1,0.000
1442,tab,0.047,0.000e0,1554.435,526.243,6042.807,C43,1,0.000,1578.145,563.610,6028.532,C43,1,0.000
1443,axial,0.007,0.000e0,1561.888,506.564,6032.347,C43,1,90,1557.141,502.865,6035.923,C43,2,90
1444,radial,0.023,0.000e0,1557.141,502.865,6035.923,C43,2,0.000,1549.592,493.178,6015.888,C43,2,0.000
1445,tab,0.046,0.000e0,1549.592,493.178,6015.888,C43,2,0.000,1563.587,499.145,5971.948,C43,2,0.000
1446,axial,0.007,0.000e0,1557.141,502.865,6035.923,C43,2,90,1552.395,499.166,6039.500,C43,3,90
1447,radial,0.023,0.000e0,1552.395,499.166,6039.500,C43,3,0.000,1550.345,516.747,6054.959,C43,3,0.000
1448,tab,0.046,0.000e0,1550.345,516.747,6054.959,C43,3,0.000,1539.823,545.665,6089.819,C43,3,0.000
1449,axial,0.007,0.000e0,1552.395,499.166,6039.500,C43,3,90,1547.648,495.468,6043.077,C43,4,90
1450,radial,0.024,0.000e0,1547.648,495.468,6043.077,C43,4,0.000,1556.748,475.548,6034.553,C43,4,0.000
1451,tab,0.047,0.000e0,1556.748,475.548,6034.553,C43,4,0.000,1588.105,453.697,6008.067,C43,4,0.000
1452,axial,0.010,0.000e0,2864.934,1521.920,5050.435,C44,0,90,2871.376,1526.939,5045.581,C44,1,90
1453,radial,0.023,0.000e0,2871.376,1526.939,5045.581,C44,1,0.000,2863.924,1546.619,5056.041,C44,1,0.000
1454,tab,0.047,0.000e0,2863.924,1546.619,5056.041,C44,1,0.000,2829.166,1538.427,5085.824,C44,1,0.000
1455,axial,0.007,0.000e0,2871.376,1526.939,5045.581,C44,1,90,2876.122,1530.638,5042.003,C44,2,90
1456,radial,0.023,0.000e0,2876.122,1530.638,5042.003,C44,2,0.000,2889.835,1511.611,5040.526,C44,2,0.000
1457,tab,0.047,0.000e0,2889.835,1511.611,5040.526,C44,2,0.000,2870.765,1474.727,5061.460,C44,2,0.000
1458,axial,0.007,0.000e0,2876.122,1530.638,5042.003,C44,2,90,2880.869,1534.336,5038.427,C44,3,90
1459,radial,0.024,0.000e0,2880.869,1534.336,5038.427,C44,3,0.000,2878.029,1520.105,5019.943,C44,3,0.000
1460,tab,0.047,0.000e0,2878.029,1520.105,5019.943,C44,3,0.000,2879.087,1497.670,4979.227,C44,3,0.000
1461,axial,0.007,0.000e0,2880.869,1534.336,5038.427,C44,3,90,2885.615,1538.035,5034.851,C44,4,90
1462,radial,0.023,0.000e0,2885.615,1538.035,5034.851,C44,4,0.000,2893.494,1547.347,5054.937,C44,4,0.000
1463,tab,0.046,0.000e0,2893.494,1547.347,5054.937,C44,4,0.000,2879.927,1540.894,5098.942,C44,4,0.000
1464,axial,0.010,0.000e0,2757.215,7.771,6307.274,C45,0,90,2761.461,4.786,6315.231,C45,1,90
1465,radial,0.023,0.000e0,2761.461,4.786,6315.231,C45,1,0.000,2746.176,-13.002,6316.714,C45,1,0.000
1466,tab,0.047,0.000e0,2746.176,-13.002,6316.714,C45,1,0.000,2715.574,-12.638,6281.704,C45,1,0.000
1467,axial,0.007,0.000e0,2761.461,4.786,6315.231,C45,1,90,2764.590,2.586,6321.094,C45,2,90
1468,radial,0.024,0.000e0,2764.590,2.586,6321.094,C45,2,0.000,2779.091,21.060,6320.287,C45,2,0.000
1469,tab,0.046,0.000e0,2779.091,21.060,6320.287,C45,2,0.000,2793.549,60.026,6299.432,C45,2,0.000
1470,axial,0.007,0.000e0,2764.590,2.586,6321.094,C45,2,90,2767.719,0.386,6326.956,C45,3,90
1471,radial,0.023,0.000e0,2767.719,0.386,6326.956,C45,3,0.000,2746.962,-6.739,6335.360,C45,3,0.000
1472,tab,0.047,0.000e0,2746.962,-6.739,6335.360,C45,3,0.000,2711.109,-23.568,6359.724,C45,3,0.000
1473,axial,0.007,0.000e0,2767.719,0.386,6326.956,C45,3,90,2770.848,-1.814,6332.819,C45,4,90
1474,radial,0.024,0.000e0,2770.848,-1.814,6332.819,C45,4,0.000,2790.476,-6.245,6320.681,C45,4,0.000
1475,tab,0.046,0.000e0,2790.476,-6.245,6320.681,C45,4,0.000,2800.271,-0.969,6275.531,C45,4,0.000
1476,axial,0.010,0.000e0,1899.805,610.616,4700.711,C46,0,90,1895.558,613.602,4692.754,C46,1,90
1477,radial,0.023,0.000e0,1895.558,613.602,4692.754,C46,1,0.000,1905.191,634.849,4695.586,C46,1,0.000
1478,tab,0.046,0.000e0,1905.191,634.849,4695.586,C46,1,0.000,1931.602,637.049,4733.794,C46,1,0.000
1479,axial,0.007,0.000e0,1895.558,613.602,4692.754,C46,1,90,1892.430,615.802,4686.892,C46,2,90
1480,radial,0.023,0.000e0,1892.430,615.802,4686.892,C46,2,0.000,1877.144,598.014,4688.375,C46,2,0.000
1481,tab,0.046,0.000e0,1877.144,598.014,4688.375,C46,2,0.000,1885.085,571.280,4725.583,C46,2,0.000
1482,axial,0.007,0.000e0,1892.430,615.802,4686.892,C46,2,90,1889.301,618.002,4681.029,C46,3,90
1483,radial,0.024,0.000e0,1889.301,618.002,4681.029,C46,3,0.000,1910.295,620.549,4670.781,C46,3,0.000
1484,tab,0.046,0.000e0,1910.295,620.549,4670.781,C46,3,0.000,1946.606,628.518,4642.849,C46,3,0.000
1485,axial,0.007,0.000e0,1889.301,618.002,4681.029,C46,3,90,1886.172,620.202,4675.166,C46,4,90
1486,radial,0.023,0.000e0,1886.172,620.202,4675.166,C46,4,0.000,1866.864,625.513,4687.464,C46,4,0.000
1487,tab,0.047,0.000e0,1866.864,625.513,4687.464,C46,4,0.000,1857.485,621.378,4732.820,C46,4,0.000
1488,axial,0.010,0.000e0,-2241.768,2116.976,3769.962,A52,0,90,-2243.735,2118.786,3760.846,A52,1,90
1489,radial,0.023,0.000e0,-2243.735,2118.786,3760.846,A52,1,0.000,-2234.012,2140.074,3762.976,A52,1,0.000
1490,tab,0.046,0.000e0,-2234.012,2140.074,3762.976,A52,1,0.000,-2214.125,2161.021,3799.417,A52,1,0.000
1491,axial,0.007,0.000e0,-2243.735,2118.786,3760.846,A52,1,90,-2245.184,2120.120,3754.129,A52,2,90
1492,radial,0.023,0.000e0,-2245.184,2120.120,3754.129,A52,2,0.000,-2267.810,2115.097,3758.013,A52,2,0.000
1493,tab,0.046,0.000e0,-2267.810,2115.097,3758.013,A52,2,0.000,-2289.917,2101.889,3796.731,A52,2,0.000
1494,axial,0.007,0.000e0,-2245.184,2120.120,3754.129,A52,2,90,-2246.633,2121.454,3747.412,A52,3,90
1495,radial,0.023,0.000e0,-2246.633,2121.454,3747.412,A52,3,0.000,-2231.177,2105.028,3740.815,A52,3,0.000
1496,tab,0.047,0.000e0,-2231.177,2105.028,3740.815,A52,3,0.000,-2203.846,2077.016,3765.927,A52,3,0.000
1497,axial,0.010,0.000e0,-601.232,-2507.675,5489.702,B51,0,90,-600.646,-2505.068,5498.818,B51,1,90
1498,radial,0.023,0.000e0,-600.646,-2505.068,5498.818,B51,1,0.000,-594.148,-2483.468,5492.225,B51,1,0.000
1499,tab,0.047,0.000e0,-594.148,-2483.468,5492.225,B51,1,0.000,-584.448,-2452.834,5458.614,B51,1,0.000
1500,axial,0.007,0.000e0,-600.646,-2505.068,5498.818,B51,1,90,-600.214,-2503.147,5505.536,B51,2,90
1501,radial,0.024,0.000e0,-600.214,-2503.147,5505.536,B51,2,0.000,-584.553,-2520.233,5509.414,B51,2,0.000
1502,tab,0.046,0.000e0,-584.553,-2520.233,5509.414,B51,2,0.000,-559.151,-2555.892,5493.749,B51,2,0.000
1503,axial,0.007,0.000e0,-600.214,-2503.147,5505.536,B51,2,90,-599.783,-2501.226,5512.253,B51,3,90
1504,radial,0.023,0.000e0,-599.783,-2501.226,5512.253,B51,3,0.000,-623.080,-2503.448,5514.386,B51,3,0.000
1505,tab,0.046,0.000e0,-623.080,-2503.448,5514.386,B51,3,0.000,-664.437,-2513.633,5495.729,B51,3,0.000
1506,axial,0.010,0.000e0,-711.813,-2999.484,3769.639,B52,0,90,-712.399,-3002.091,3760.523,B52,1,90
1507,radial,0.023,0.000e0,-712.399,-3002.091,3760.523,B52,1,0.000,-735.696,-3004.312,3762.656,B52,1,0.000
1508,tab,0.047,0.000e0,-735.696,-3004.312,3762.656,B52,1,0.000,-763.775,-2997.566,3799.102,B52,1,0.000
1509,axial,0.007,0.000e0,-712.399,-3002.091,3760.523,B52,1,90,-712.831,-3004.011,3753.805,B52,2,90
1510,radial,0.024,0.000e0,-712.831,-3004.011,3753.805,B52,2,0.000,-697.170,-3021.097,3757.684,B52,2,0.000
1511,tab,0.046,0.000e0,-697.170,-3021.097,3757.684,B52,2,0.000,-674.674,-3033.649,3796.396,B52,2,0.000
1512,axial,0.007,0.000e0,-712.831,-3004.011,3753.805,B52,2,90,-713.263,-3005.932,3747.088,B52,3,90
1513,radial,0.023,0.000e0,-713.263,-3005.932,3747.088,B52,3,0.000,-706.765,-2984.332,3740.494,B52,3,0.000
1514,tab,0.046,0.000e0,-706.765,-2984.332,3740.494,B52,3,0.000,-696.164,-2946.663,3765.612,B52,3,0.000
1515,axial,0.009,0.000e0,2473.292,733.435,5489.605,C51,0,90,2470.744,732.637,5498.723,C51,1,90
1516,radial,0.023,0.000e0,2470.744,732.637,5498.723,C51,1,0.000,2448.788,727.463,5492.135,C51,1,0.000
1517,tab,0.047,0.000e0,2448.788,727.463,5492.135,C51,1,0.000,2417.398,720.549,5458.532,C51,1,0.000
1518,axial,0.007,0.000e0,2470.744,732.637,5498.723,C51,1,90,2468.867,732.049,5505.441,C51,2,90
1519,radial,0.023,0.000e0,2468.867,732.049,5505.441,C51,2,0.000,2475.831,754.156,5509.321,C51,2,0.000
1520,tab,0.047,0.000e0,2475.831,754.156,5509.321,C51,2,0.000,2493.999,793.991,5493.658,C51,2,0.000
1521,axial,0.007,0.000e0,2468.867,732.049,5505.441,C51,2,90,2466.990,731.462,5512.158,C51,3,90
1522,radial,0.024,0.000e0,2466.990,731.462,5512.158,C51,3,0.000,2480.563,712.396,5514.283,C51,3,0.000
1523,tab,0.047,0.000e0,2480.563,712.396,5514.283,C51,3,0.000,2510.058,681.677,5495.610,C51,3,0.000
1524,axial,0.009,0.000e0,2953.943,883.969,3769.488,C52,0,90,2956.490,884.767,3760.371,C52,1,90
1525,radial,0.024,0.000e0,2956.490,884.767,3760.371,C52,1,0.000,2970.064,865.701,3762.495,C52,1,0.000
1526,tab,0.046,0.000e0,2970.064,865.701,3762.495,C52,1,0.000,2978.273,838.003,3798.932,C52,1,0.000
1527,axial,0.007,0.000e0,2956.490,884.767,3760.371,C52,1,90,2958.368,885.355,3753.653,C52,2,90
1528,radial,0.023,0.000e0,2958.368,885.355,3753.653,C52,2,0.000,2965.331,907.461,3757.533,C52,2,0.000
1529,tab,0.046,0.000e0,2965.331,907.461,3757.533,C52,2,0.000,2964.960,933.212,3796.250,C52,2,0.000
1530,axial,0.007,0.000e0,2958.368,885.355,3753.653,C52,2,90,2960.245,885.943,3746.935,C52,3,90
1531,radial,0.023,0.000e0,2960.245,885.943,3746.935,C52,3,0.000,2938.289,880.768,3740.347,C52,3,0.000
1532,tab,0.047,0.000e0,2938.289,880.768,3740.347,C52,3,0.000,2900.375,871.104,3765.474,C52,3,0.000
