# Open Claw, Phase: slack, Height: 10956.2mm, Created: 2026-05-14 17:05
#
# === Hinge parameters (see diagram) ===
# A  radius van de buis (push_radius):        20.0mm  (0.02000m)
# B  marge (push_radius_margin):              1.0mm  (0.00100m)
# C  offset door radius (= t1/2):             2.5mm  (0.00250m)
# D  randafstand (hinge_extension):           30.0mm  (0.03000m)
# E  diameter gat (hinge_hole_diameter):      14.0mm  (0.01400m)
# t1 dikte staal (disc_thickness):             5.0mm  (0.00500m)
# t2 dikte POM (disc_separator):              2.0mm  (0.00200m)
#    cap_thickness:                           5.0mm  (0.00500m)
#    pull_radius:                             7.0mm  (0.00700m)
#
# === Afgeleide waarden ===
#    A + B + C  = 23.5mm  (halve breedte schijf)
#    C + D + E  = 46.5mm  (scharnier lengte)
#    t1 + t2    = 7.0mm  (schijf + separator)
#    disc_center_offset(0) = 9.5mm  (as-afstand tot centrum eerste schijf)
#
# Orientation check (CSV coords, mm, Z-up): ground plane at Z=0, apex at Z=10956.2
# Lowest[1]: joint=CX4YZ1 X=2961.5 Y=891.4 Z=3777.5
# Lowest[2]: joint=BX4YZ1 X=-709.2 Y=-3009.9 Z=3777.6
# Lowest[3]: joint=AX4YZ1 X=-2252.1 Y=2120.0 Z=3777.9
# Highest:   joint=YZ1 X=0.7 Y=0.1 Z=10956.2
# === Hinge bend snap quality ===
# Bend count (K):       4
# Magnitude source:     LOCKED to factory inventory (no per-export reoptimisation)
# Optimal magnitudes:   [12°, 30°, 49°, 68°]
# Effective signed set: [-68°, -49°, -30°, -12°, +12°, +30°, +49°, +68°]
# Bend counts (signed): -68°×60  -49°×114  -30°×76  -12°×29  +12°×51  +30°×24  +49°×6  +68°×0
# Bend counts (per magnitude): 12°×80  30°×100  49°×120  68°×60
# Cable ends measured:  360
# Snap error:           mean |Δ|=4.79°  max |Δ|=9.40°  RMS=5.54°
#
# === Hinge arm clearance ===
# Per joint-end, minimum 3D distance between any two arm segments (hinge_pos -> pull_end_pos).
# Joint-ends measured: 92
# Pairs measured:      528
# Clearance:           min=14.7mm  mean=38.8mm  max=51.5mm
#
Index,Role,Length(m),Strain,AlphaX,AlphaY,AlphaZ,AlphaJoint,AlphaSlot,AlphaAngle,OmegaX,OmegaY,OmegaZ,OmegaJoint,OmegaSlot,OmegaAngle
1,push,1.790,0.000e0,0.379,0.461,9165.798,YZ0,0,90,0.730,0.104,10956.175,YZ1,0,90
2,push,1.791,0.000e0,-603.749,-2505.974,5492.529,BX4YZ0,0,90,-709.242,-3009.854,3777.625,BX4YZ1,0,90
3,push,1.791,0.000e0,2472.776,730.612,5492.534,CX4YZ0,0,90,2961.547,891.413,3777.547,CX4YZ1,0,90
4,push,1.791,0.000e0,-1868.087,1776.573,5492.736,AX4YZ0,0,90,-2252.102,2119.958,3777.922,AX4YZ1,0,90
5,push,1.910,-1.958e-4,1565.330,510.230,6026.346,CX4Z2,0,90,2863.052,1520.915,5056.242,CX4Z3,0,90
6,push,1.910,-1.902e-4,-340.193,-1609.805,6026.182,BX4Z2,0,90,-114.420,-3239.233,5056.283,BX4Z3,0,90
7,push,1.910,-1.666e-4,-1223.452,1100.437,6026.271,AX4Z2,0,90,-2747.769,1719.519,5056.695,AX4Z3,0,90
8,push,1.919,-7.237e-4,-1372.959,-2389.247,6305.876,BX4Z4,0,90,-416.286,-1953.164,4700.985,BX4Z5,0,90
9,push,1.919,-7.020e-4,2757.063,5.464,6305.521,CX4Z4,0,90,1900.264,616.481,4701.221,CX4Z5,0,90
10,push,1.919,-6.358e-4,-1381.964,2384.802,6305.992,AX4Z4,0,90,-1483.265,1337.872,4701.190,AX4Z5,0,90
11,push,1.949,-3.378e-4,-50.775,-2932.735,6375.635,BX4Z0,0,90,-1414.233,-2742.416,4995.529,BX4Z1,0,90
12,push,1.949,-3.287e-4,2566.358,1422.467,6375.780,CX4Z0,0,90,3082.937,146.850,4995.219,CX4Z1,0,90
13,push,1.949,-3.162e-4,-2513.698,1510.996,6376.010,AX4Z0,0,90,-1667.697,2596.903,4995.727,AX4Z1,0,90
14,push,1.979,-4.219e-4,209.141,-2161.031,7088.655,BX3Z0,0,90,-976.541,-1938.708,5519.635,BX3Z1,0,90
15,push,1.979,-4.132e-4,-1975.357,900.275,7088.827,AX3Z0,0,90,-1190.064,1816.035,5519.796,AX3Z1,0,90
16,push,1.979,-4.065e-4,1768.036,1261.451,7088.771,CX3Z0,0,90,2168.341,123.597,5519.612,CX3Z1,0,90
17,push,1.991,0.000e0,474.155,960.318,8466.251,CX1Z0,0,90,1364.485,-209.161,7123.587,CX1Z1,0,90
18,push,1.991,0.000e0,595.558,-890.124,8466.472,BX1Z0,0,90,-862.486,-1076.090,7123.657,BX1Z1,0,90
19,push,1.991,0.000e0,-1067.904,-69.690,8466.647,AX1Z0,0,90,-499.796,1285.890,7123.708,AX1Z1,0,90
20,push,2.000,-1.445e-4,-1146.898,-1203.238,7974.961,BX2Z4,0,90,-21.520,-1671.084,6389.562,BX2Z5,0,90
21,push,2.000,-1.121e-4,-467.702,1595.111,7975.358,AX2Z4,0,90,-1435.770,855.159,6389.667,AX2Z5,0,90
22,push,2.000,-2.789e-5,1616.646,-391.681,7975.172,CX2Z4,0,90,1459.212,816.921,6389.526,CX2Z5,0,90
23,push,2.000,0.000e0,-676.319,1195.080,6723.183,AX3Z4,0,90,-2169.507,2288.275,5963.398,AX3Z5,0,90
24,push,2.001,0.000e0,-695.734,-1183.389,6723.148,BX3Z4,0,90,-896.071,-3023.103,5963.140,BX3Z5,0,90
25,push,2.001,0.000e0,1373.781,-11.006,6723.165,CX3Z4,0,90,3067.068,735.684,5963.139,CX3Z5,0,90
26,push,2.010,0.000e0,-1500.221,2265.551,7259.870,AX3Z2,0,90,-2128.670,1216.562,5664.116,AX3Z3,0,90
27,push,2.010,0.000e0,-1210.961,-2432.387,7259.694,BX3Z2,0,90,11.783,-2451.757,5663.987,BX3Z3,0,90
28,push,2.010,0.000e0,2713.299,167.177,7259.616,CX3Z2,0,90,2118.340,1236.139,5664.235,CX3Z3,0,90
29,push,2.030,-2.052e-4,702.396,371.093,7430.000,CX2Z2,0,90,2611.002,1019.581,7193.576,CX2Z3,0,90
30,push,2.030,-1.931e-4,-29.178,-792.685,7430.387,BX2Z2,0,90,-422.281,-2769.735,7193.632,BX2Z3,0,90
31,push,2.030,-1.667e-4,-464.243,-3.825,7714.710,BX1Z4,0,90,-743.839,-1950.709,8215.702,BX1Z5,0,90
32,push,2.030,-1.405e-4,236.892,-400.588,7714.984,CX1Z4,0,90,2062.675,330.772,8216.353,CX1Z5,0,90
33,push,2.030,-1.361e-4,-671.123,422.292,7430.229,AX2Z2,0,90,-2186.880,1751.317,7193.683,AX2Z3,0,90
34,push,2.030,-7.916e-5,229.416,404.378,7714.989,AX1Z4,0,90,-1316.637,1620.526,8215.938,AX1Z5,0,90
35,push,2.041,0.000e0,1628.715,1065.132,8157.377,CX2Z0,0,90,2200.402,-269.817,6722.960,CX2Z1,0,90
36,push,2.042,0.000e0,-1736.929,877.610,8156.975,AX2Z0,0,90,-865.316,2040.349,6722.795,AX2Z1,0,90
37,push,2.042,0.000e0,109.366,-1943.312,8157.035,BX2Z0,0,90,-1333.218,-1770.008,6722.567,BX2Z1,0,90
38,push,2.050,-3.094e-5,-691.938,-813.568,8996.768,BX1Z2,0,90,254.295,-1630.843,7372.286,BX1Z3,0,90
39,push,2.050,-1.163e-7,1051.053,-193.007,8996.018,CX1Z2,0,90,1286.263,1035.717,7372.006,CX1Z3,0,90
40,push,2.050,0.000e0,-357.966,1006.796,8997.179,AX1Z2,0,90,-1538.823,595.940,7372.379,AX1Z3,0,90
41,push,2.349,-2.462e-4,472.734,503.564,7636.854,Z8,0,90,39.086,-1310.609,9065.318,Z9,0,90
42,push,2.349,-2.315e-4,-672.073,157.228,7636.746,Z0,0,90,1115.584,688.102,9065.870,Z1,0,90
43,push,2.350,-1.269e-4,200.629,-660.618,7636.846,Z4,0,90,-1153.674,622.156,9065.641,Z5,0,90
44,push,2.400,0.000e0,152.297,1097.857,8267.997,Z10,0,90,-621.016,-618.079,9757.359,Z11,0,90
45,push,2.400,0.000e0,-1026.216,-417.136,8268.116,Z2,0,90,847.345,-228.995,9756.697,Z3,0,90
46,push,2.402,0.000e0,875.767,-681.205,8267.865,Z6,0,90,-223.608,849.041,9757.921,Z7,0,90
47,pull,0.143,2.705e-4,223.285,-608.445,7642.058,Z4,2,-49,220.874,-474.481,7691.846,CX1Z4,3,+30
48,pull,0.143,8.025e-4,416.223,497.042,7641.999,Z8,2,-49,301.427,427.425,7691.849,AX1Z4,3,+30
49,pull,0.143,1.483e-3,-638.131,111.570,7641.817,Z0,2,-49,-520.232,47.012,7691.620,BX1Z4,3,+30
50,pull,0.184,6.649e-4,163.783,-698.919,7581.762,Z4,3,+12,24.801,-761.229,7478.853,BX2Z2,3,+30
51,pull,0.184,6.817e-4,-686.761,208.272,7581.631,Z0,3,+12,-670.876,359.798,7478.672,AX2Z2,3,+30
52,pull,0.184,1.463e-3,524.356,490.824,7581.794,Z8,3,+12,648.185,402.028,7478.543,CX2Z2,3,+30
53,pull,0.271,0.000e0,841.565,-733.014,8284.149,Z6,4,-30,657.497,-851.719,8443.074,BX1Z0,3,+12
54,pull,0.271,0.000e0,214.274,1094.184,8284.261,Z10,4,-30,409.824,994.603,8442.908,CX1Z0,3,+12
55,pull,0.271,0.000e0,-1054.030,-361.640,8284.418,Z2,4,-30,-1065.474,-142.547,8443.304,AX1Z0,3,+12
56,pull,0.292,2.916e-4,1369.207,-180.652,7052.709,CX1Z1,3,+12,1365.820,-47.020,6793.106,CX3Z4,3,+30
57,pull,0.292,4.912e-4,-840.160,-1094.459,7052.784,BX1Z1,3,+12,-722.914,-1158.490,6793.101,BX3Z4,3,+30
58,pull,0.292,7.792e-4,-526.887,1275.750,7052.841,AX1Z1,3,+12,-641.144,1206.185,6793.123,AX3Z4,3,+30
59,pull,0.341,0.000e0,1472.992,784.467,6321.587,CX2Z5,3,+12,1536.721,544.156,6088.711,CX4Z2,3,+12
60,pull,0.341,0.000e0,-1414.564,883.348,6321.737,AX2Z5,3,+12,-1238.521,1058.701,6088.641,AX4Z2,3,+12
61,pull,0.341,0.000e0,-56.518,-1666.811,6321.624,BX2Z5,3,+12,-296.502,-1602.000,6088.545,BX4Z2,3,+12
62,pull,0.447,0.000e0,1346.625,1067.998,7331.208,CX1Z3,3,+49,1707.845,1239.915,7130.866,CX3Z0,3,+12
63,pull,0.448,0.000e0,252.081,-1699.248,7331.471,BX1Z3,3,+49,220.552,-2098.149,7130.781,BX3Z0,3,+12
64,pull,0.448,0.000e0,-1596.952,632.060,7331.558,AX1Z3,3,+49,-1926.606,858.936,7130.938,AX3Z0,3,+12
65,pull,0.596,0.000e0,-1341.840,-1830.676,6676.698,BX2Z1,3,+12,-1376.769,-2333.661,6358.360,BX4Z4,3,+12
66,pull,0.597,0.000e0,-913.537,2078.173,6676.937,AX2Z1,3,+12,-1331.923,2360.301,6358.474,AX4Z4,3,+12
67,pull,0.597,0.000e0,2257.244,-246.912,6677.099,CX2Z1,3,+12,2710.850,-25.613,6358.034,CX4Z4,3,+12
68,pull,0.654,1.228e-3,892.209,-223.124,9711.180,Z3,4,-30,1028.784,-185.823,9072.191,CX1Z2,3,+49
69,pull,0.655,1.036e-3,-251.218,884.900,9712.413,Z7,4,-30,-353.047,983.865,9073.338,AX1Z2,3,+49
70,pull,0.655,1.346e-3,-638.352,-659.897,9711.862,Z11,4,-30,-674.516,-797.759,9072.902,BX1Z2,3,+49
71,pull,0.693,0.000e0,107.544,1152.302,8232.147,Z10,3,+30,-407.782,1560.695,8013.795,AX2Z4,3,+30
72,pull,0.694,0.000e0,945.275,-669.703,8231.969,Z6,3,+30,1556.903,-426.437,8013.578,CX2Z4,3,+30
73,pull,0.694,0.000e0,-1050.991,-483.107,8232.252,Z2,3,+30,-1147.066,-1134.151,8013.422,BX2Z4,3,+30
74,pull,0.731,0.000e0,1659.049,1017.629,8177.255,CX2Z0,1,-49,2043.651,397.431,8216.052,CX1Z5,2,-12
75,pull,0.731,0.000e0,53.063,-1945.742,8176.933,BX2Z0,1,-49,-676.599,-1967.566,8215.400,BX1Z5,2,-12
76,pull,0.731,0.000e0,-1710.890,927.584,8176.880,AX2Z0,1,-49,-1364.873,1570.740,8215.619,AX1Z5,2,-12
77,pull,0.743,0.000e0,-1734.477,832.047,8111.917,AX2Z0,2,-30,-1567.882,615.189,7420.926,AX1Z3,1,-49
78,pull,0.743,0.000e0,147.603,-1918.403,8111.983,BX2Z0,2,-30,252.151,-1665.630,7420.835,BX1Z3,1,-49
79,pull,0.744,0.000e0,1588.102,1085.866,8112.289,CX2Z0,2,-30,1317.455,1051.229,7420.568,CX1Z3,1,-49
80,pull,0.737,0.000e0,-1158.261,-2459.272,7268.158,BX3Z2,1,-49,-491.251,-2763.379,7196.500,BX2Z3,2,-12
81,pull,0.737,0.000e0,-1549.862,2233.366,7268.333,AX3Z2,1,-49,-2146.892,1807.869,7196.561,AX2Z3,2,-12
82,pull,0.737,0.000e0,2710.236,226.258,7268.092,CX3Z2,1,-49,2639.994,956.679,7196.439,CX2Z3,2,-12
83,pull,0.755,0.000e0,-17.278,-2892.551,6338.550,BX4Z0,2,-30,26.742,-2494.011,5699.389,BX3Z3,2,-49
84,pull,0.750,0.000e0,-2495.659,1461.901,6338.909,AX4Z0,2,-30,-2170.544,1228.367,5705.091,AX3Z3,1,-49
85,pull,0.755,0.000e0,2514.792,1431.382,6338.716,CX4Z0,2,-30,2147.463,1270.213,5699.637,CX3Z3,2,-49
86,pull,0.742,0.000e0,2678.113,120.619,7233.036,CX3Z2,2,-30,2257.634,-251.789,6748.558,CX2Z1,1,-30
87,pull,0.742,0.000e0,-1233.720,-2378.657,7233.098,BX3Z2,2,-30,-1346.260,-1828.572,6748.179,BX2Z1,1,-30
88,pull,0.742,6.296e-6,-1442.314,2258.393,7233.267,AX3Z2,2,-30,-909.519,2080.922,6748.401,AX2Z1,1,-30
89,pull,0.755,0.000e0,2793.495,57.680,6297.880,CX4Z4,2,-30,3076.083,681.555,5978.989,CX3Z5,2,-49
90,pull,0.756,0.000e0,-1345.987,-2446.918,6298.214,BX4Z4,2,-30,-947.448,-3003.847,5979.017,BX3Z5,2,-49
91,pull,0.750,0.000e0,-1445.401,2390.262,6298.364,AX4Z4,2,-30,-2121.916,2319.319,5981.924,AX3Z5,1,-49
92,pull,0.750,3.021e-4,-672.732,1253.868,6733.329,AX3Z4,1,-49,-838.281,1985.262,6704.174,AX2Z1,2,-30
93,pull,0.751,3.853e-4,1422.906,-43.491,6733.328,CX3Z4,1,-49,2139.184,-265.685,6704.320,CX2Z1,2,-30
94,pull,0.751,4.745e-4,-748.440,-1209.674,6733.297,BX3Z4,1,-49,-1299.040,-1719.039,6703.960,BX2Z1,2,-30
95,pull,0.778,0.000e0,-400.170,-1597.983,6006.633,BX4Z2,4,-30,-939.616,-1905.929,5538.777,BX3Z1,1,-68
96,pull,0.778,0.000e0,-1183.233,1146.472,6006.715,AX4Z2,4,-30,-1180.144,1767.664,5538.930,AX3Z1,1,-68
97,pull,0.778,4.925e-5,1585.091,452.384,6006.787,CX4Z2,4,-30,2121.492,139.180,5538.759,CX3Z1,1,-68
98,pull,0.766,7.771e-4,1654.409,-347.896,8013.414,CX2Z4,2,-12,2061.153,272.462,8203.340,CX1Z5,1,-49
99,pull,0.766,8.441e-4,-1127.853,-1257.827,8013.207,BX2Z4,2,-12,-793.578,-1920.223,8202.727,BX1Z5,1,-49
100,pull,0.766,8.654e-4,-524.501,1605.961,8013.588,AX2Z4,2,-12,-1265.352,1648.343,8202.980,AX1Z5,1,-49
101,pull,0.766,4.908e-4,-2002.433,957.414,7117.242,AX3Z0,2,-12,-2199.431,1695.086,7177.797,AX2Z3,1,-49
102,pull,0.766,5.169e-4,1831.070,1256.354,7117.164,CX3Z0,2,-12,2568.575,1058.557,7177.686,CX2Z3,1,-49
103,pull,0.766,6.280e-4,173.186,-2213.041,7117.075,BX3Z0,2,-12,-367.312,-2752.487,7177.736,BX2Z3,1,-49
104,pull,0.777,6.964e-4,1734.992,1240.844,7052.886,CX3Z0,1,-68,1480.543,869.963,6418.693,CX2Z5,4,-30
105,pull,0.778,7.310e-4,207.803,-2122.100,7052.782,BX3Z0,1,-68,13.743,-1716.084,6418.729,BX2Z5,4,-30
106,pull,0.778,7.596e-4,-1940.976,881.969,7052.949,AX3Z0,1,-68,-1492.374,847.122,6418.832,AX2Z5,4,-30
107,pull,0.765,0.000e0,1053.439,-133.971,9023.672,CX1Z2,1,-30,1127.706,626.047,9074.170,Z1,3,-30
108,pull,0.763,1.793e-4,-410.304,979.353,9024.807,AX1Z2,1,-30,-1105.855,670.617,9078.694,Z5,2,-12
109,pull,0.782,1.101e-3,721.200,420.588,7428.996,CX2Z2,1,-68,1239.246,1000.136,7346.796,CX1Z3,2,-30
110,pull,0.763,3.961e-4,-642.013,-845.183,9024.402,BX1Z2,1,-30,-26.792,-1293.429,9078.374,Z9,2,-12
111,pull,0.782,1.251e-3,4.275,-833.724,7429.380,BX2Z2,1,-68,246.993,-1572.321,7347.107,BX1Z3,2,-30
112,pull,0.782,1.352e-3,-723.391,413.842,7429.243,AX2Z2,1,-68,-1484.485,573.011,7347.202,AX1Z3,2,-30
113,pull,0.766,8.128e-4,267.415,-433.056,7754.808,CX1Z4,1,-49,833.462,-669.979,8214.109,Z6,2,-12
114,pull,0.767,8.589e-4,242.269,447.020,7754.841,AX1Z4,1,-49,163.760,1055.600,8214.254,Z10,2,-12
115,pull,0.767,1.006e-3,-507.582,-14.023,7754.579,BX1Z4,1,-49,-995.368,-386.101,8214.351,Z2,2,-12
116,pull,0.781,5.660e-4,1032.058,-257.709,8970.609,CX1Z2,4,-12,909.651,-659.901,8312.248,Z6,1,-49
117,pull,0.781,9.164e-4,-738.433,-764.710,8971.394,BX1Z2,4,-12,-1024.698,-457.102,8312.525,Z2,1,-49
118,pull,0.782,1.272e-3,-292.401,1022.625,8971.812,AX1Z2,4,-12,116.952,1116.544,8312.420,Z10,1,-49
119,pull,0.790,3.353e-4,-714.199,1145.471,6708.477,AX3Z4,2,-30,-1385.942,872.682,6393.462,AX2Z5,1,-68
120,pull,0.791,4.383e-4,-633.833,-1191.393,6708.439,BX3Z4,2,-30,-61.606,-1636.689,6393.357,BX2Z5,1,-68
121,pull,0.791,6.872e-4,1349.754,46.602,6708.463,CX3Z4,2,-30,1449.459,765.010,6393.324,CX2Z5,1,-68
122,pull,0.802,0.000e0,-1144.565,-1180.092,7927.389,BX2Z4,1,-68,-909.341,-1089.010,7165.572,BX1Z1,4,-30
123,pull,0.803,0.000e0,-448.834,1581.567,7927.768,AX2Z4,1,-68,-487.537,1332.923,7165.621,AX1Z1,4,-30
124,pull,0.803,0.000e0,1595.458,-401.242,7927.592,CX2Z4,1,-68,1399.104,-243.272,7165.505,CX1Z1,4,-30
125,pull,0.763,0.000e0,2625.549,1056.767,7128.273,CX2Z3,3,+12,2567.597,1395.954,6447.574,CX4Z0,3,+12
126,pull,0.763,0.000e0,-2226.373,1745.309,7128.390,AX2Z3,3,+12,-2491.360,1525.312,6447.807,AX4Z0,3,+12
127,pull,0.763,0.000e0,-397.340,-2800.925,7128.333,BX2Z3,3,+12,-74.331,-2920.544,6447.437,BX4Z0,3,+12
128,pull,0.802,6.085e-4,-1081.205,-34.070,8527.859,AX1Z0,4,-12,-1166.717,581.063,9034.892,Z5,1,-68
129,pull,0.802,7.574e-4,511.600,953.977,8527.492,CX1Z0,4,-12,1086.566,719.947,9035.078,Z1,1,-68
130,pull,0.802,7.726e-4,571.372,-919.465,8527.684,BX1Z0,4,-12,81.205,-1301.342,9034.589,Z9,1,-68
131,pull,0.834,1.227e-4,-86.670,-771.521,7411.258,BX2Z2,4,-30,-815.623,-1051.827,7119.249,BX1Z1,1,-68
132,pull,0.834,2.368e-4,712.834,310.718,7410.893,CX2Z2,4,-30,1320.062,-180.678,7119.161,CX1Z1,1,-68
133,pull,0.834,3.145e-4,-624.048,461.508,7411.118,AX2Z2,4,-30,-502.229,1233.174,7119.300,AX1Z1,1,-68
134,pull,0.839,1.191e-3,211.538,-344.646,7696.357,CX1Z4,4,-30,459.242,453.788,7624.829,Z8,1,-68
135,pull,0.839,1.367e-3,-403.115,-9.835,7696.098,BX1Z4,4,-30,164.294,-624.018,7624.826,Z4,1,-68
136,pull,0.839,1.578e-3,193.633,354.464,7696.352,AX1Z4,4,-30,-622.201,170.378,7624.738,Z0,1,-68
137,pull,0.841,9.521e-4,2606.012,1387.369,6375.584,CX4Z0,1,-68,3056.944,796.438,5981.186,CX3Z5,4,-30
138,pull,0.842,1.023e-3,-100.993,-2949.540,6375.451,BX4Z0,1,-68,-838.390,-3044.716,5981.169,BX3Z5,4,-30
139,pull,0.842,1.022e-3,-2503.150,1562.890,6375.829,AX4Z0,1,-68,-2217.059,2249.127,5981.437,AX3Z5,4,-30
140,pull,0.833,4.451e-4,456.227,943.156,8419.473,CX1Z0,1,-68,478.745,561.985,7678.612,Z8,4,-12
141,pull,0.834,6.564e-4,-1044.132,-76.653,8419.842,AX1Z0,1,-68,-725.692,133.234,7678.483,Z0,4,-12
142,pull,0.834,6.659e-4,589.674,-866.025,8419.687,BX1Z0,1,-68,248.224,-695.032,7678.597,Z4,4,-12
143,pull,0.881,0.000e0,-667.825,-2515.579,5484.937,BX4YZ0,1,-30,-1376.649,-2711.626,5000.236,BX4Z1,2,-68
144,pull,0.881,0.000e0,-1844.372,1836.870,5485.143,AX4YZ0,1,-30,-1659.827,2548.958,5000.417,AX4Z1,2,-68
145,pull,0.890,0.000e0,2509.314,678.670,5498.338,CX4YZ0,3,-30,3037.483,164.009,4999.936,CX4Z1,2,-68
146,pull,0.889,4.462e-4,1574.758,562.334,6027.074,CX4Z2,1,-68,2062.705,1205.422,5655.265,CX3Z3,4,-30
147,pull,0.889,4.880e-4,-299.780,-1644.018,6026.885,BX4Z2,1,-68,13.001,-2388.218,5655.015,BX3Z3,4,-30
148,pull,0.889,4.918e-4,-1273.283,1082.530,6026.974,AX4Z2,1,-68,-2074.255,1183.737,5655.130,AX3Z3,4,-30
149,pull,0.877,3.443e-4,2416.954,718.272,5461.112,CX4YZ0,1,-30,1932.051,642.746,4734.449,CX4Z5,1,-68
150,pull,0.886,3.504e-4,-1826.505,1731.713,5474.702,AX4YZ0,3,-30,-1521.896,1352.275,4734.423,AX4Z5,1,-68
151,pull,0.890,0.000e0,-1930.794,1763.919,5497.197,AX4YZ0,2,-30,-2709.804,1748.154,5067.711,AX4Z3,2,-68
152,pull,0.890,0.000e0,2493.172,791.245,5496.984,CX4YZ0,2,-30,2868.882,1473.721,5067.259,CX4Z3,2,-68
153,pull,0.886,4.217e-4,-585.691,-2447.529,5474.507,BX4YZ0,3,-30,-409.438,-1993.836,4734.201,BX4Z5,1,-68
154,pull,0.890,0.000e0,-561.433,-2553.951,5496.976,BX4YZ0,2,-30,-158.199,-3220.671,5067.308,BX4Z3,2,-68
155,pull,0.893,9.766e-4,2715.384,-14.769,6279.875,CX4Z4,1,-68,2218.436,92.931,5545.483,CX3Z1,4,-30
156,pull,0.893,1.010e-3,-1369.639,-2343.036,6280.227,BX4Z4,1,-68,-1028.150,-1966.741,5545.518,BX3Z1,4,-30
157,pull,0.893,1.102e-3,-1343.615,2358.816,6280.333,AX4Z4,1,-68,-1188.538,1874.745,5545.680,AX3Z1,4,-30
158,pull,0.881,1.229e-3,-941.699,-1938.606,5451.482,BX3Z1,3,+12,-442.997,-1920.644,4725.716,BX4Z5,2,-68
159,pull,0.881,1.300e-3,2150.812,153.718,5451.463,CX3Z1,3,+12,1885.481,577.068,4725.934,CX4Z5,2,-68
160,pull,0.881,1.350e-3,-1207.416,1785.824,5451.641,AX3Z1,3,+12,-1441.736,1344.748,4725.903,AX4Z5,2,-68
161,pull,0.882,0.000e0,-2177.486,1242.332,5607.502,AX3Z3,3,+30,-2743.938,1679.818,5091.530,AX4Z3,1,-68
162,pull,0.882,0.000e0,13.866,-2506.897,5607.353,BX3Z3,3,+30,-81.955,-3216.082,5091.130,BX4Z3,1,-68
163,pull,0.882,0.000e0,2165.039,1265.528,5607.599,CX3Z3,3,+30,2826.795,1537.438,5091.122,CX4Z3,1,-68
164,pull,0.958,0.000e0,-44.824,-44.520,9172.547,YZ0,2,-30,-571.782,-607.430,9741.022,Z11,1,-68
165,pull,0.954,0.000e0,61.934,-16.211,9179.533,YZ0,1,-30,813.477,-191.687,9740.407,Z3,1,-68
166,pull,0.963,1.889e-4,-15.902,62.118,9165.563,YZ0,3,-30,-239.067,801.113,9741.546,Z7,1,-68
167,pull,0.964,0.000e0,38.740,-1369.830,9024.265,Z9,4,-12,112.989,-1902.780,8224.830,BX2Z0,3,+30
168,pull,0.964,0.000e0,1167.070,717.394,9024.835,Z1,4,-12,1591.787,1047.971,8225.156,CX2Z0,3,+30
169,pull,0.964,0.000e0,-1204.793,652.066,9024.592,Z5,4,-12,-1703.653,854.206,8224.777,AX2Z0,3,+30
170,pull,1.015,0.000e0,-2155.970,2319.953,5895.045,AX3Z5,3,+12,-1686.324,2611.348,5043.147,AX4Z1,1,-68
171,pull,1.016,0.000e0,-930.274,-3027.209,5894.786,BX3Z5,3,+12,-1417.428,-2765.785,5042.942,BX4Z1,1,-68
172,pull,1.016,0.000e0,3087.716,708.140,5894.773,CX3Z5,3,+12,3104.775,155.745,5042.634,CX4Z1,1,-68
173,pull,1.016,0.000e0,-1339.609,1669.127,8161.448,AX1Z5,3,+12,-1483.593,2236.322,7331.433,AX3Z2,3,+30
174,pull,1.016,0.000e0,-774.453,-1994.910,8161.223,BX1Z5,3,+12,-1193.971,-2403.373,7331.260,BX3Z2,3,+30
175,pull,1.016,0.000e0,2116.264,326.386,8161.875,CX1Z5,3,+12,2679.698,167.376,7331.192,CX3Z2,3,+30
176,pull,1.183,0.000e0,-483.273,-32.248,7668.966,BX1Z4,2,-49,-868.879,-1012.811,7131.843,BX1Z1,2,-30
177,pull,1.183,0.000e0,271.024,-402.835,7669.241,CX1Z4,2,-49,1312.897,-246.358,7131.786,CX1Z1,2,-30
178,pull,1.183,0.000e0,214.333,435.080,7669.246,AX1Z4,2,-49,-441.803,1259.773,7131.885,AX1Z1,2,-30
179,pull,1.272,0.000e0,-20.548,-2954.535,6336.278,BX4Z0,4,-49,-105.554,-3261.545,5104.876,BX4Z3,4,-49
180,pull,1.272,0.000e0,-2547.702,1495.720,6336.662,AX4Z0,4,-49,-2771.517,1722.988,5105.294,AX4Z3,4,-49
181,pull,1.272,0.000e0,2570.100,1459.551,6336.428,CX4Z0,4,-49,2877.957,1539.740,5104.835,CX4Z3,4,-49
182,pull,1.275,0.000e0,2800.058,-3.338,6273.712,CX4Z4,4,-49,3077.298,109.508,5034.098,CX4Z1,4,-49
183,pull,1.275,0.000e0,-1395.843,2426.452,6274.203,AX4Z4,4,-49,-1632.531,2610.677,5034.605,AX4Z1,4,-49
184,pull,1.275,0.000e0,-1402.101,-2422.083,6274.090,BX4Z4,4,-49,-1443.734,-2718.847,5034.414,BX4Z1,4,-49
185,pull,1.262,0.000e0,710.765,384.661,7375.151,CX2Z2,2,-49,1409.525,816.638,6417.696,CX2Z5,2,-49
186,pull,1.262,0.000e0,-687.055,422.757,7375.381,AX2Z2,2,-49,-1410.686,812.257,6417.823,AX2Z5,2,-49
187,pull,1.262,0.000e0,-21.607,-806.711,7375.538,BX2Z2,2,-49,3.081,-1627.919,6417.741,BX2Z5,2,-49
188,pull,1.276,0.000e0,-1110.932,-60.410,8430.246,AX1Z0,2,-49,-1542.494,546.132,7393.439,AX1Z3,4,-49
189,pull,1.276,0.000e0,609.032,-932.034,8430.078,BX1Z0,2,-49,299.265,-1609.120,7393.348,BX1Z3,4,-49
190,pull,1.276,0.000e0,503.702,992.948,8429.854,CX1Z0,2,-49,1244.971,1063.804,7393.075,CX1Z3,4,-49
191,pull,1.279,0.000e0,1560.611,498.049,5970.742,CX4Z2,2,-49,1857.894,626.994,4733.348,CX4Z5,4,-49
192,pull,1.279,0.000e0,-1210.556,1102.457,5970.665,AX4Z2,2,-49,-1471.180,1295.907,4733.296,AX4Z5,4,-49
193,pull,1.279,0.000e0,-348.405,-1599.638,5970.580,BX4Z2,2,-49,-385.975,-1921.724,4733.088,BX4Z5,4,-49
194,pull,1.296,0.000e0,-1783.670,897.840,8138.430,AX2Z0,4,-49,-2201.700,1736.284,7243.604,AX2Z3,4,-49
195,pull,1.296,0.000e0,115.221,-1993.907,8138.495,BX2Z0,4,-49,-401.855,-2775.059,7243.555,BX2Z3,4,-49
196,pull,1.296,0.000e0,1669.581,1095.529,8138.838,CX2Z0,4,-49,2605.412,1039.868,7243.526,CX2Z3,4,-49
197,pull,1.288,0.000e0,1106.744,-188.121,8984.310,CX1Z2,2,-49,2048.350,318.886,8267.258,CX1Z5,4,-49
198,pull,1.288,5.354e-6,-715.572,-864.223,8985.022,BX1Z2,2,-49,-746.977,-1932.369,8266.610,BX1Z5,4,-49
199,pull,1.288,5.803e-5,-390.008,1052.595,8985.424,AX1Z2,2,-49,-1299.187,1614.072,8266.846,AX1Z5,4,-49
200,pull,1.305,9.859e-5,1654.468,-417.357,7946.052,CX2Z4,4,-49,2182.123,-307.541,6757.320,CX2Z1,4,-49
201,pull,1.305,2.934e-4,-1188.041,-1223.166,7945.843,BX2Z4,4,-49,-1356.722,-1735.306,6756.936,BX2Z1,4,-49
202,pull,1.306,5.215e-4,-464.373,1640.714,7946.253,AX2Z4,4,-49,-823.510,2043.335,6757.165,AX2Z1,4,-49
203,pull,1.308,0.000e0,2972.184,940.579,3804.601,CX4YZ1,2,-49,2877.471,1496.746,4985.060,CX4Z3,3,+12
204,pull,1.308,0.000e0,-2299.995,2104.579,3804.983,AX4YZ1,2,-49,-2734.061,1744.112,4985.518,AX4Z3,3,+12
205,pull,1.308,0.000e0,-671.973,-3043.645,3804.674,BX4YZ1,2,-49,-142.583,-3239.642,4985.109,BX4Z3,3,+12
206,pull,1.319,0.000e0,-762.140,-3011.449,3793.452,BX4YZ1,3,-49,-1390.561,-2754.105,4923.683,BX4Z1,3,+12
207,pull,1.307,0.000e0,2985.562,845.144,3806.774,CX4YZ1,1,-49,3081.197,173.210,4923.378,CX4Z1,3,+12
208,pull,1.307,0.000e0,-2224.032,2163.881,3807.156,AX4YZ1,1,-49,-1689.671,2582.248,4923.885,AX4Z1,3,+12
209,pull,1.307,4.374e-4,-692.454,-2953.214,3786.672,BX4YZ1,1,-49,-424.006,-2002.812,4643.241,BX4Z5,3,+12
210,pull,1.319,4.806e-4,2907.928,878.875,3773.195,CX4YZ1,3,-49,1947.093,634.639,4643.460,CX4Z5,3,+12
211,pull,1.319,4.948e-4,-2214.446,2079.783,3773.551,AX4YZ1,3,-49,-1522.413,1369.376,4643.451,AX4Z5,3,+12
212,pull,1.363,0.000e0,-656.159,1196.061,6672.879,AX3Z4,4,-49,-1147.988,1799.901,5554.893,AX3Z1,2,-49
213,pull,1.363,0.000e0,-706.652,-1166.415,6672.844,BX3Z4,4,-49,-983.610,-1894.207,5554.737,BX3Z1,2,-49
214,pull,1.363,0.000e0,1364.544,-28.952,6672.861,CX3Z4,4,-49,2133.336,95.221,5554.711,CX3Z1,2,-49
215,pull,1.370,5.769e-4,-1225.589,-2462.464,7232.958,BX3Z2,4,-68,-914.703,-3016.544,6019.545,BX3Z5,1,-49
216,pull,1.370,5.583e-4,2746.657,169.559,7232.876,CX3Z2,4,-68,3070.714,716.250,6019.538,CX3Z5,1,-49
217,pull,1.375,5.763e-4,-1518.960,2293.263,7233.142,AX3Z2,4,-68,-2159.729,2304.957,6017.144,AX3Z5,2,-49
218,pull,1.377,0.000e0,1775.832,1302.994,7054.840,CX3Z0,4,-49,2092.821,1251.242,5716.125,CX3Z3,1,-49
219,pull,1.377,0.000e0,241.214,-2188.558,7054.723,BX3Z0,4,-49,37.639,-2437.210,5715.869,BX3Z3,1,-49
220,pull,1.382,0.000e0,-2015.235,886.263,7054.896,AX3Z0,4,-49,-2131.185,1183.238,5710.438,AX3Z3,2,-49
221,pull,1.367,0.000e0,-37.557,-37.986,10937.581,YZ1,2,-49,-601.233,-609.630,9830.818,Z11,3,+12
222,pull,1.373,0.000e0,-13.060,52.323,10944.595,YZ1,3,-49,-226.220,827.700,9831.383,Z7,3,+12
223,pull,1.362,1.277e-4,52.854,-14.009,10930.567,YZ1,1,-49,830.171,-216.103,9830.167,Z3,3,+12
224,pull,1.405,0.000e0,1069.153,699.613,9108.577,Z1,2,-30,-170.798,868.072,9747.365,Z7,2,-49
225,pull,1.408,0.000e0,-1144.403,580.057,9112.635,Z5,3,-30,-663.926,-581.884,9746.816,Z11,2,-49
226,pull,1.409,0.000e0,70.927,-1281.544,9112.309,Z9,3,-30,837.443,-284.253,9746.161,Z3,2,-49
227,push-fea,1.837,0.000e0,0.374,0.466,9142.298,YZ0,3,90,0.735,0.099,10979.676,YZ1,3,90
228,push-fea,1.838,0.000e0,-602.364,-2499.361,5515.037,BX4YZ0,3,90,-710.627,-3016.468,3755.117,BX4YZ1,3,90
229,push-fea,1.838,0.000e0,2466.361,728.502,5515.042,CX4YZ0,3,90,2967.962,893.523,3755.038,CX4YZ1,3,90
230,push-fea,1.838,0.000e0,-1863.047,1772.067,5515.243,AX4YZ0,3,90,-2257.143,2124.465,3755.416,AX4YZ1,3,90
231,push-fea,1.910,-1.958e-4,1565.330,510.230,6026.346,CX4Z2,4,90,2863.052,1520.915,5056.242,CX4Z3,4,90
232,push-fea,1.910,-1.902e-4,-340.193,-1609.805,6026.182,BX4Z2,4,90,-114.420,-3239.233,5056.283,BX4Z3,4,90
233,push-fea,1.910,-1.666e-4,-1223.452,1100.437,6026.271,AX4Z2,4,90,-2747.769,1719.519,5056.695,AX4Z3,4,90
234,push-fea,1.919,-7.237e-4,-1372.959,-2389.247,6305.876,BX4Z4,4,90,-416.286,-1953.164,4700.985,BX4Z5,4,90
235,push-fea,1.919,-7.020e-4,2757.063,5.464,6305.521,CX4Z4,4,90,1900.264,616.481,4701.221,CX4Z5,4,90
236,push-fea,1.919,-6.358e-4,-1381.964,2384.802,6305.992,AX4Z4,4,90,-1483.265,1337.872,4701.190,AX4Z5,4,90
237,push-fea,1.949,-3.378e-4,-50.775,-2932.735,6375.635,BX4Z0,4,90,-1414.233,-2742.416,4995.529,BX4Z1,4,90
238,push-fea,1.949,-3.287e-4,2566.358,1422.467,6375.780,CX4Z0,4,90,3082.937,146.850,4995.219,CX4Z1,4,90
239,push-fea,1.949,-3.162e-4,-2513.698,1510.996,6376.010,AX4Z0,4,90,-1667.697,2596.903,4995.727,AX4Z1,4,90
240,push-fea,1.979,-4.219e-4,209.141,-2161.031,7088.655,BX3Z0,4,90,-976.541,-1938.708,5519.635,BX3Z1,4,90
241,push-fea,1.979,-4.132e-4,-1975.357,900.275,7088.827,AX3Z0,4,90,-1190.064,1816.035,5519.796,AX3Z1,4,90
242,push-fea,1.979,-4.065e-4,1768.036,1261.451,7088.771,CX3Z0,4,90,2168.341,123.597,5519.612,CX3Z1,4,90
243,push-fea,1.991,0.000e0,474.155,960.318,8466.251,CX1Z0,4,90,1364.485,-209.161,7123.587,CX1Z1,4,90
244,push-fea,1.991,0.000e0,595.558,-890.124,8466.472,BX1Z0,4,90,-862.486,-1076.090,7123.657,BX1Z1,4,90
245,push-fea,1.991,0.000e0,-1067.904,-69.690,8466.647,AX1Z0,4,90,-499.796,1285.890,7123.708,AX1Z1,4,90
246,push-fea,2.000,-1.445e-4,-1146.898,-1203.238,7974.961,BX2Z4,4,90,-21.520,-1671.084,6389.562,BX2Z5,4,90
247,push-fea,2.000,-1.121e-4,-467.702,1595.111,7975.358,AX2Z4,4,90,-1435.770,855.159,6389.667,AX2Z5,4,90
248,push-fea,2.000,-2.789e-5,1616.646,-391.681,7975.172,CX2Z4,4,90,1459.212,816.921,6389.526,CX2Z5,4,90
249,push-fea,2.000,0.000e0,-676.319,1195.080,6723.183,AX3Z4,4,90,-2169.507,2288.275,5963.398,AX3Z5,4,90
250,push-fea,2.001,0.000e0,-695.734,-1183.389,6723.148,BX3Z4,4,90,-896.071,-3023.103,5963.140,BX3Z5,4,90
251,push-fea,2.001,0.000e0,1373.781,-11.006,6723.165,CX3Z4,4,90,3067.068,735.684,5963.139,CX3Z5,4,90
252,push-fea,2.010,0.000e0,-1500.221,2265.551,7259.870,AX3Z2,4,90,-2128.670,1216.562,5664.116,AX3Z3,4,90
253,push-fea,2.010,0.000e0,-1210.961,-2432.387,7259.694,BX3Z2,4,90,11.783,-2451.757,5663.987,BX3Z3,4,90
254,push-fea,2.010,0.000e0,2713.299,167.177,7259.616,CX3Z2,4,90,2118.340,1236.139,5664.235,CX3Z3,4,90
255,push-fea,2.030,-2.052e-4,702.396,371.093,7430.000,CX2Z2,4,90,2611.002,1019.581,7193.576,CX2Z3,4,90
256,push-fea,2.030,-1.931e-4,-29.178,-792.685,7430.387,BX2Z2,4,90,-422.281,-2769.735,7193.632,BX2Z3,4,90
257,push-fea,2.030,-1.667e-4,-464.243,-3.825,7714.710,BX1Z4,4,90,-743.839,-1950.709,8215.702,BX1Z5,4,90
258,push-fea,2.030,-1.405e-4,236.892,-400.588,7714.984,CX1Z4,4,90,2062.675,330.772,8216.353,CX1Z5,4,90
259,push-fea,2.030,-1.361e-4,-671.123,422.292,7430.229,AX2Z2,4,90,-2186.880,1751.317,7193.683,AX2Z3,4,90
260,push-fea,2.030,-7.916e-5,229.416,404.378,7714.989,AX1Z4,4,90,-1316.637,1620.526,8215.938,AX1Z5,4,90
261,push-fea,2.041,0.000e0,1628.715,1065.132,8157.377,CX2Z0,4,90,2200.402,-269.817,6722.960,CX2Z1,4,90
262,push-fea,2.042,0.000e0,-1736.929,877.610,8156.975,AX2Z0,4,90,-865.316,2040.349,6722.795,AX2Z1,4,90
263,push-fea,2.042,0.000e0,109.366,-1943.312,8157.035,BX2Z0,4,90,-1333.218,-1770.008,6722.567,BX2Z1,4,90
264,push-fea,2.050,-3.094e-5,-691.938,-813.568,8996.768,BX1Z2,4,90,254.295,-1630.843,7372.286,BX1Z3,4,90
265,push-fea,2.050,-1.163e-7,1051.053,-193.007,8996.018,CX1Z2,4,90,1286.263,1035.717,7372.006,CX1Z3,4,90
266,push-fea,2.050,0.000e0,-357.966,1006.796,8997.179,AX1Z2,4,90,-1538.823,595.940,7372.379,AX1Z3,4,90
267,push-fea,2.349,-2.462e-4,472.734,503.564,7636.854,Z8,4,90,39.086,-1310.609,9065.318,Z9,4,90
268,push-fea,2.349,-2.315e-4,-672.073,157.228,7636.746,Z0,4,90,1115.584,688.102,9065.870,Z1,4,90
269,push-fea,2.350,-1.269e-4,200.629,-660.618,7636.846,Z4,4,90,-1153.674,622.156,9065.641,Z5,4,90
270,push-fea,2.400,0.000e0,152.297,1097.857,8267.997,Z10,4,90,-621.016,-618.079,9757.359,Z11,4,90
271,push-fea,2.400,0.000e0,-1026.216,-417.136,8268.116,Z2,4,90,847.345,-228.995,9756.697,Z3,4,90
272,push-fea,2.402,0.000e0,875.767,-681.205,8267.865,Z6,4,90,-223.608,849.041,9757.921,Z7,4,90
273,pull-fea,0.274,2.705e-4,200.629,-660.618,7636.846,Z4,4,90,236.892,-400.588,7714.984,CX1Z4,4,90
274,pull-fea,0.274,8.025e-4,472.734,503.564,7636.854,Z8,4,90,229.416,404.378,7714.989,AX1Z4,4,90
275,pull-fea,0.274,1.483e-3,-672.073,157.228,7636.746,Z0,4,90,-464.243,-3.825,7714.710,BX1Z4,4,90
276,pull-fea,0.336,6.649e-4,200.629,-660.618,7636.846,Z4,4,90,-29.178,-792.685,7430.387,BX2Z2,4,90
277,pull-fea,0.336,6.817e-4,-672.073,157.228,7636.746,Z0,4,90,-671.123,422.292,7430.229,AX2Z2,4,90
278,pull-fea,0.336,1.463e-3,472.734,503.564,7636.854,Z8,4,90,702.396,371.093,7430.000,CX2Z2,4,90
279,pull-fea,0.402,0.000e0,875.767,-681.205,8267.865,Z6,4,90,595.558,-890.124,8466.472,BX1Z0,4,90
280,pull-fea,0.402,0.000e0,152.297,1097.857,8267.997,Z10,4,90,474.155,960.318,8466.251,CX1Z0,4,90
281,pull-fea,0.402,0.000e0,-1026.216,-417.136,8268.116,Z2,4,90,-1067.904,-69.690,8466.647,AX1Z0,4,90
282,pull-fea,0.447,2.916e-4,1364.485,-209.161,7123.587,CX1Z1,4,90,1373.781,-11.006,6723.165,CX3Z4,4,90
283,pull-fea,0.447,4.912e-4,-862.486,-1076.090,7123.657,BX1Z1,4,90,-695.734,-1183.389,6723.148,BX3Z4,4,90
284,pull-fea,0.447,7.792e-4,-499.796,1285.890,7123.708,AX1Z1,4,90,-676.319,1195.080,6723.183,AX3Z4,4,90
285,pull-fea,0.487,0.000e0,1459.212,816.921,6389.526,CX2Z5,4,90,1565.330,510.230,6026.346,CX4Z2,4,90
286,pull-fea,0.487,0.000e0,-1435.770,855.159,6389.667,AX2Z5,4,90,-1223.452,1100.437,6026.271,AX4Z2,4,90
287,pull-fea,0.487,0.000e0,-21.520,-1671.084,6389.562,BX2Z5,4,90,-340.193,-1609.805,6026.182,BX4Z2,4,90
288,pull-fea,0.603,0.000e0,1286.263,1035.717,7372.006,CX1Z3,4,90,1768.036,1261.451,7088.771,CX3Z0,4,90
289,pull-fea,0.603,0.000e0,254.295,-1630.843,7372.286,BX1Z3,4,90,209.141,-2161.031,7088.655,BX3Z0,4,90
290,pull-fea,0.603,0.000e0,-1538.823,595.940,7372.379,AX1Z3,4,90,-1975.357,900.275,7088.827,AX3Z0,4,90
291,pull-fea,0.747,0.000e0,-1333.218,-1770.008,6722.567,BX2Z1,4,90,-1372.959,-2389.247,6305.876,BX4Z4,4,90
292,pull-fea,0.748,0.000e0,-865.316,2040.349,6722.795,AX2Z1,4,90,-1381.964,2384.802,6305.992,AX4Z4,4,90
293,pull-fea,0.748,0.000e0,2200.402,-269.817,6722.960,CX2Z1,4,90,2757.063,5.464,6305.521,CX4Z4,4,90
294,pull-fea,0.788,1.228e-3,847.345,-228.995,9756.697,Z3,4,90,1051.053,-193.007,8996.018,CX1Z2,4,90
295,pull-fea,0.788,1.036e-3,-223.608,849.041,9757.921,Z7,4,90,-357.966,1006.796,8997.179,AX1Z2,4,90
296,pull-fea,0.789,1.346e-3,-621.016,-618.079,9757.359,Z11,4,90,-691.938,-813.568,8996.768,BX1Z2,4,90
297,pull-fea,0.847,0.000e0,152.297,1097.857,8267.997,Z10,4,90,-467.702,1595.111,7975.358,AX2Z4,4,90
298,pull-fea,0.848,0.000e0,875.767,-681.205,8267.865,Z6,4,90,1616.646,-391.681,7975.172,CX2Z4,4,90
299,pull-fea,0.848,0.000e0,-1026.216,-417.136,8268.116,Z2,4,90,-1146.898,-1203.238,7974.961,BX2Z4,4,90
300,pull-fea,0.855,0.000e0,1628.715,1065.132,8157.377,CX2Z0,4,90,2062.675,330.772,8216.353,CX1Z5,4,90
301,pull-fea,0.855,0.000e0,109.366,-1943.312,8157.035,BX2Z0,4,90,-743.839,-1950.709,8215.702,BX1Z5,4,90
302,pull-fea,0.856,0.000e0,-1736.929,877.610,8156.975,AX2Z0,4,90,-1316.637,1620.526,8215.938,AX1Z5,4,90
303,pull-fea,0.857,0.000e0,-1736.929,877.610,8156.975,AX2Z0,4,90,-1538.823,595.940,7372.379,AX1Z3,4,90
304,pull-fea,0.857,0.000e0,109.366,-1943.312,8157.035,BX2Z0,4,90,254.295,-1630.843,7372.286,BX1Z3,4,90
305,pull-fea,0.857,0.000e0,1628.715,1065.132,8157.377,CX2Z0,4,90,1286.263,1035.717,7372.006,CX1Z3,4,90
306,pull-fea,0.860,0.000e0,-1210.961,-2432.387,7259.694,BX3Z2,4,90,-422.281,-2769.735,7193.632,BX2Z3,4,90
307,pull-fea,0.860,0.000e0,-1500.221,2265.551,7259.870,AX3Z2,4,90,-2186.880,1751.317,7193.683,AX2Z3,4,90
308,pull-fea,0.861,0.000e0,2713.299,167.177,7259.616,CX3Z2,4,90,2611.002,1019.581,7193.576,CX2Z3,4,90
309,pull-fea,0.861,0.000e0,-50.775,-2932.735,6375.635,BX4Z0,4,90,11.783,-2451.757,5663.987,BX3Z3,4,90
310,pull-fea,0.861,0.000e0,-2513.698,1510.996,6376.010,AX4Z0,4,90,-2128.670,1216.562,5664.116,AX3Z3,4,90
311,pull-fea,0.861,0.000e0,2566.358,1422.467,6375.780,CX4Z0,4,90,2118.340,1236.139,5664.235,CX3Z3,4,90
312,pull-fea,0.861,0.000e0,2713.299,167.177,7259.616,CX3Z2,4,90,2200.402,-269.817,6722.960,CX2Z1,4,90
313,pull-fea,0.862,0.000e0,-1210.961,-2432.387,7259.694,BX3Z2,4,90,-1333.218,-1770.008,6722.567,BX2Z1,4,90
314,pull-fea,0.862,6.296e-6,-1500.221,2265.551,7259.870,AX3Z2,4,90,-865.316,2040.349,6722.795,AX2Z1,4,90
315,pull-fea,0.864,0.000e0,2757.063,5.464,6305.521,CX4Z4,4,90,3067.068,735.684,5963.139,CX3Z5,4,90
316,pull-fea,0.864,0.000e0,-1372.959,-2389.247,6305.876,BX4Z4,4,90,-896.071,-3023.103,5963.140,BX3Z5,4,90
317,pull-fea,0.864,0.000e0,-1381.964,2384.802,6305.992,AX4Z4,4,90,-2169.507,2288.275,5963.398,AX3Z5,4,90
318,pull-fea,0.866,3.021e-4,-676.319,1195.080,6723.183,AX3Z4,4,90,-865.316,2040.349,6722.795,AX2Z1,4,90
319,pull-fea,0.866,3.853e-4,1373.781,-11.006,6723.165,CX3Z4,4,90,2200.402,-269.817,6722.960,CX2Z1,4,90
320,pull-fea,0.866,4.745e-4,-695.734,-1183.389,6723.148,BX3Z4,4,90,-1333.218,-1770.008,6722.567,BX2Z1,4,90
321,pull-fea,0.877,0.000e0,-340.193,-1609.805,6026.182,BX4Z2,4,90,-976.541,-1938.708,5519.635,BX3Z1,4,90
322,pull-fea,0.877,0.000e0,-1223.452,1100.437,6026.271,AX4Z2,4,90,-1190.064,1816.035,5519.796,AX3Z1,4,90
323,pull-fea,0.877,4.925e-5,1565.330,510.230,6026.346,CX4Z2,4,90,2168.341,123.597,5519.612,CX3Z1,4,90
324,pull-fea,0.883,7.771e-4,1616.646,-391.681,7975.172,CX2Z4,4,90,2062.675,330.772,8216.353,CX1Z5,4,90
325,pull-fea,0.883,8.441e-4,-1146.898,-1203.238,7974.961,BX2Z4,4,90,-743.839,-1950.709,8215.702,BX1Z5,4,90
326,pull-fea,0.883,8.654e-4,-467.702,1595.111,7975.358,AX2Z4,4,90,-1316.637,1620.526,8215.938,AX1Z5,4,90
327,pull-fea,0.883,4.908e-4,-1975.357,900.275,7088.827,AX3Z0,4,90,-2186.880,1751.317,7193.683,AX2Z3,4,90
328,pull-fea,0.883,5.169e-4,1768.036,1261.451,7088.771,CX3Z0,4,90,2611.002,1019.581,7193.576,CX2Z3,4,90
329,pull-fea,0.883,6.280e-4,209.141,-2161.031,7088.655,BX3Z0,4,90,-422.281,-2769.735,7193.632,BX2Z3,4,90
330,pull-fea,0.884,6.964e-4,1768.036,1261.451,7088.771,CX3Z0,4,90,1459.212,816.921,6389.526,CX2Z5,4,90
331,pull-fea,0.884,7.310e-4,209.141,-2161.031,7088.655,BX3Z0,4,90,-21.520,-1671.084,6389.562,BX2Z5,4,90
332,pull-fea,0.884,7.596e-4,-1975.357,900.275,7088.827,AX3Z0,4,90,-1435.770,855.159,6389.667,AX2Z5,4,90
333,pull-fea,0.886,0.000e0,1051.053,-193.007,8996.018,CX1Z2,4,90,1115.584,688.102,9065.870,Z1,4,90
334,pull-fea,0.886,1.793e-4,-357.966,1006.796,8997.179,AX1Z2,4,90,-1153.674,622.156,9065.641,Z5,4,90
335,pull-fea,0.887,1.101e-3,702.396,371.093,7430.000,CX2Z2,4,90,1286.263,1035.717,7372.006,CX1Z3,4,90
336,pull-fea,0.887,3.961e-4,-691.938,-813.568,8996.768,BX1Z2,4,90,39.086,-1310.609,9065.318,Z9,4,90
337,pull-fea,0.887,1.251e-3,-29.178,-792.685,7430.387,BX2Z2,4,90,254.295,-1630.843,7372.286,BX1Z3,4,90
338,pull-fea,0.887,1.352e-3,-671.123,422.292,7430.229,AX2Z2,4,90,-1538.823,595.940,7372.379,AX1Z3,4,90
339,pull-fea,0.890,8.128e-4,236.892,-400.588,7714.984,CX1Z4,4,90,875.767,-681.205,8267.865,Z6,4,90
340,pull-fea,0.890,8.589e-4,229.416,404.378,7714.989,AX1Z4,4,90,152.297,1097.857,8267.997,Z10,4,90
341,pull-fea,0.890,1.006e-3,-464.243,-3.825,7714.710,BX1Z4,4,90,-1026.216,-417.136,8268.116,Z2,4,90
342,pull-fea,0.894,5.660e-4,1051.053,-193.007,8996.018,CX1Z2,4,90,875.767,-681.205,8267.865,Z6,4,90
343,pull-fea,0.894,9.164e-4,-691.938,-813.568,8996.768,BX1Z2,4,90,-1026.216,-417.136,8268.116,Z2,4,90
344,pull-fea,0.895,1.272e-3,-357.966,1006.796,8997.179,AX1Z2,4,90,152.297,1097.857,8267.997,Z10,4,90
345,pull-fea,0.896,3.353e-4,-676.319,1195.080,6723.183,AX3Z4,4,90,-1435.770,855.159,6389.667,AX2Z5,4,90
346,pull-fea,0.896,4.383e-4,-695.734,-1183.389,6723.148,BX3Z4,4,90,-21.520,-1671.084,6389.562,BX2Z5,4,90
347,pull-fea,0.897,6.872e-4,1373.781,-11.006,6723.165,CX3Z4,4,90,1459.212,816.921,6389.526,CX2Z5,4,90
348,pull-fea,0.907,0.000e0,-1146.898,-1203.238,7974.961,BX2Z4,4,90,-862.486,-1076.090,7123.657,BX1Z1,4,90
349,pull-fea,0.907,0.000e0,-467.702,1595.111,7975.358,AX2Z4,4,90,-499.796,1285.890,7123.708,AX1Z1,4,90
350,pull-fea,0.907,0.000e0,1616.646,-391.681,7975.172,CX2Z4,4,90,1364.485,-209.161,7123.587,CX1Z1,4,90
351,pull-fea,0.913,0.000e0,2611.002,1019.581,7193.576,CX2Z3,4,90,2566.358,1422.467,6375.780,CX4Z0,4,90
352,pull-fea,0.913,0.000e0,-2186.880,1751.317,7193.683,AX2Z3,4,90,-2513.698,1510.996,6376.010,AX4Z0,4,90
353,pull-fea,0.913,0.000e0,-422.281,-2769.735,7193.632,BX2Z3,4,90,-50.775,-2932.735,6375.635,BX4Z0,4,90
354,pull-fea,0.919,6.085e-4,-1067.904,-69.690,8466.647,AX1Z0,4,90,-1153.674,622.156,9065.641,Z5,4,90
355,pull-fea,0.919,7.574e-4,474.155,960.318,8466.251,CX1Z0,4,90,1115.584,688.102,9065.870,Z1,4,90
356,pull-fea,0.919,7.726e-4,595.558,-890.124,8466.472,BX1Z0,4,90,39.086,-1310.609,9065.318,Z9,4,90
357,pull-fea,0.932,1.227e-4,-29.178,-792.685,7430.387,BX2Z2,4,90,-862.486,-1076.090,7123.657,BX1Z1,4,90
358,pull-fea,0.932,2.368e-4,702.396,371.093,7430.000,CX2Z2,4,90,1364.485,-209.161,7123.587,CX1Z1,4,90
359,pull-fea,0.932,3.145e-4,-671.123,422.292,7430.229,AX2Z2,4,90,-499.796,1285.890,7123.708,AX1Z1,4,90
360,pull-fea,0.938,1.191e-3,236.892,-400.588,7714.984,CX1Z4,4,90,472.734,503.564,7636.854,Z8,4,90
361,pull-fea,0.938,1.367e-3,-464.243,-3.825,7714.710,BX1Z4,4,90,200.629,-660.618,7636.846,Z4,4,90
362,pull-fea,0.938,1.578e-3,229.416,404.378,7714.989,AX1Z4,4,90,-672.073,157.228,7636.746,Z0,4,90
363,pull-fea,0.945,9.521e-4,2566.358,1422.467,6375.780,CX4Z0,4,90,3067.068,735.684,5963.139,CX3Z5,4,90
364,pull-fea,0.945,1.023e-3,-50.775,-2932.735,6375.635,BX4Z0,4,90,-896.071,-3023.103,5963.140,BX3Z5,4,90
365,pull-fea,0.945,1.022e-3,-2513.698,1510.996,6376.010,AX4Z0,4,90,-2169.507,2288.275,5963.398,AX3Z5,4,90
366,pull-fea,0.947,4.451e-4,474.155,960.318,8466.251,CX1Z0,4,90,472.734,503.564,7636.854,Z8,4,90
367,pull-fea,0.947,6.564e-4,-1067.904,-69.690,8466.647,AX1Z0,4,90,-672.073,157.228,7636.746,Z0,4,90
368,pull-fea,0.947,6.659e-4,595.558,-890.124,8466.472,BX1Z0,4,90,200.629,-660.618,7636.846,Z4,4,90
369,pull-fea,0.982,4.462e-4,1565.330,510.230,6026.346,CX4Z2,4,90,2118.340,1236.139,5664.235,CX3Z3,4,90
370,pull-fea,0.982,4.880e-4,-340.193,-1609.805,6026.182,BX4Z2,4,90,11.783,-2451.757,5663.987,BX3Z3,4,90
371,pull-fea,0.982,4.918e-4,-1223.452,1100.437,6026.271,AX4Z2,4,90,-2128.670,1216.562,5664.116,AX3Z3,4,90
372,pull-fea,0.989,9.766e-4,2757.063,5.464,6305.521,CX4Z4,4,90,2168.341,123.597,5519.612,CX3Z1,4,90
373,pull-fea,0.989,1.010e-3,-1372.959,-2389.247,6305.876,BX4Z4,4,90,-976.541,-1938.708,5519.635,BX3Z1,4,90
374,pull-fea,0.989,1.102e-3,-1381.964,2384.802,6305.992,AX4Z4,4,90,-1190.064,1816.035,5519.796,AX3Z1,4,90
375,pull-fea,0.992,1.229e-3,-976.541,-1938.708,5519.635,BX3Z1,4,90,-416.286,-1953.164,4700.985,BX4Z5,4,90
376,pull-fea,0.992,1.300e-3,2168.341,123.597,5519.612,CX3Z1,4,90,1900.264,616.481,4701.221,CX4Z5,4,90
377,pull-fea,0.992,1.350e-3,-1190.064,1816.035,5519.796,AX3Z1,4,90,-1483.265,1337.872,4701.190,AX4Z5,4,90
378,pull-fea,0.994,0.000e0,-602.364,-2499.361,5515.037,BX4YZ0,3,90,-1414.233,-2742.416,4995.529,BX4Z1,4,90
379,pull-fea,0.994,0.000e0,-1863.047,1772.067,5515.243,AX4YZ0,3,90,-1667.697,2596.903,4995.727,AX4Z1,4,90
380,pull-fea,0.994,0.000e0,2466.361,728.502,5515.042,CX4YZ0,3,90,3082.937,146.850,4995.219,CX4Z1,4,90
381,pull-fea,0.998,3.443e-4,2466.361,728.502,5515.042,CX4YZ0,3,90,1900.264,616.481,4701.221,CX4Z5,4,90
382,pull-fea,0.998,3.504e-4,-1863.047,1772.067,5515.243,AX4YZ0,3,90,-1483.265,1337.872,4701.190,AX4Z5,4,90
383,pull-fea,0.998,4.217e-4,-602.364,-2499.361,5515.037,BX4YZ0,3,90,-416.286,-1953.164,4700.985,BX4Z5,4,90
384,pull-fea,0.998,0.000e0,-1863.047,1772.067,5515.243,AX4YZ0,3,90,-2747.769,1719.519,5056.695,AX4Z3,4,90
385,pull-fea,0.998,0.000e0,2466.361,728.502,5515.042,CX4YZ0,3,90,2863.052,1520.915,5056.242,CX4Z3,4,90
386,pull-fea,0.998,0.000e0,-602.364,-2499.361,5515.037,BX4YZ0,3,90,-114.420,-3239.233,5056.283,BX4Z3,4,90
387,pull-fea,1.003,0.000e0,-2128.670,1216.562,5664.116,AX3Z3,4,90,-2747.769,1719.519,5056.695,AX4Z3,4,90
388,pull-fea,1.003,0.000e0,11.783,-2451.757,5663.987,BX3Z3,4,90,-114.420,-3239.233,5056.283,BX4Z3,4,90
389,pull-fea,1.003,0.000e0,2118.340,1236.139,5664.235,CX3Z3,4,90,2863.052,1520.915,5056.242,CX4Z3,4,90
390,pull-fea,1.071,0.000e0,0.374,0.466,9142.298,YZ0,3,90,-621.016,-618.079,9757.359,Z11,4,90
391,pull-fea,1.071,0.000e0,0.374,0.466,9142.298,YZ0,3,90,847.345,-228.995,9756.697,Z3,4,90
392,pull-fea,1.072,1.889e-4,0.374,0.466,9142.298,YZ0,3,90,-223.608,849.041,9757.921,Z7,4,90
393,pull-fea,1.109,0.000e0,39.086,-1310.609,9065.318,Z9,4,90,109.366,-1943.312,8157.035,BX2Z0,4,90
394,pull-fea,1.109,0.000e0,1115.584,688.102,9065.870,Z1,4,90,1628.715,1065.132,8157.377,CX2Z0,4,90
395,pull-fea,1.110,0.000e0,-1153.674,622.156,9065.641,Z5,4,90,-1736.929,877.610,8156.975,AX2Z0,4,90
396,pull-fea,1.133,0.000e0,-2169.507,2288.275,5963.398,AX3Z5,4,90,-1667.697,2596.903,4995.727,AX4Z1,4,90
397,pull-fea,1.133,0.000e0,-896.071,-3023.103,5963.140,BX3Z5,4,90,-1414.233,-2742.416,4995.529,BX4Z1,4,90
398,pull-fea,1.133,0.000e0,3067.068,735.684,5963.139,CX3Z5,4,90,3082.937,146.850,4995.219,CX4Z1,4,90
399,pull-fea,1.168,0.000e0,-1316.637,1620.526,8215.938,AX1Z5,4,90,-1500.221,2265.551,7259.870,AX3Z2,4,90
400,pull-fea,1.168,0.000e0,-743.839,-1950.709,8215.702,BX1Z5,4,90,-1210.961,-2432.387,7259.694,BX3Z2,4,90
401,pull-fea,1.169,0.000e0,2062.675,330.772,8216.353,CX1Z5,4,90,2713.299,167.177,7259.616,CX3Z2,4,90
402,pull-fea,1.288,0.000e0,-464.243,-3.825,7714.710,BX1Z4,4,90,-862.486,-1076.090,7123.657,BX1Z1,4,90
403,pull-fea,1.288,0.000e0,236.892,-400.588,7714.984,CX1Z4,4,90,1364.485,-209.161,7123.587,CX1Z1,4,90
404,pull-fea,1.288,0.000e0,229.416,404.378,7714.989,AX1Z4,4,90,-499.796,1285.890,7123.708,AX1Z1,4,90
405,pull-fea,1.356,0.000e0,-50.775,-2932.735,6375.635,BX4Z0,4,90,-114.420,-3239.233,5056.283,BX4Z3,4,90
406,pull-fea,1.356,0.000e0,-2513.698,1510.996,6376.010,AX4Z0,4,90,-2747.769,1719.519,5056.695,AX4Z3,4,90
407,pull-fea,1.356,0.000e0,2566.358,1422.467,6375.780,CX4Z0,4,90,2863.052,1520.915,5056.242,CX4Z3,4,90
408,pull-fea,1.358,0.000e0,2757.063,5.464,6305.521,CX4Z4,4,90,3082.937,146.850,4995.219,CX4Z1,4,90
409,pull-fea,1.358,0.000e0,-1381.964,2384.802,6305.992,AX4Z4,4,90,-1667.697,2596.903,4995.727,AX4Z1,4,90
410,pull-fea,1.358,0.000e0,-1372.959,-2389.247,6305.876,BX4Z4,4,90,-1414.233,-2742.416,4995.529,BX4Z1,4,90
411,pull-fea,1.362,0.000e0,702.396,371.093,7430.000,CX2Z2,4,90,1459.212,816.921,6389.526,CX2Z5,4,90
412,pull-fea,1.362,0.000e0,-671.123,422.292,7430.229,AX2Z2,4,90,-1435.770,855.159,6389.667,AX2Z5,4,90
413,pull-fea,1.362,0.000e0,-29.178,-792.685,7430.387,BX2Z2,4,90,-21.520,-1671.084,6389.562,BX2Z5,4,90
414,pull-fea,1.365,0.000e0,-1067.904,-69.690,8466.647,AX1Z0,4,90,-1538.823,595.940,7372.379,AX1Z3,4,90
415,pull-fea,1.365,0.000e0,595.558,-890.124,8466.472,BX1Z0,4,90,254.295,-1630.843,7372.286,BX1Z3,4,90
416,pull-fea,1.365,0.000e0,474.155,960.318,8466.251,CX1Z0,4,90,1286.263,1035.717,7372.006,CX1Z3,4,90
417,pull-fea,1.371,0.000e0,1565.330,510.230,6026.346,CX4Z2,4,90,1900.264,616.481,4701.221,CX4Z5,4,90
418,pull-fea,1.371,0.000e0,-1223.452,1100.437,6026.271,AX4Z2,4,90,-1483.265,1337.872,4701.190,AX4Z5,4,90
419,pull-fea,1.371,0.000e0,-340.193,-1609.805,6026.182,BX4Z2,4,90,-416.286,-1953.164,4700.985,BX4Z5,4,90
420,pull-fea,1.376,0.000e0,-1736.929,877.610,8156.975,AX2Z0,4,90,-2186.880,1751.317,7193.683,AX2Z3,4,90
421,pull-fea,1.376,0.000e0,109.366,-1943.312,8157.035,BX2Z0,4,90,-422.281,-2769.735,7193.632,BX2Z3,4,90
422,pull-fea,1.377,0.000e0,1628.715,1065.132,8157.377,CX2Z0,4,90,2611.002,1019.581,7193.576,CX2Z3,4,90
423,pull-fea,1.380,0.000e0,1051.053,-193.007,8996.018,CX1Z2,4,90,2062.675,330.772,8216.353,CX1Z5,4,90
424,pull-fea,1.381,5.354e-6,-691.938,-813.568,8996.768,BX1Z2,4,90,-743.839,-1950.709,8215.702,BX1Z5,4,90
425,pull-fea,1.381,5.803e-5,-357.966,1006.796,8997.179,AX1Z2,4,90,-1316.637,1620.526,8215.938,AX1Z5,4,90
426,pull-fea,1.387,9.859e-5,1616.646,-391.681,7975.172,CX2Z4,4,90,2200.402,-269.817,6722.960,CX2Z1,4,90
427,pull-fea,1.387,2.934e-4,-1146.898,-1203.238,7974.961,BX2Z4,4,90,-1333.218,-1770.008,6722.567,BX2Z1,4,90
428,pull-fea,1.388,5.215e-4,-467.702,1595.111,7975.358,AX2Z4,4,90,-865.316,2040.349,6722.795,AX2Z1,4,90
429,pull-fea,1.448,0.000e0,-676.319,1195.080,6723.183,AX3Z4,4,90,-1190.064,1816.035,5519.796,AX3Z1,4,90
430,pull-fea,1.448,0.000e0,2967.962,893.523,3755.038,CX4YZ1,3,90,2863.052,1520.915,5056.242,CX4Z3,4,90
431,pull-fea,1.448,0.000e0,-695.734,-1183.389,6723.148,BX3Z4,4,90,-976.541,-1938.708,5519.635,BX3Z1,4,90
432,pull-fea,1.448,0.000e0,1373.781,-11.006,6723.165,CX3Z4,4,90,2168.341,123.597,5519.612,CX3Z1,4,90
433,pull-fea,1.448,0.000e0,-2257.143,2124.465,3755.416,AX4YZ1,3,90,-2747.769,1719.519,5056.695,AX4Z3,4,90
434,pull-fea,1.448,0.000e0,-710.627,-3016.468,3755.117,BX4YZ1,3,90,-114.420,-3239.233,5056.283,BX4Z3,4,90
435,pull-fea,1.452,0.000e0,-710.627,-3016.468,3755.117,BX4YZ1,3,90,-1414.233,-2742.416,4995.529,BX4Z1,4,90
436,pull-fea,1.452,0.000e0,2967.962,893.523,3755.038,CX4YZ1,3,90,3082.937,146.850,4995.219,CX4Z1,4,90
437,pull-fea,1.452,0.000e0,-2257.143,2124.465,3755.416,AX4YZ1,3,90,-1667.697,2596.903,4995.727,AX4Z1,4,90
438,pull-fea,1.453,4.374e-4,-710.627,-3016.468,3755.117,BX4YZ1,3,90,-416.286,-1953.164,4700.985,BX4Z5,4,90
439,pull-fea,1.453,4.806e-4,2967.962,893.523,3755.038,CX4YZ1,3,90,1900.264,616.481,4701.221,CX4Z5,4,90
440,pull-fea,1.453,4.948e-4,-2257.143,2124.465,3755.416,AX4YZ1,3,90,-1483.265,1337.872,4701.190,AX4Z5,4,90
441,pull-fea,1.459,5.769e-4,-1210.961,-2432.387,7259.694,BX3Z2,4,90,-896.071,-3023.103,5963.140,BX3Z5,4,90
442,pull-fea,1.459,5.583e-4,2713.299,167.177,7259.616,CX3Z2,4,90,3067.068,735.684,5963.139,CX3Z5,4,90
443,pull-fea,1.459,5.763e-4,-1500.221,2265.551,7259.870,AX3Z2,4,90,-2169.507,2288.275,5963.398,AX3Z5,4,90
444,pull-fea,1.467,0.000e0,1768.036,1261.451,7088.771,CX3Z0,4,90,2118.340,1236.139,5664.235,CX3Z3,4,90
445,pull-fea,1.467,0.000e0,209.141,-2161.031,7088.655,BX3Z0,4,90,11.783,-2451.757,5663.987,BX3Z3,4,90
446,pull-fea,1.467,0.000e0,-1975.357,900.275,7088.827,AX3Z0,4,90,-2128.670,1216.562,5664.116,AX3Z3,4,90
447,pull-fea,1.504,0.000e0,0.735,0.099,10979.676,YZ1,3,90,-621.016,-618.079,9757.359,Z11,4,90
448,pull-fea,1.505,0.000e0,0.735,0.099,10979.676,YZ1,3,90,-223.608,849.041,9757.921,Z7,4,90
449,pull-fea,1.505,1.277e-4,0.735,0.099,10979.676,YZ1,3,90,847.345,-228.995,9756.697,Z3,4,90
450,pull-fea,1.516,0.000e0,1115.584,688.102,9065.870,Z1,4,90,-223.608,849.041,9757.921,Z7,4,90
451,pull-fea,1.517,0.000e0,-1153.674,622.156,9065.641,Z5,4,90,-621.016,-618.079,9757.359,Z11,4,90
452,pull-fea,1.517,0.000e0,39.086,-1310.609,9065.318,Z9,4,90,847.345,-228.995,9756.697,Z3,4,90
453,axial,0.009,0.000e0,-1223.452,1100.437,6026.271,AX4Z2,0,90,-1215.869,1097.357,6031.095,AX4Z2,1,90
454,radial,0.024,0.000e0,-1215.869,1097.357,6031.095,AX4Z2,1,0.000,-1229.078,1080.815,6041.299,AX4Z2,1,0.000
455,hinge,0.047,0.000e0,-1229.078,1080.815,6041.299,AX4Z2,1,0.000,-1273.283,1082.530,6026.974,AX4Z2,1,0.000
456,axial,0.007,0.000e0,-1215.869,1097.357,6031.095,AX4Z2,1,90,-1210.281,1095.088,6034.649,AX4Z2,2,90
457,radial,0.023,0.000e0,-1210.281,1095.088,6034.649,AX4Z2,2,0.000,-1198.212,1093.344,6014.561,AX4Z2,2,0.000
458,hinge,0.047,0.000e0,-1198.212,1093.344,6014.561,AX4Z2,2,0.000,-1210.556,1102.457,5970.665,AX4Z2,2,0.000
459,axial,0.007,0.000e0,-1210.281,1095.088,6034.649,AX4Z2,2,90,-1204.694,1092.818,6038.203,AX4Z2,3,90
460,radial,0.024,0.000e0,-1204.694,1092.818,6038.203,AX4Z2,3,0.000,-1218.846,1082.264,6053.713,AX4Z2,3,0.000
461,hinge,0.046,0.000e0,-1218.846,1082.264,6053.713,AX4Z2,3,0.000,-1238.521,1058.701,6088.641,AX4Z2,3,0.000
462,axial,0.007,0.000e0,-1204.694,1092.818,6038.203,AX4Z2,3,90,-1199.106,1090.549,6041.757,AX4Z2,4,90
463,radial,0.023,0.000e0,-1199.106,1090.549,6041.757,AX4Z2,4,0.000,-1186.418,1108.380,6033.193,AX4Z2,4,0.000
464,hinge,0.046,0.000e0,-1186.418,1108.380,6033.193,AX4Z2,4,0.000,-1183.233,1146.472,6006.715,AX4Z2,4,0.000
465,axial,0.010,0.000e0,474.155,960.318,8466.251,CX1Z0,0,90,469.907,965.899,8472.659,CX1Z0,1,90
466,radial,0.023,0.000e0,469.907,965.899,8472.659,CX1Z0,1,0.000,450.977,967.383,8458.813,CX1Z0,1,0.000
467,hinge,0.046,0.000e0,450.977,967.383,8458.813,CX1Z0,1,0.000,456.227,943.156,8419.473,CX1Z0,1,0.000
468,axial,0.007,0.000e0,469.907,965.899,8472.659,CX1Z0,1,90,466.776,970.011,8477.380,CX1Z0,2,90
469,radial,0.023,0.000e0,466.776,970.011,8477.380,CX1Z0,2,0.000,476.014,988.962,8466.999,CX1Z0,2,0.000
470,hinge,0.046,0.000e0,476.014,988.962,8466.999,CX1Z0,2,0.000,503.702,992.948,8429.854,CX1Z0,2,0.000
471,axial,0.007,0.000e0,466.776,970.011,8477.380,CX1Z0,2,90,463.646,974.123,8482.101,CX1Z0,3,90
472,radial,0.023,0.000e0,463.646,974.123,8482.101,CX1Z0,3,0.000,446.784,979.165,8466.528,CX1Z0,3,0.000
473,hinge,0.046,0.000e0,446.784,979.165,8466.528,CX1Z0,3,0.000,409.824,994.603,8442.908,CX1Z0,3,0.000
474,axial,0.007,0.000e0,463.646,974.123,8482.101,CX1Z0,3,90,460.515,978.236,8486.822,CX1Z0,4,90
475,radial,0.024,0.000e0,460.515,978.236,8486.822,CX1Z0,4,0.000,476.445,971.906,8502.898,CX1Z0,4,0.000
476,hinge,0.047,0.000e0,476.445,971.906,8502.898,CX1Z0,4,0.000,511.600,953.977,8527.492,CX1Z0,4,0.000
477,axial,0.010,0.000e0,39.086,-1310.609,9065.318,Z9,0,90,37.332,-1317.944,9071.095,Z9,1,90
478,radial,0.023,0.000e0,37.332,-1317.944,9071.095,Z9,1,0.000,57.958,-1327.529,9065.184,Z9,1,0.000
479,hinge,0.046,0.000e0,57.958,-1327.529,9065.184,Z9,1,0.000,81.205,-1301.342,9034.589,Z9,1,0.000
480,axial,0.007,0.000e0,37.332,-1317.944,9071.095,Z9,1,90,36.040,-1323.350,9075.350,Z9,2,90
481,radial,0.023,0.000e0,36.040,-1323.350,9075.350,Z9,2,0.000,14.028,-1315.700,9078.383,Z9,2,0.000
482,hinge,0.047,0.000e0,14.028,-1315.700,9078.383,Z9,2,0.000,-26.792,-1293.429,9078.374,Z9,2,0.000
483,axial,0.007,0.000e0,36.040,-1323.350,9075.350,Z9,2,90,34.748,-1328.755,9079.606,Z9,3,90
484,radial,0.024,0.000e0,34.748,-1328.755,9079.606,Z9,3,0.000,46.499,-1317.973,9096.866,Z9,3,0.000
485,hinge,0.047,0.000e0,46.499,-1317.973,9096.866,Z9,3,0.000,70.927,-1281.544,9112.309,Z9,3,0.000
486,axial,0.007,0.000e0,34.748,-1328.755,9079.606,Z9,3,90,33.456,-1334.160,9083.862,Z9,4,90
487,radial,0.023,0.000e0,33.456,-1334.160,9083.862,Z9,4,0.000,34.648,-1348.854,9065.562,Z9,4,0.000
488,hinge,0.046,0.000e0,34.648,-1348.854,9065.562,Z9,4,0.000,38.740,-1369.830,9024.265,Z9,4,0.000
489,axial,0.010,0.000e0,3082.937,146.850,4995.219,CX4Z1,0,90,3085.454,140.633,4988.491,CX4Z1,1,90
490,radial,0.024,0.000e0,3085.454,140.633,4988.491,CX4Z1,1,0.000,3103.112,133.109,5002.050,CX4Z1,1,0.000
491,hinge,0.046,0.000e0,3103.112,133.109,5002.050,CX4Z1,1,0.000,3104.775,155.745,5042.634,CX4Z1,1,0.000
492,axial,0.007,0.000e0,3085.454,140.633,4988.491,CX4Z1,1,90,3087.309,136.053,4983.533,CX4Z1,2,90
493,radial,0.024,0.000e0,3087.309,136.053,4983.533,CX4Z1,2,0.000,3065.256,135.905,4975.417,CX4Z1,2,0.000
494,hinge,0.046,0.000e0,3065.256,135.905,4975.417,CX4Z1,2,0.000,3037.483,164.009,4999.936,CX4Z1,2,0.000
495,axial,0.007,0.000e0,3087.309,136.053,4983.533,CX4Z1,2,90,3089.164,131.472,4978.576,CX4Z1,3,90
496,radial,0.023,0.000e0,3089.164,131.472,4978.576,CX4Z1,3,0.000,3085.577,147.846,4962.105,CX4Z1,3,0.000
497,hinge,0.047,0.000e0,3085.577,147.846,4962.105,CX4Z1,3,0.000,3081.197,173.210,4923.378,CX4Z1,3,0.000
498,axial,0.007,0.000e0,3089.164,131.472,4978.576,CX4Z1,3,90,3091.019,126.892,4973.618,CX4Z1,4,90
499,radial,0.023,0.000e0,3091.019,126.892,4973.618,CX4Z1,4,0.000,3089.095,109.335,4989.120,CX4Z1,4,0.000
500,hinge,0.046,0.000e0,3089.095,109.335,4989.120,CX4Z1,4,0.000,3077.298,109.508,5034.098,CX4Z1,4,0.000
501,axial,0.010,0.000e0,1364.485,-209.161,7123.587,CX1Z1,0,90,1368.734,-214.742,7117.180,CX1Z1,1,90
502,radial,0.024,0.000e0,1368.734,-214.742,7117.180,CX1Z1,1,0.000,1351.855,-209.724,7101.618,CX1Z1,1,0.000
503,hinge,0.047,0.000e0,1351.855,-209.724,7101.618,CX1Z1,1,0.000,1320.062,-180.678,7119.161,CX1Z1,1,0.000
504,axial,0.007,0.000e0,1368.734,-214.742,7117.180,CX1Z1,1,90,1371.864,-218.854,7112.459,CX1Z1,2,90
505,radial,0.023,0.000e0,1371.864,-218.854,7112.459,CX1Z1,2,0.000,1353.966,-234.023,7113.803,CX1Z1,2,0.000
506,hinge,0.046,0.000e0,1353.966,-234.023,7113.803,CX1Z1,2,0.000,1312.897,-246.358,7131.786,CX1Z1,2,0.000
507,axial,0.007,0.000e0,1371.864,-218.854,7112.459,CX1Z1,2,90,1374.995,-222.966,7107.738,CX1Z1,3,90
508,radial,0.023,0.000e0,1374.995,-222.966,7107.738,CX1Z1,3,0.000,1371.550,-206.616,7091.213,CX1Z1,3,0.000
509,hinge,0.046,0.000e0,1371.550,-206.616,7091.213,CX1Z1,3,0.000,1369.207,-180.652,7052.709,CX1Z1,3,0.000
510,axial,0.007,0.000e0,1374.995,-222.966,7107.738,CX1Z1,3,90,1378.126,-227.078,7103.017,CX1Z1,4,90
511,radial,0.023,0.000e0,1378.126,-227.078,7103.017,CX1Z1,4,0.000,1389.688,-238.079,7120.266,CX1Z1,4,0.000
512,hinge,0.046,0.000e0,1389.688,-238.079,7120.266,CX1Z1,4,0.000,1399.104,-243.272,7165.505,CX1Z1,4,0.000
513,axial,0.009,0.000e0,236.892,-400.588,7714.984,CX1Z4,0,90,228.346,-404.011,7712.637,CX1Z4,1,90
514,radial,0.024,0.000e0,228.346,-404.011,7712.637,CX1Z4,1,0.000,231.610,-422.152,7727.215,CX1Z4,1,0.000
515,hinge,0.046,0.000e0,231.610,-422.152,7727.215,CX1Z4,1,0.000,267.415,-433.056,7754.808,CX1Z4,1,0.000
516,axial,0.007,0.000e0,228.346,-404.011,7712.637,CX1Z4,1,90,222.050,-406.533,7710.908,CX1Z4,2,90
517,radial,0.023,0.000e0,222.050,-406.533,7710.908,CX1Z4,2,0.000,229.624,-410.426,7689.006,CX1Z4,2,0.000
518,hinge,0.046,0.000e0,229.624,-410.426,7689.006,CX1Z4,2,0.000,271.024,-402.835,7669.241,CX1Z4,2,0.000
519,axial,0.007,0.000e0,222.050,-406.533,7710.908,CX1Z4,2,90,215.753,-409.056,7709.179,CX1Z4,3,90
520,radial,0.023,0.000e0,215.753,-409.056,7709.179,CX1Z4,3,0.000,225.347,-430.078,7704.908,CX1Z4,3,0.000
521,hinge,0.046,0.000e0,225.347,-430.078,7704.908,CX1Z4,3,0.000,220.874,-474.481,7691.846,CX1Z4,3,0.000
522,axial,0.007,0.000e0,215.753,-409.056,7709.179,CX1Z4,3,90,209.456,-411.578,7707.450,CX1Z4,4,90
523,radial,0.023,0.000e0,209.456,-411.578,7707.450,CX1Z4,4,0.000,202.516,-390.000,7701.246,CX1Z4,4,0.000
524,hinge,0.046,0.000e0,202.516,-390.000,7701.246,CX1Z4,4,0.000,211.538,-344.646,7696.357,CX1Z4,4,0.000
525,axial,0.010,0.000e0,-2252.102,2119.958,3777.922,AX4YZ1,0,90,-2254.140,2121.780,3768.824,AX4YZ1,1,90
526,radial,0.024,0.000e0,-2254.140,2121.780,3768.824,AX4YZ1,1,0.000,-2244.314,2143.028,3770.879,AX4YZ1,1,0.000
527,hinge,0.046,0.000e0,-2244.314,2143.028,3770.879,AX4YZ1,1,0.000,-2224.032,2163.881,3807.156,AX4YZ1,1,0.000
528,axial,0.007,0.000e0,-2254.140,2121.780,3768.824,AX4YZ1,1,90,-2255.641,2123.122,3762.120,AX4YZ1,2,90
529,radial,0.023,0.000e0,-2255.641,2123.122,3762.120,AX4YZ1,2,0.000,-2278.216,2117.982,3766.146,AX4YZ1,2,0.000
530,hinge,0.047,0.000e0,-2278.216,2117.982,3766.146,AX4YZ1,2,0.000,-2299.995,2104.579,3804.983,AX4YZ1,2,0.000
531,axial,0.007,0.000e0,-2255.641,2123.122,3762.120,AX4YZ1,2,90,-2257.143,2124.465,3755.416,AX4YZ1,3,90
532,radial,0.024,0.000e0,-2257.143,2124.465,3755.416,AX4YZ1,3,0.000,-2241.839,2107.951,3748.682,AX4YZ1,3,0.000
533,hinge,0.046,0.000e0,-2241.839,2107.951,3748.682,AX4YZ1,3,0.000,-2214.446,2079.783,3773.551,AX4YZ1,3,0.000
534,axial,0.009,0.000e0,-1975.357,900.275,7088.827,AX3Z0,0,90,-1979.127,895.879,7096.358,AX3Z0,1,90
535,radial,0.023,0.000e0,-1979.127,895.879,7096.358,AX3Z0,1,0.000,-1967.041,876.434,7091.058,AX3Z0,1,0.000
536,hinge,0.047,0.000e0,-1967.041,876.434,7091.058,AX3Z0,1,0.000,-1940.976,881.969,7052.949,AX3Z0,1,0.000
537,axial,0.007,0.000e0,-1979.127,895.879,7096.358,AX3Z0,1,90,-1981.904,892.640,7101.907,AX3Z0,2,90
538,radial,0.023,0.000e0,-1981.904,892.640,7101.907,AX3Z0,2,0.000,-1990.204,913.182,7109.742,AX3Z0,2,0.000
539,hinge,0.046,0.000e0,-1990.204,913.182,7109.742,AX3Z0,2,0.000,-2002.433,957.414,7117.242,AX3Z0,2,0.000
540,axial,0.007,0.000e0,-1981.904,892.640,7101.907,AX3Z0,2,90,-1984.682,889.401,7107.457,AX3Z0,3,90
541,radial,0.023,0.000e0,-1984.682,889.401,7107.457,AX3Z0,3,0.000,-1963.591,880.547,7112.845,AX3Z0,3,0.000
542,hinge,0.046,0.000e0,-1963.591,880.547,7112.845,AX3Z0,3,0.000,-1926.606,858.936,7130.938,AX3Z0,3,0.000
543,axial,0.007,0.000e0,-1984.682,889.401,7107.457,AX3Z0,3,90,-1987.459,886.162,7113.006,AX3Z0,4,90
544,radial,0.024,0.000e0,-1987.459,886.162,7113.006,AX3Z0,4,0.000,-2005.604,879.141,7099.826,AX3Z0,4,0.000
545,hinge,0.047,0.000e0,-2005.604,879.141,7099.826,AX3Z0,4,0.000,-2015.235,886.263,7054.896,AX3Z0,4,0.000
546,axial,0.009,0.000e0,-1153.674,622.156,9065.641,Z5,0,90,-1159.149,627.342,9071.417,Z5,1,90
547,radial,0.023,0.000e0,-1159.149,627.342,9071.417,Z5,1,0.000,-1177.767,614.281,9065.496,Z5,1,0.000
548,hinge,0.046,0.000e0,-1177.767,614.281,9065.496,Z5,1,0.000,-1166.717,581.063,9034.892,Z5,1,0.000
549,axial,0.007,0.000e0,-1159.149,627.342,9071.417,Z5,1,90,-1163.184,631.164,9075.674,Z5,2,90
550,radial,0.024,0.000e0,-1163.184,631.164,9075.674,Z5,2,0.000,-1145.552,646.402,9078.706,Z5,2,0.000
551,hinge,0.046,0.000e0,-1145.552,646.402,9078.706,Z5,2,0.000,-1105.855,670.617,9078.694,Z5,2,0.000
552,axial,0.007,0.000e0,-1163.184,631.164,9075.674,Z5,2,90,-1167.218,634.985,9079.931,Z5,3,90
553,radial,0.023,0.000e0,-1167.218,634.985,9079.931,Z5,3,0.000,-1163.749,619.421,9097.191,Z5,3,0.000
554,hinge,0.047,0.000e0,-1163.749,619.421,9097.191,Z5,3,0.000,-1144.403,580.057,9112.635,Z5,3,0.000
555,axial,0.007,0.000e0,-1167.218,634.985,9079.931,Z5,3,90,-1171.253,638.807,9084.187,Z5,4,90
556,radial,0.024,0.000e0,-1171.253,638.807,9084.187,Z5,4,0.000,-1184.577,645.121,9065.888,Z5,4,0.000
557,hinge,0.047,0.000e0,-1184.577,645.121,9065.888,Z5,4,0.000,-1204.793,652.066,9024.592,Z5,4,0.000
558,axial,0.009,0.000e0,209.141,-2161.031,7088.655,BX3Z0,0,90,214.832,-2162.098,7096.187,BX3Z0,1,90
559,radial,0.024,0.000e0,214.832,-2162.098,7096.187,BX3Z0,1,0.000,225.629,-2141.908,7090.889,BX3Z0,1,0.000
560,hinge,0.047,0.000e0,225.629,-2141.908,7090.889,BX3Z0,1,0.000,207.803,-2122.100,7052.782,BX3Z0,1,0.000
561,axial,0.007,0.000e0,214.832,-2162.098,7096.187,BX3Z0,1,90,219.025,-2162.884,7101.736,BX3Z0,2,90
562,radial,0.024,0.000e0,219.025,-2162.884,7101.736,BX3Z0,2,0.000,205.383,-2180.340,7109.572,BX3Z0,2,0.000
563,hinge,0.046,0.000e0,205.383,-2180.340,7109.572,BX3Z0,2,0.000,173.186,-2213.041,7117.075,BX3Z0,2,0.000
564,axial,0.007,0.000e0,219.025,-2162.884,7101.736,BX3Z0,2,90,223.219,-2163.670,7107.286,BX3Z0,3,90
565,radial,0.023,0.000e0,223.219,-2163.670,7107.286,BX3Z0,3,0.000,220.337,-2140.980,7112.679,BX3Z0,3,0.000
566,hinge,0.046,0.000e0,220.337,-2140.980,7112.679,BX3Z0,3,0.000,220.552,-2098.149,7130.781,BX3Z0,3,0.000
567,axial,0.007,0.000e0,223.219,-2163.670,7107.286,BX3Z0,3,90,227.413,-2164.457,7112.835,BX3Z0,4,90
568,radial,0.024,0.000e0,227.413,-2164.457,7112.835,BX3Z0,4,0.000,242.566,-2176.659,7099.655,BX3Z0,4,0.000
569,hinge,0.046,0.000e0,242.566,-2176.659,7099.655,BX3Z0,4,0.000,241.214,-2188.558,7054.723,BX3Z0,4,0.000
570,axial,0.009,0.000e0,-422.281,-2769.735,7193.632,BX2Z3,0,90,-424.121,-2778.989,7192.524,BX2Z3,1,90
571,radial,0.023,0.000e0,-424.121,-2778.989,7192.524,BX2Z3,1,0.000,-402.360,-2782.333,7184.308,BX2Z3,1,0.000
572,hinge,0.046,0.000e0,-402.360,-2782.333,7184.308,BX2Z3,1,0.000,-367.312,-2752.487,7177.736,BX2Z3,1,0.000
573,axial,0.007,0.000e0,-424.121,-2778.989,7192.524,BX2Z3,1,90,-425.477,-2785.808,7191.708,BX2Z3,2,90
574,radial,0.023,0.000e0,-425.477,-2785.808,7191.708,BX2Z3,2,0.000,-448.521,-2781.376,7192.956,BX2Z3,2,0.000
575,hinge,0.046,0.000e0,-448.521,-2781.376,7192.956,BX2Z3,2,0.000,-491.251,-2763.379,7196.500,BX2Z3,2,0.000
576,axial,0.007,0.000e0,-425.477,-2785.808,7191.708,BX2Z3,2,90,-426.833,-2792.627,7190.891,BX2Z3,3,90
577,radial,0.024,0.000e0,-426.833,-2792.627,7190.891,BX2Z3,3,0.000,-416.148,-2792.245,7169.964,BX2Z3,3,0.000
578,hinge,0.046,0.000e0,-416.148,-2792.245,7169.964,BX2Z3,3,0.000,-397.340,-2800.925,7128.333,BX2Z3,3,0.000
579,axial,0.007,0.000e0,-426.833,-2792.627,7190.891,BX2Z3,3,90,-428.189,-2799.446,7190.074,BX2Z3,4,90
580,radial,0.023,0.000e0,-428.189,-2799.446,7190.074,BX2Z3,4,0.000,-419.688,-2803.709,7211.564,BX2Z3,4,0.000
581,hinge,0.047,0.000e0,-419.688,-2803.709,7211.564,BX2Z3,4,0.000,-401.855,-2775.059,7243.555,BX2Z3,4,0.000
582,axial,0.010,0.000e0,847.345,-228.995,9756.697,Z3,0,90,854.760,-228.251,9762.590,Z3,1,90
583,radial,0.023,0.000e0,854.760,-228.251,9762.590,Z3,1,0.000,850.378,-205.311,9765.205,Z3,1,0.000
584,hinge,0.046,0.000e0,850.378,-205.311,9765.205,Z3,1,0.000,813.477,-191.687,9740.407,Z3,1,0.000
585,axial,0.007,0.000e0,854.760,-228.251,9762.590,Z3,1,90,860.224,-227.702,9766.931,Z3,2,90
586,radial,0.024,0.000e0,860.224,-227.702,9766.931,Z3,2,0.000,862.231,-251.112,9767.363,Z3,2,0.000
587,hinge,0.047,0.000e0,862.231,-251.112,9767.363,Z3,2,0.000,837.443,-284.253,9746.161,Z3,2,0.000
588,axial,0.007,0.000e0,860.224,-227.702,9766.931,Z3,2,90,865.688,-227.153,9771.271,Z3,3,90
589,radial,0.023,0.000e0,865.688,-227.153,9771.271,Z3,3,0.000,851.018,-223.647,9789.292,Z3,3,0.000
590,hinge,0.046,0.000e0,851.018,-223.647,9789.292,Z3,3,0.000,830.171,-216.103,9830.167,Z3,3,0.000
591,axial,0.007,0.000e0,865.688,-227.153,9771.271,Z3,3,90,871.152,-226.605,9775.613,Z3,4,90
592,radial,0.023,0.000e0,871.152,-226.605,9775.613,Z3,4,0.000,885.599,-224.650,9757.182,Z3,4,0.000
593,hinge,0.046,0.000e0,885.599,-224.650,9757.182,Z3,4,0.000,892.209,-223.124,9711.180,Z3,4,0.000
594,axial,0.010,0.000e0,-1868.087,1776.573,5492.736,AX4YZ0,0,90,-1866.050,1774.751,5501.835,AX4YZ0,1,90
595,radial,0.023,0.000e0,-1866.050,1774.751,5501.835,AX4YZ0,1,0.000,-1856.224,1795.999,5503.889,AX4YZ0,1,0.000
596,hinge,0.047,0.000e0,-1856.224,1795.999,5503.889,AX4YZ0,1,0.000,-1844.372,1836.870,5485.143,AX4YZ0,1,0.000
597,axial,0.007,0.000e0,-1866.050,1774.751,5501.835,AX4YZ0,1,90,-1864.549,1773.409,5508.539,AX4YZ0,2,90
598,radial,0.024,0.000e0,-1864.549,1773.409,5508.539,AX4YZ0,2,0.000,-1887.123,1768.269,5512.564,AX4YZ0,2,0.000
599,hinge,0.046,0.000e0,-1887.123,1768.269,5512.564,AX4YZ0,2,0.000,-1930.794,1763.919,5497.197,AX4YZ0,2,0.000
600,axial,0.007,0.000e0,-1864.549,1773.409,5508.539,AX4YZ0,2,90,-1863.047,1772.067,5515.243,AX4YZ0,3,90
601,radial,0.023,0.000e0,-1863.047,1772.067,5515.243,AX4YZ0,3,0.000,-1847.744,1755.553,5508.509,AX4YZ0,3,0.000
602,hinge,0.046,0.000e0,-1847.744,1755.553,5508.509,AX4YZ0,3,0.000,-1826.505,1731.713,5474.702,AX4YZ0,3,0.000
603,axial,0.010,0.000e0,-1483.265,1337.872,4701.190,AX4Z5,0,90,-1483.766,1332.688,4693.245,AX4Z5,1,90
604,radial,0.023,0.000e0,-1483.766,1332.688,4693.245,AX4Z5,1,0.000,-1506.972,1330.427,4696.185,AX4Z5,1,0.000
605,hinge,0.047,0.000e0,-1506.972,1330.427,4696.185,AX4Z5,1,0.000,-1521.896,1352.275,4734.423,AX4Z5,1,0.000
606,axial,0.007,0.000e0,-1483.766,1332.688,4693.245,AX4Z5,1,90,-1484.136,1328.869,4687.390,AX4Z5,2,90
607,radial,0.024,0.000e0,-1484.136,1328.869,4687.390,AX4Z5,2,0.000,-1461.093,1324.478,4688.799,AX4Z5,2,0.000
608,hinge,0.047,0.000e0,-1461.093,1324.478,4688.799,AX4Z5,2,0.000,-1441.736,1344.748,4725.903,AX4Z5,2,0.000
609,axial,0.007,0.000e0,-1484.136,1328.869,4687.390,AX4Z5,2,90,-1484.505,1325.049,4681.535,AX4Z5,3,90
610,radial,0.023,0.000e0,-1484.505,1325.049,4681.535,AX4Z5,3,0.000,-1497.245,1341.947,4671.316,AX4Z5,3,0.000
611,hinge,0.046,0.000e0,-1497.245,1341.947,4671.316,AX4Z5,3,0.000,-1522.413,1369.376,4643.451,AX4Z5,3,0.000
612,axial,0.007,0.000e0,-1484.505,1325.049,4681.535,AX4Z5,3,90,-1484.875,1321.230,4675.681,AX4Z5,4,90
613,radial,0.023,0.000e0,-1484.875,1321.230,4675.681,AX4Z5,4,0.000,-1479.722,1301.880,4687.979,AX4Z5,4,0.000
614,hinge,0.046,0.000e0,-1479.722,1301.880,4687.979,AX4Z5,4,0.000,-1471.180,1295.907,4733.296,AX4Z5,4,0.000
615,axial,0.009,0.000e0,-416.286,-1953.164,4700.985,BX4Z5,0,90,-411.549,-1951.005,4693.039,BX4Z5,1,90
616,radial,0.023,0.000e0,-411.549,-1951.005,4693.039,BX4Z5,1,0.000,-397.990,-1969.975,4695.966,BX4Z5,1,0.000
617,hinge,0.046,0.000e0,-397.990,-1969.975,4695.966,BX4Z5,1,0.000,-409.438,-1993.836,4734.201,BX4Z5,1,0.000
618,axial,0.007,0.000e0,-411.549,-1951.005,4693.039,BX4Z5,1,90,-408.058,-1949.414,4687.184,BX4Z5,2,90
619,radial,0.023,0.000e0,-408.058,-1949.414,4687.184,BX4Z5,2,0.000,-415.777,-1927.263,4688.601,BX4Z5,2,0.000
620,hinge,0.047,0.000e0,-415.777,-1927.263,4688.601,BX4Z5,2,0.000,-442.997,-1920.644,4725.716,BX4Z5,2,0.000
621,axial,0.007,0.000e0,-408.058,-1949.414,4687.184,BX4Z5,2,90,-404.568,-1947.823,4681.328,BX4Z5,3,90
622,radial,0.023,0.000e0,-404.568,-1947.823,4681.328,BX4Z5,3,0.000,-412.832,-1967.304,4671.108,BX4Z5,3,0.000
623,hinge,0.046,0.000e0,-412.832,-1967.304,4671.108,BX4Z5,3,0.000,-424.006,-2002.812,4643.241,BX4Z5,3,0.000
624,axial,0.007,0.000e0,-404.568,-1947.823,4681.328,BX4Z5,3,90,-401.077,-1946.232,4675.473,BX4Z5,4,90
625,radial,0.023,0.000e0,-401.077,-1946.232,4675.473,BX4Z5,4,0.000,-386.892,-1932.097,4687.770,BX4Z5,4,0.000
626,hinge,0.047,0.000e0,-386.892,-1932.097,4687.770,BX4Z5,4,0.000,-385.975,-1921.724,4733.088,BX4Z5,4,0.000
627,axial,0.010,0.000e0,-1500.221,2265.551,7259.870,AX3Z2,0,90,-1497.251,2270.508,7267.411,AX3Z2,1,90
628,radial,0.024,0.000e0,-1497.251,2270.508,7267.411,AX3Z2,1,0.000,-1515.370,2262.314,7279.933,AX3Z2,1,0.000
629,hinge,0.047,0.000e0,-1515.370,2262.314,7279.933,AX3Z2,1,0.000,-1549.862,2233.366,7268.333,AX3Z2,1,0.000
630,axial,0.007,0.000e0,-1497.251,2270.508,7267.411,AX3Z2,1,90,-1495.063,2274.161,7272.967,AX3Z2,2,90
631,radial,0.023,0.000e0,-1495.063,2274.161,7272.967,AX3Z2,2,0.000,-1472.946,2272.821,7265.138,AX3Z2,2,0.000
632,hinge,0.046,0.000e0,-1472.946,2272.821,7265.138,AX3Z2,2,0.000,-1442.314,2258.393,7233.267,AX3Z2,2,0.000
633,axial,0.007,0.000e0,-1495.063,2274.161,7272.967,AX3Z2,2,90,-1492.875,2277.813,7278.523,AX3Z2,3,90
634,radial,0.023,0.000e0,-1492.875,2277.813,7278.523,AX3Z2,3,0.000,-1492.132,2258.053,7291.220,AX3Z2,3,0.000
635,hinge,0.046,0.000e0,-1492.132,2258.053,7291.220,AX3Z2,3,0.000,-1483.593,2236.322,7331.433,AX3Z2,3,0.000
636,axial,0.007,0.000e0,-1492.875,2277.813,7278.523,AX3Z2,3,90,-1490.686,2281.466,7284.079,AX3Z2,4,90
637,radial,0.024,0.000e0,-1490.686,2281.466,7284.079,AX3Z2,4,0.000,-1499.184,2301.160,7274.479,AX3Z2,4,0.000
638,hinge,0.047,0.000e0,-1499.184,2301.160,7274.479,AX3Z2,4,0.000,-1518.960,2293.263,7233.142,AX3Z2,4,0.000
639,axial,0.009,0.000e0,2961.547,891.413,3777.547,CX4YZ1,0,90,2964.140,892.266,3768.448,CX4YZ1,1,90
640,radial,0.023,0.000e0,2964.140,892.266,3768.448,CX4YZ1,1,0.000,2977.630,873.133,3770.499,CX4YZ1,1,0.000
641,hinge,0.047,0.000e0,2977.630,873.133,3770.499,CX4YZ1,1,0.000,2985.562,845.144,3806.774,CX4YZ1,1,0.000
642,axial,0.007,0.000e0,2964.140,892.266,3768.448,CX4YZ1,1,90,2966.051,892.894,3761.743,CX4YZ1,2,90
643,radial,0.023,0.000e0,2966.051,892.894,3761.743,CX4YZ1,2,0.000,2972.888,915.015,3765.766,CX4YZ1,2,0.000
644,hinge,0.046,0.000e0,2972.888,915.015,3765.766,CX4YZ1,2,0.000,2972.184,940.579,3804.601,CX4YZ1,2,0.000
645,axial,0.007,0.000e0,2966.051,892.894,3761.743,CX4YZ1,2,90,2967.962,893.523,3755.038,CX4YZ1,3,90
646,radial,0.023,0.000e0,2967.962,893.523,3755.038,CX4YZ1,3,0.000,2946.008,888.520,3748.312,CX4YZ1,3,0.000
647,hinge,0.047,0.000e0,2946.008,888.520,3748.312,CX4YZ1,3,0.000,2907.928,878.875,3773.195,CX4YZ1,3,0.000
648,axial,0.010,0.000e0,-1435.770,855.159,6389.667,AX2Z5,0,90,-1440.369,851.643,6382.134,AX2Z5,1,90
649,radial,0.023,0.000e0,-1440.369,851.643,6382.134,AX2Z5,1,0.000,-1421.098,854.564,6369.006,AX2Z5,1,0.000
650,hinge,0.046,0.000e0,-1421.098,854.564,6369.006,AX2Z5,1,0.000,-1385.942,872.682,6393.462,AX2Z5,1,0.000
651,axial,0.007,0.000e0,-1440.369,851.643,6382.134,AX2Z5,1,90,-1443.757,849.053,6376.583,AX2Z5,2,90
652,radial,0.024,0.000e0,-1443.757,849.053,6376.583,AX2Z5,2,0.000,-1436.760,827.392,6382.419,AX2Z5,2,0.000
653,hinge,0.047,0.000e0,-1436.760,827.392,6382.419,AX2Z5,2,0.000,-1410.686,812.257,6417.823,AX2Z5,2,0.000
654,axial,0.007,0.000e0,-1443.757,849.053,6376.583,AX2Z5,2,90,-1447.146,846.463,6371.033,AX2Z5,3,90
655,radial,0.023,0.000e0,-1447.146,846.463,6371.033,AX2Z5,3,0.000,-1434.452,860.247,6356.852,AX2Z5,3,0.000
656,hinge,0.047,0.000e0,-1434.452,860.247,6356.852,AX2Z5,3,0.000,-1414.564,883.348,6321.737,AX2Z5,3,0.000
657,axial,0.007,0.000e0,-1447.146,846.463,6371.033,AX2Z5,3,90,-1450.535,843.873,6365.482,AX2Z5,4,90
658,radial,0.024,0.000e0,-1450.535,843.873,6365.482,AX2Z5,4,0.000,-1470.100,841.900,6378.348,AX2Z5,4,0.000
659,hinge,0.047,0.000e0,-1470.100,841.900,6378.348,AX2Z5,4,0.000,-1492.374,847.122,6418.832,AX2Z5,4,0.000
660,axial,0.009,0.000e0,1565.330,510.230,6026.346,CX4Z2,0,90,1558.874,505.202,6031.172,CX4Z2,1,90
661,radial,0.024,0.000e0,1558.874,505.202,6031.172,CX4Z2,1,0.000,1551.170,524.909,6041.397,CX4Z2,1,0.000
662,hinge,0.046,0.000e0,1551.170,524.909,6041.397,CX4Z2,1,0.000,1574.758,562.334,6027.074,CX4Z2,1,0.000
663,axial,0.007,0.000e0,1558.874,505.202,6031.172,CX4Z2,1,90,1554.117,501.497,6034.728,CX4Z2,2,90
664,radial,0.023,0.000e0,1554.117,501.497,6034.728,CX4Z2,2,0.000,1546.565,491.915,6014.643,CX4Z2,2,0.000
665,hinge,0.047,0.000e0,1546.565,491.915,6014.643,CX4Z2,2,0.000,1560.611,498.049,5970.742,CX4Z2,2,0.000
666,axial,0.007,0.000e0,1554.117,501.497,6034.728,CX4Z2,2,90,1549.360,497.793,6038.284,CX4Z2,3,90
667,radial,0.023,0.000e0,1549.360,497.793,6038.284,CX4Z2,3,0.000,1547.292,515.330,6053.789,CX4Z2,3,0.000
668,hinge,0.046,0.000e0,1547.292,515.330,6053.789,CX4Z2,3,0.000,1536.721,544.156,6088.711,CX4Z2,3,0.000
669,axial,0.007,0.000e0,1549.360,497.793,6038.284,CX4Z2,3,90,1544.603,494.088,6041.840,CX4Z2,4,90
670,radial,0.024,0.000e0,1544.603,494.088,6041.840,CX4Z2,4,0.000,1553.701,474.185,6033.275,CX4Z2,4,0.000
671,hinge,0.046,0.000e0,1553.701,474.185,6033.275,CX4Z2,4,0.000,1585.091,452.384,6006.787,CX4Z2,4,0.000
672,axial,0.010,0.000e0,-896.071,-3023.103,5963.140,BX3Z5,0,90,-897.022,-3031.839,5959.530,BX3Z5,1,90
673,radial,0.024,0.000e0,-897.022,-3031.839,5959.530,BX3Z5,1,0.000,-906.245,-3039.227,5979.844,BX3Z5,1,0.000
674,hinge,0.046,0.000e0,-906.245,-3039.227,5979.844,BX3Z5,1,0.000,-914.703,-3016.544,6019.545,BX3Z5,1,0.000
675,axial,0.007,0.000e0,-897.022,-3031.839,5959.530,BX3Z5,1,90,-897.723,-3038.276,5956.871,BX3Z5,2,90
676,radial,0.024,0.000e0,-897.723,-3038.276,5956.871,BX3Z5,2,0.000,-920.889,-3037.338,5960.706,BX3Z5,2,0.000
677,hinge,0.047,0.000e0,-920.889,-3037.338,5960.706,BX3Z5,2,0.000,-947.448,-3003.847,5979.017,BX3Z5,2,0.000
678,axial,0.007,0.000e0,-897.723,-3038.276,5956.871,BX3Z5,2,90,-898.424,-3044.714,5954.212,BX3Z5,3,90
679,radial,0.024,0.000e0,-898.424,-3044.714,5954.212,BX3Z5,3,0.000,-908.944,-3035.722,5935.219,BX3Z5,3,0.000
680,hinge,0.046,0.000e0,-908.944,-3035.722,5935.219,BX3Z5,3,0.000,-930.274,-3027.209,5894.786,BX3Z5,3,0.000
681,axial,0.007,0.000e0,-898.424,-3044.714,5954.212,BX3Z5,3,90,-899.125,-3051.151,5951.553,BX3Z5,4,90
682,radial,0.023,0.000e0,-899.125,-3051.151,5951.553,BX3Z5,4,0.000,-877.602,-3056.658,5959.212,BX3Z5,4,0.000
683,hinge,0.047,0.000e0,-877.602,-3056.658,5959.212,BX3Z5,4,0.000,-838.390,-3044.716,5981.169,BX3Z5,4,0.000
684,axial,0.009,0.000e0,-621.016,-618.079,9757.359,Z11,0,90,-624.077,-624.871,9763.254,Z11,1,90
685,radial,0.023,0.000e0,-624.077,-624.871,9763.254,Z11,1,0.000,-602.022,-632.557,9765.851,Z11,1,0.000
686,hinge,0.047,0.000e0,-602.022,-632.557,9765.851,Z11,1,0.000,-571.782,-607.430,9741.022,Z11,1,0.000
687,axial,0.007,0.000e0,-624.077,-624.871,9763.254,Z11,1,90,-626.333,-629.876,9767.599,Z11,2,90
688,radial,0.024,0.000e0,-626.333,-629.876,9767.599,Z11,2,0.000,-647.611,-619.910,9768.031,Z11,2,0.000
689,hinge,0.047,0.000e0,-647.611,-619.910,9768.031,Z11,2,0.000,-663.926,-581.884,9746.816,Z11,2,0.000
690,axial,0.007,0.000e0,-626.333,-629.876,9767.599,Z11,2,90,-628.588,-634.880,9771.942,Z11,3,90
691,radial,0.024,0.000e0,-628.588,-634.880,9771.942,Z11,3,0.000,-618.208,-623.924,9789.955,Z11,3,0.000
692,hinge,0.047,0.000e0,-618.208,-623.924,9789.955,Z11,3,0.000,-601.233,-609.630,9830.818,Z11,3,0.000
693,axial,0.007,0.000e0,-628.588,-634.880,9771.942,Z11,3,90,-630.843,-639.885,9776.286,Z11,4,90
694,radial,0.024,0.000e0,-630.843,-639.885,9776.286,Z11,4,0.000,-636.371,-653.385,9757.862,Z11,4,0.000
695,hinge,0.047,0.000e0,-636.371,-653.385,9757.862,Z11,4,0.000,-638.352,-659.897,9711.862,Z11,4,0.000
696,axial,0.010,0.000e0,-695.734,-1183.389,6723.148,BX3Z4,0,90,-694.783,-1174.653,6726.757,BX3Z4,1,90
697,radial,0.024,0.000e0,-694.783,-1174.653,6726.757,BX3Z4,1,0.000,-716.602,-1175.849,6735.404,BX3Z4,1,0.000
698,hinge,0.047,0.000e0,-716.602,-1175.849,6735.404,BX3Z4,1,0.000,-748.440,-1209.674,6733.297,BX3Z4,1,0.000
699,axial,0.007,0.000e0,-694.783,-1174.653,6726.757,BX3Z4,1,90,-694.082,-1168.216,6729.417,BX3Z4,2,90
700,radial,0.024,0.000e0,-694.082,-1168.216,6729.417,BX3Z4,2,0.000,-671.022,-1168.878,6724.941,BX3Z4,2,0.000
701,hinge,0.046,0.000e0,-671.022,-1168.878,6724.941,BX3Z4,2,0.000,-633.833,-1191.393,6708.439,BX3Z4,2,0.000
702,axial,0.007,0.000e0,-694.082,-1168.216,6729.417,BX3Z4,2,90,-693.381,-1161.778,6732.076,BX3Z4,3,90
703,radial,0.023,0.000e0,-693.381,-1161.778,6732.076,BX3Z4,3,0.000,-705.122,-1168.446,6751.310,BX3Z4,3,0.000
704,hinge,0.046,0.000e0,-705.122,-1168.446,6751.310,BX3Z4,3,0.000,-722.914,-1158.490,6793.101,BX3Z4,3,0.000
705,axial,0.007,0.000e0,-693.381,-1161.778,6732.076,BX3Z4,3,90,-692.680,-1155.341,6734.735,BX3Z4,4,90
706,radial,0.024,0.000e0,-692.680,-1155.341,6734.735,BX3Z4,4,0.000,-697.230,-1146.117,6713.605,BX3Z4,4,0.000
707,hinge,0.046,0.000e0,-697.230,-1146.117,6713.605,BX3Z4,4,0.000,-706.652,-1166.415,6672.844,BX3Z4,4,0.000
708,axial,0.010,0.000e0,229.416,404.378,7714.989,AX1Z4,0,90,236.652,398.686,7712.644,AX1Z4,1,90
709,radial,0.024,0.000e0,236.652,398.686,7712.644,AX1Z4,1,0.000,250.727,410.569,7727.237,AX1Z4,1,0.000
710,hinge,0.046,0.000e0,250.727,410.569,7727.237,AX1Z4,1,0.000,242.269,447.020,7754.841,AX1Z4,1,0.000
711,axial,0.007,0.000e0,236.652,398.686,7712.644,AX1Z4,1,90,241.983,394.492,7710.917,AX1Z4,2,90
712,radial,0.024,0.000e0,241.983,394.492,7710.917,AX1Z4,2,0.000,241.583,403.004,7689.016,AX1Z4,2,0.000
713,hinge,0.047,0.000e0,241.583,403.004,7689.016,AX1Z4,2,0.000,214.333,435.080,7669.246,AX1Z4,2,0.000
714,axial,0.007,0.000e0,241.983,394.492,7710.917,AX1Z4,2,90,247.315,390.298,7709.189,AX1Z4,3,90
715,radial,0.023,0.000e0,247.315,390.298,7709.189,AX1Z4,3,0.000,260.730,409.113,7704.914,AX1Z4,3,0.000
716,hinge,0.047,0.000e0,260.730,409.113,7704.914,AX1Z4,3,0.000,301.427,427.425,7691.849,AX1Z4,3,0.000
717,axial,0.007,0.000e0,247.315,390.298,7709.189,AX1Z4,3,90,252.647,386.104,7707.461,AX1Z4,4,90
718,radial,0.023,0.000e0,252.647,386.104,7707.461,AX1Z4,4,0.000,237.425,369.311,7701.253,AX1Z4,4,0.000
719,hinge,0.047,0.000e0,237.425,369.311,7701.253,AX1Z4,4,0.000,193.633,354.464,7696.352,AX1Z4,4,0.000
720,axial,0.009,0.000e0,-21.520,-1671.084,6389.562,BX2Z5,0,90,-16.174,-1673.306,6382.031,BX2Z5,1,90
721,radial,0.023,0.000e0,-16.174,-1673.306,6382.031,BX2Z5,1,0.000,-28.331,-1658.070,6368.905,BX2Z5,1,0.000
722,hinge,0.046,0.000e0,-28.331,-1658.070,6368.905,BX2Z5,1,0.000,-61.606,-1636.689,6393.357,BX2Z5,1,0.000
723,axial,0.007,0.000e0,-16.174,-1673.306,6382.031,BX2Z5,1,90,-12.235,-1674.944,6376.481,BX2Z5,2,90
724,radial,0.024,0.000e0,-12.235,-1674.944,6376.481,BX2Z5,2,0.000,3.024,-1658.055,6382.328,BX2Z5,2,0.000
725,hinge,0.047,0.000e0,3.024,-1658.055,6382.328,BX2Z5,2,0.000,3.081,-1627.919,6417.741,BX2Z5,2,0.000
726,axial,0.007,0.000e0,-12.235,-1674.944,6376.481,BX2Z5,2,90,-8.295,-1676.582,6370.932,BX2Z5,3,90
727,radial,0.024,0.000e0,-8.295,-1676.582,6370.932,BX2Z5,3,0.000,-26.576,-1672.483,6356.745,BX2Z5,3,0.000
728,hinge,0.046,0.000e0,-26.576,-1672.483,6356.745,BX2Z5,3,0.000,-56.518,-1666.811,6321.624,BX2Z5,3,0.000
729,axial,0.007,0.000e0,-8.295,-1676.582,6370.932,BX2Z5,3,90,-4.356,-1678.220,6365.382,BX2Z5,4,90
730,radial,0.024,0.000e0,-4.356,-1678.220,6365.382,BX2Z5,4,0.000,7.136,-1694.177,6378.248,BX2Z5,4,0.000
731,hinge,0.047,0.000e0,7.136,-1694.177,6378.248,BX2Z5,4,0.000,13.743,-1716.084,6418.729,BX2Z5,4,0.000
732,axial,0.009,0.000e0,152.297,1097.857,8267.997,Z10,0,90,155.358,1104.649,8262.103,Z10,1,90
733,radial,0.023,0.000e0,155.358,1104.649,8262.103,Z10,1,0.000,143.566,1120.742,8274.521,Z10,1,0.000
734,hinge,0.047,0.000e0,143.566,1120.742,8274.521,Z10,1,0.000,116.952,1116.544,8312.420,Z10,1,0.000
735,axial,0.007,0.000e0,155.358,1104.649,8262.103,Z10,1,90,157.613,1109.654,8257.758,Z10,2,90
736,radial,0.023,0.000e0,157.613,1109.654,8257.758,Z10,2,0.000,160.768,1093.595,8240.895,Z10,2,0.000
737,hinge,0.046,0.000e0,160.768,1093.595,8240.895,Z10,2,0.000,163.760,1055.600,8214.254,Z10,2,0.000
738,axial,0.007,0.000e0,157.613,1109.654,8257.758,Z10,2,90,159.869,1114.658,8253.414,Z10,3,90
739,radial,0.024,0.000e0,159.869,1114.658,8253.414,Z10,3,0.000,137.826,1122.405,8250.894,Z10,3,0.000
740,hinge,0.047,0.000e0,137.826,1122.405,8250.894,Z10,3,0.000,107.544,1152.302,8232.147,Z10,3,0.000
741,axial,0.007,0.000e0,159.869,1114.658,8253.414,Z10,3,90,162.124,1119.663,8249.070,Z10,4,90
742,radial,0.023,0.000e0,162.124,1119.663,8249.070,Z10,4,0.000,184.102,1116.399,8256.722,Z10,4,0.000
743,hinge,0.047,0.000e0,184.102,1116.399,8256.722,Z10,4,0.000,214.274,1094.184,8284.261,Z10,4,0.000
744,axial,0.010,0.000e0,1459.212,816.921,6389.526,CX2Z5,0,90,1458.464,822.662,6381.994,CX2Z5,1,90
745,radial,0.024,0.000e0,1458.464,822.662,6381.994,CX2Z5,1,0.000,1451.343,804.516,6368.870,CX2Z5,1,0.000
746,hinge,0.047,0.000e0,1451.343,804.516,6368.870,CX2Z5,1,0.000,1449.459,765.010,6393.324,CX2Z5,1,0.000
747,axial,0.007,0.000e0,1458.464,822.662,6381.994,CX2Z5,1,90,1457.913,826.893,6376.444,CX2Z5,2,90
748,radial,0.023,0.000e0,1457.913,826.893,6376.444,CX2Z5,2,0.000,1435.656,831.659,6382.287,CX2Z5,2,0.000
749,hinge,0.047,0.000e0,1435.656,831.659,6382.287,CX2Z5,2,0.000,1409.525,816.638,6417.696,CX2Z5,2,0.000
750,axial,0.007,0.000e0,1457.913,826.893,6376.444,CX2Z5,2,90,1457.362,831.123,6370.895,CX2Z5,3,90
751,radial,0.024,0.000e0,1457.362,831.123,6370.895,CX2Z5,3,0.000,1462.946,813.239,6356.708,CX2Z5,3,0.000
752,hinge,0.046,0.000e0,1462.946,813.239,6356.708,CX2Z5,3,0.000,1472.992,784.467,6321.587,CX2Z5,3,0.000
753,axial,0.007,0.000e0,1457.362,831.123,6370.895,CX2Z5,3,90,1456.811,835.353,6365.345,CX2Z5,4,90
754,radial,0.023,0.000e0,1456.811,835.353,6365.345,CX2Z5,4,0.000,1464.882,853.285,6378.211,CX2Z5,4,0.000
755,hinge,0.047,0.000e0,1464.882,853.285,6378.211,CX2Z5,4,0.000,1480.543,869.963,6418.693,CX2Z5,4,0.000
756,axial,0.009,0.000e0,-1414.233,-2742.416,4995.529,BX4Z1,0,90,-1420.877,-2741.489,4988.803,BX4Z1,1,90
757,radial,0.023,0.000e0,-1420.877,-2741.489,4988.803,BX4Z1,1,0.000,-1436.215,-2753.024,5002.365,BX4Z1,1,0.000
758,hinge,0.047,0.000e0,-1436.215,-2753.024,5002.365,BX4Z1,1,0.000,-1417.428,-2765.785,5042.942,BX4Z1,1,0.000
759,axial,0.007,0.000e0,-1420.877,-2741.489,4988.803,BX4Z1,1,90,-1425.774,-2740.805,4983.848,BX4Z1,2,90
760,radial,0.024,0.000e0,-1425.774,-2740.805,4983.848,BX4Z1,2,0.000,-1414.880,-2721.630,4975.729,BX4Z1,2,0.000
761,hinge,0.046,0.000e0,-1414.880,-2721.630,4975.729,BX4Z1,2,0.000,-1376.649,-2711.626,5000.236,BX4Z1,2,0.000
762,axial,0.007,0.000e0,-1425.774,-2740.805,4983.848,BX4Z1,2,90,-1430.670,-2740.122,4978.892,BX4Z1,3,90
763,radial,0.024,0.000e0,-1430.670,-2740.122,4978.892,BX4Z1,3,0.000,-1414.703,-2745.207,4962.416,BX4Z1,3,0.000
764,hinge,0.046,0.000e0,-1414.703,-2745.207,4962.416,BX4Z1,3,0.000,-1390.561,-2754.105,4923.683,BX4Z1,3,0.000
765,axial,0.007,0.000e0,-1430.670,-2740.122,4978.892,BX4Z1,3,90,-1435.566,-2739.438,4973.936,BX4Z1,4,90
766,radial,0.023,0.000e0,-1435.566,-2739.438,4973.936,BX4Z1,4,0.000,-1449.801,-2728.987,4989.440,BX4Z1,4,0.000
767,hinge,0.046,0.000e0,-1449.801,-2728.987,4989.440,BX4Z1,4,0.000,-1443.734,-2718.847,5034.414,BX4Z1,4,0.000
768,axial,0.009,0.000e0,1768.036,1261.451,7088.771,CX3Z0,0,90,1766.115,1266.912,7096.302,CX3Z0,1,90
769,radial,0.023,0.000e0,1766.115,1266.912,7096.302,CX3Z0,1,0.000,1743.233,1266.176,7090.999,CX3Z0,1,0.000
770,hinge,0.046,0.000e0,1743.233,1266.176,7090.999,CX3Z0,1,0.000,1734.992,1240.844,7052.886,CX3Z0,1,0.000
771,axial,0.007,0.000e0,1766.115,1266.912,7096.302,CX3Z0,1,90,1764.699,1270.937,7101.852,CX3Z0,2,90
772,radial,0.023,0.000e0,1764.699,1270.937,7101.852,CX3Z0,2,0.000,1786.643,1267.863,7109.679,CX3Z0,2,0.000
773,hinge,0.046,0.000e0,1786.643,1267.863,7109.679,CX3Z0,2,0.000,1831.070,1256.354,7117.164,CX3Z0,2,0.000
774,axial,0.007,0.000e0,1764.699,1270.937,7101.852,CX3Z0,2,90,1763.283,1274.961,7107.402,CX3Z0,3,90
775,radial,0.023,0.000e0,1763.283,1274.961,7107.402,CX3Z0,3,0.000,1745.064,1261.129,7112.784,CX3Z0,3,0.000
776,hinge,0.046,0.000e0,1745.064,1261.129,7112.784,CX3Z0,3,0.000,1707.845,1239.915,7130.866,CX3Z0,3,0.000
777,axial,0.007,0.000e0,1763.283,1274.961,7107.402,CX3Z0,3,90,1761.867,1278.986,7112.952,CX3Z0,4,90
778,radial,0.024,0.000e0,1761.867,1278.986,7112.952,CX3Z0,4,0.000,1764.855,1298.211,7099.772,CX3Z0,4,0.000
779,hinge,0.046,0.000e0,1764.855,1298.211,7099.772,CX3Z0,4,0.000,1775.832,1302.994,7054.840,CX3Z0,4,0.000
780,axial,0.010,0.000e0,-743.839,-1950.709,8215.702,BX1Z5,0,90,-745.148,-1959.822,8218.047,BX1Z5,1,90
781,radial,0.023,0.000e0,-745.148,-1959.822,8218.047,BX1Z5,1,0.000,-768.325,-1957.239,8215.149,BX1Z5,1,0.000
782,hinge,0.046,0.000e0,-768.325,-1957.239,8215.149,BX1Z5,1,0.000,-793.578,-1920.223,8202.727,BX1Z5,1,0.000
783,axial,0.007,0.000e0,-745.148,-1959.822,8218.047,BX1Z5,1,90,-746.112,-1966.536,8219.775,BX1Z5,2,90
784,radial,0.023,0.000e0,-746.112,-1966.536,8219.775,BX1Z5,2,0.000,-722.885,-1970.046,8219.098,BX1Z5,2,0.000
785,hinge,0.046,0.000e0,-722.885,-1970.046,8219.098,BX1Z5,2,0.000,-676.599,-1967.566,8215.400,BX1Z5,2,0.000
786,axial,0.007,0.000e0,-746.112,-1966.536,8219.775,BX1Z5,2,90,-747.076,-1973.251,8221.502,BX1Z5,3,90
787,radial,0.024,0.000e0,-747.076,-1973.251,8221.502,BX1Z5,3,0.000,-755.949,-1977.470,8200.154,BX1Z5,3,0.000
788,hinge,0.046,0.000e0,-755.949,-1977.470,8200.154,BX1Z5,3,0.000,-774.453,-1994.910,8161.223,BX1Z5,3,0.000
789,axial,0.007,0.000e0,-747.076,-1973.251,8221.502,BX1Z5,3,90,-748.041,-1979.965,8223.230,BX1Z5,4,90
790,radial,0.023,0.000e0,-748.041,-1979.965,8223.230,BX1Z5,4,0.000,-749.681,-1973.902,8245.875,BX1Z5,4,0.000
791,hinge,0.047,0.000e0,-749.681,-1973.902,8245.875,BX1Z5,4,0.000,-746.977,-1932.369,8266.610,BX1Z5,4,0.000
792,axial,0.010,0.000e0,-862.486,-1076.090,7123.657,BX1Z1,0,90,-869.443,-1076.978,7117.249,BX1Z1,1,90
793,radial,0.024,0.000e0,-869.443,-1076.978,7117.249,BX1Z1,1,0.000,-856.668,-1064.846,7101.697,BX1Z1,1,0.000
794,hinge,0.046,0.000e0,-856.668,-1064.846,7101.697,BX1Z1,1,0.000,-815.623,-1051.827,7119.249,BX1Z1,1,0.000
795,axial,0.007,0.000e0,-869.443,-1076.978,7117.249,BX1Z1,1,90,-874.570,-1077.632,7112.528,BX1Z1,2,90
796,radial,0.024,0.000e0,-874.570,-1077.632,7112.528,BX1Z1,2,0.000,-878.747,-1054.545,7113.867,BX1Z1,2,0.000
797,hinge,0.047,0.000e0,-878.747,-1054.545,7113.867,BX1Z1,2,0.000,-868.879,-1012.811,7131.843,BX1Z1,2,0.000
798,axial,0.007,0.000e0,-874.570,-1077.632,7112.528,BX1Z1,2,90,-879.696,-1078.286,7107.807,BX1Z1,3,90
799,radial,0.024,0.000e0,-879.696,-1078.286,7107.807,BX1Z1,3,0.000,-863.816,-1083.488,7091.284,BX1Z1,3,0.000
800,hinge,0.047,0.000e0,-863.816,-1083.488,7091.284,BX1Z1,3,0.000,-840.160,-1094.459,7052.784,BX1Z1,3,0.000
801,axial,0.007,0.000e0,-879.696,-1078.286,7107.807,BX1Z1,3,90,-884.823,-1078.939,7103.085,BX1Z1,4,90
802,radial,0.023,0.000e0,-884.823,-1078.939,7103.085,BX1Z1,4,0.000,-900.133,-1083.451,7120.333,BX1Z1,4,0.000
803,hinge,0.047,0.000e0,-900.133,-1083.451,7120.333,BX1Z1,4,0.000,-909.341,-1089.010,7165.572,BX1Z1,4,0.000
804,axial,0.010,0.000e0,2200.402,-269.817,6722.960,CX2Z1,0,90,2203.063,-276.030,6716.284,CX2Z1,1,90
805,radial,0.024,0.000e0,2203.063,-276.030,6716.284,CX2Z1,1,0.000,2225.573,-272.701,6722.156,CX2Z1,1,0.000
806,hinge,0.047,0.000e0,2225.573,-272.701,6722.156,CX2Z1,1,0.000,2257.634,-251.789,6748.558,CX2Z1,1,0.000
807,axial,0.007,0.000e0,2203.063,-276.030,6716.284,CX2Z1,1,90,2205.023,-280.608,6711.365,CX2Z1,2,90
808,radial,0.024,0.000e0,2205.023,-280.608,6711.365,CX2Z1,2,0.000,2183.161,-280.712,6702.748,CX2Z1,2,0.000
809,hinge,0.047,0.000e0,2183.161,-280.712,6702.748,CX2Z1,2,0.000,2139.184,-265.685,6704.320,CX2Z1,2,0.000
810,axial,0.007,0.000e0,2205.023,-280.608,6711.365,CX2Z1,2,90,2206.984,-285.186,6706.446,CX2Z1,3,90
811,radial,0.023,0.000e0,2206.984,-285.186,6706.446,CX2Z1,3,0.000,2223.183,-269.994,6698.763,CX2Z1,3,0.000
812,hinge,0.047,0.000e0,2223.183,-269.994,6698.763,CX2Z1,3,0.000,2257.244,-246.912,6677.099,CX2Z1,3,0.000
813,axial,0.007,0.000e0,2206.984,-285.186,6706.446,CX2Z1,3,90,2208.945,-289.765,6701.527,CX2Z1,4,90
814,radial,0.024,0.000e0,2208.945,-289.765,6701.527,CX2Z1,4,0.000,2201.551,-307.487,6715.073,CX2Z1,4,0.000
815,hinge,0.046,0.000e0,2201.551,-307.487,6715.073,CX2Z1,4,0.000,2182.123,-307.541,6757.320,CX2Z1,4,0.000
816,axial,0.009,0.000e0,-1538.823,595.940,7372.379,AX1Z3,0,90,-1544.294,594.036,7364.850,AX1Z3,1,90
817,radial,0.024,0.000e0,-1544.294,594.036,7364.850,AX1Z3,1,0.000,-1563.354,600.180,7377.148,AX1Z3,1,0.000
818,hinge,0.046,0.000e0,-1563.354,600.180,7377.148,AX1Z3,1,0.000,-1567.882,615.189,7420.926,AX1Z3,1,0.000
819,axial,0.007,0.000e0,-1544.294,594.036,7364.850,AX1Z3,1,90,-1548.326,592.633,7359.302,AX1Z3,2,90
820,radial,0.024,0.000e0,-1548.326,592.633,7359.302,AX1Z3,2,0.000,-1529.735,583.685,7348.053,AX1Z3,2,0.000
821,hinge,0.046,0.000e0,-1529.735,583.685,7348.053,AX1Z3,2,0.000,-1484.485,573.011,7347.202,AX1Z3,2,0.000
822,axial,0.007,0.000e0,-1548.326,592.633,7359.302,AX1Z3,2,90,-1552.358,591.231,7353.754,AX1Z3,3,90
823,radial,0.024,0.000e0,-1552.358,591.231,7353.754,AX1Z3,3,0.000,-1562.967,612.057,7356.198,AX1Z3,3,0.000
824,hinge,0.046,0.000e0,-1562.967,612.057,7356.198,AX1Z3,3,0.000,-1596.952,632.060,7331.558,AX1Z3,3,0.000
825,axial,0.007,0.000e0,-1552.358,591.231,7353.754,AX1Z3,3,90,-1556.390,589.828,7348.207,AX1Z3,4,90
826,radial,0.024,0.000e0,-1556.390,589.828,7348.207,AX1Z3,4,0.000,-1559.139,567.754,7355.787,AX1Z3,4,0.000
827,hinge,0.046,0.000e0,-1559.139,567.754,7355.787,AX1Z3,4,0.000,-1542.494,546.132,7393.439,AX1Z3,4,0.000
828,axial,0.010,0.000e0,-672.073,157.228,7636.746,Z0,0,90,-679.301,155.082,7630.967,Z0,1,90
829,radial,0.024,0.000e0,-679.301,155.082,7630.967,Z0,1,0.000,-665.348,158.272,7612.329,Z0,1,0.000
830,hinge,0.046,0.000e0,-665.348,158.272,7612.329,Z0,1,0.000,-622.201,170.378,7624.738,Z0,1,0.000
831,axial,0.007,0.000e0,-679.301,155.082,7630.967,Z0,1,90,-684.628,153.500,7626.709,Z0,2,90
832,radial,0.024,0.000e0,-684.628,153.500,7626.709,Z0,2,0.000,-676.014,131.805,7623.994,Z0,2,0.000
833,hinge,0.047,0.000e0,-676.014,131.805,7623.994,Z0,2,0.000,-638.131,111.570,7641.817,Z0,2,0.000
834,axial,0.007,0.000e0,-684.628,153.500,7626.709,Z0,2,90,-689.954,151.918,7622.451,Z0,3,90
835,radial,0.023,0.000e0,-689.954,151.918,7622.451,Z0,3,0.000,-686.360,171.860,7610.549,Z0,3,0.000
836,hinge,0.046,0.000e0,-686.360,171.860,7610.549,Z0,3,0.000,-686.761,208.272,7581.631,Z0,3,0.000
837,axial,0.007,0.000e0,-689.954,151.918,7622.451,Z0,3,90,-695.280,150.337,7618.194,Z0,4,90
838,radial,0.023,0.000e0,-695.280,150.337,7618.194,Z0,4,0.000,-708.146,143.766,7636.729,Z0,4,0.000
839,hinge,0.047,0.000e0,-708.146,143.766,7636.729,Z0,4,0.000,-725.692,133.234,7678.483,Z0,4,0.000
840,axial,0.010,0.000e0,1373.781,-11.006,6723.165,CX3Z4,0,90,1365.740,-14.552,6726.774,CX3Z4,1,90
841,radial,0.024,0.000e0,1365.740,-14.552,6726.774,CX3Z4,1,0.000,1377.690,-32.844,6735.427,CX3Z4,1,0.000
842,hinge,0.046,0.000e0,1377.690,-32.844,6735.427,CX3Z4,1,0.000,1422.906,-43.491,6733.328,CX3Z4,1,0.000
843,axial,0.007,0.000e0,1365.740,-14.552,6726.774,CX3Z4,1,90,1359.815,-17.165,6729.433,CX3Z4,2,90
844,radial,0.024,0.000e0,1359.815,-17.165,6729.433,CX3Z4,2,0.000,1348.856,3.136,6724.960,CX3Z4,2,0.000
845,hinge,0.047,0.000e0,1348.856,3.136,6724.960,CX3Z4,2,0.000,1349.754,46.602,6708.463,CX3Z4,2,0.000
846,axial,0.007,0.000e0,1359.815,-17.165,6729.433,CX3Z4,2,90,1353.891,-19.777,6732.092,CX3Z4,3,90
847,radial,0.023,0.000e0,1353.891,-19.777,6732.092,CX3Z4,3,0.000,1365.539,-26.619,6751.322,CX3Z4,3,0.000
848,hinge,0.046,0.000e0,1365.539,-26.619,6751.322,CX3Z4,3,0.000,1365.820,-47.020,6793.106,CX3Z4,3,0.000
849,axial,0.007,0.000e0,1353.891,-19.777,6732.092,CX3Z4,3,90,1347.966,-22.390,6734.751,CX3Z4,4,90
850,radial,0.023,0.000e0,1347.966,-22.390,6734.751,CX3Z4,4,0.000,1342.255,-30.945,6713.622,CX3Z4,4,0.000
851,hinge,0.047,0.000e0,1342.255,-30.945,6713.622,CX3Z4,4,0.000,1364.544,-28.952,6672.861,CX3Z4,4,0.000
852,axial,0.010,0.000e0,2757.063,5.464,6305.521,CX4Z4,0,90,2761.305,2.438,6313.465,CX4Z4,1,90
853,radial,0.023,0.000e0,2761.305,2.438,6313.465,CX4Z4,1,0.000,2745.990,-15.329,6314.877,CX4Z4,1,0.000
854,hinge,0.047,0.000e0,2745.990,-15.329,6314.877,CX4Z4,1,0.000,2715.384,-14.769,6279.875,CX4Z4,1,0.000
855,axial,0.007,0.000e0,2761.305,2.438,6313.465,CX4Z4,1,90,2764.431,0.209,6319.318,CX4Z4,2,90
856,radial,0.024,0.000e0,2764.431,0.209,6319.318,CX4Z4,2,0.000,2778.968,18.659,6318.582,CX4Z4,2,0.000
857,hinge,0.046,0.000e0,2778.968,18.659,6318.582,CX4Z4,2,0.000,2793.495,57.680,6297.880,CX4Z4,2,0.000
858,axial,0.007,0.000e0,2764.431,0.209,6319.318,CX4Z4,2,90,2767.557,-2.020,6325.171,CX4Z4,3,90
859,radial,0.024,0.000e0,2767.557,-2.020,6325.171,CX4Z4,3,0.000,2746.769,-9.009,6333.612,CX4Z4,3,0.000
860,hinge,0.047,0.000e0,2746.769,-9.009,6333.612,CX4Z4,3,0.000,2710.850,-25.613,6358.034,CX4Z4,3,0.000
861,axial,0.007,0.000e0,2767.557,-2.020,6325.171,CX4Z4,3,90,2770.683,-4.250,6331.024,CX4Z4,4,90
862,radial,0.023,0.000e0,2770.683,-4.250,6331.024,CX4Z4,4,0.000,2790.284,-8.716,6318.855,CX4Z4,4,0.000
863,hinge,0.047,0.000e0,2790.284,-8.716,6318.855,CX4Z4,4,0.000,2800.058,-3.338,6273.712,CX4Z4,4,0.000
864,axial,0.010,0.000e0,1616.646,-391.681,7975.172,CX2Z4,0,90,1617.394,-397.422,7982.705,CX2Z4,1,90
865,radial,0.023,0.000e0,1617.394,-397.422,7982.705,CX2Z4,1,0.000,1606.745,-414.579,7970.685,CX2Z4,1,0.000
866,hinge,0.047,0.000e0,1606.745,-414.579,7970.685,CX2Z4,1,0.000,1595.458,-401.242,7927.592,CX2Z4,1,0.000
867,axial,0.007,0.000e0,1617.394,-397.422,7982.705,CX2Z4,1,90,1617.945,-401.652,7988.254,CX2Z4,2,90
868,radial,0.024,0.000e0,1617.945,-401.652,7988.254,CX2Z4,2,0.000,1630.626,-385.330,7999.437,CX2Z4,2,0.000
869,hinge,0.047,0.000e0,1630.626,-385.330,7999.437,CX2Z4,2,0.000,1654.409,-347.896,8013.414,CX2Z4,2,0.000
870,axial,0.007,0.000e0,1617.945,-401.652,7988.254,CX2Z4,2,90,1618.496,-405.882,7993.805,CX2Z4,3,90
871,radial,0.023,0.000e0,1618.496,-405.882,7993.805,CX2Z4,3,0.000,1595.124,-408.279,7994.298,CX2Z4,3,0.000
872,hinge,0.047,0.000e0,1595.124,-408.279,7994.298,CX2Z4,3,0.000,1556.903,-426.437,8013.578,CX2Z4,3,0.000
873,axial,0.007,0.000e0,1618.496,-405.882,7993.805,CX2Z4,3,90,1619.047,-410.112,7999.354,CX2Z4,4,90
874,radial,0.024,0.000e0,1619.047,-410.112,7999.354,CX2Z4,4,0.000,1635.662,-422.493,7988.268,CX2Z4,4,0.000
875,hinge,0.046,0.000e0,1635.662,-422.493,7988.268,CX2Z4,4,0.000,1654.468,-417.357,7946.052,CX2Z4,4,0.000
876,axial,0.009,0.000e0,-1190.064,1816.035,5519.796,AX3Z1,0,90,-1186.295,1820.431,5512.265,AX3Z1,1,90
877,radial,0.024,0.000e0,-1186.295,1820.431,5512.265,AX3Z1,1,0.000,-1172.938,1801.583,5507.949,AX3Z1,1,0.000
878,hinge,0.046,0.000e0,-1172.938,1801.583,5507.949,AX3Z1,1,0.000,-1180.144,1767.664,5538.930,AX3Z1,1,0.000
879,axial,0.007,0.000e0,-1186.295,1820.431,5512.265,AX3Z1,1,90,-1183.517,1823.670,5506.715,AX3Z1,2,90
880,radial,0.024,0.000e0,-1183.517,1823.670,5506.715,AX3Z1,2,0.000,-1161.998,1820.393,5515.573,AX3Z1,2,0.000
881,hinge,0.047,0.000e0,-1161.998,1820.393,5515.573,AX3Z1,2,0.000,-1147.988,1799.901,5554.893,AX3Z1,2,0.000
882,axial,0.007,0.000e0,-1183.517,1823.670,5506.715,AX3Z1,2,90,-1180.740,1826.908,5501.166,AX3Z1,3,90
883,radial,0.024,0.000e0,-1180.740,1826.908,5501.166,AX3Z1,3,0.000,-1191.134,1811.389,5486.906,AX3Z1,3,0.000
884,hinge,0.047,0.000e0,-1191.134,1811.389,5486.906,AX3Z1,3,0.000,-1207.416,1785.824,5451.641,AX3Z1,3,0.000
885,axial,0.007,0.000e0,-1180.740,1826.908,5501.166,AX3Z1,3,90,-1177.962,1830.147,5495.616,AX3Z1,4,90
886,radial,0.024,0.000e0,-1177.962,1830.147,5495.616,AX3Z1,4,0.000,-1178.460,1850.546,5507.273,AX3Z1,4,0.000
887,hinge,0.046,0.000e0,-1178.460,1850.546,5507.273,AX3Z1,4,0.000,-1188.538,1874.745,5545.680,AX3Z1,4,0.000
888,axial,0.010,0.000e0,702.396,371.093,7430.000,CX2Z2,0,90,693.462,368.058,7431.106,CX2Z2,1,90
889,radial,0.024,0.000e0,693.462,368.058,7431.106,CX2Z2,1,0.000,686.107,390.315,7432.779,CX2Z2,1,0.000
890,hinge,0.046,0.000e0,686.107,390.315,7432.779,CX2Z2,1,0.000,721.200,420.588,7428.996,CX2Z2,1,0.000
891,axial,0.007,0.000e0,693.462,368.058,7431.106,CX2Z2,1,90,686.880,365.821,7431.922,CX2Z2,2,90
892,radial,0.024,0.000e0,686.880,365.821,7431.922,CX2Z2,2,0.000,682.913,369.140,7408.998,CX2Z2,2,0.000
893,hinge,0.047,0.000e0,682.913,369.140,7408.998,CX2Z2,2,0.000,710.765,384.661,7375.151,CX2Z2,2,0.000
894,axial,0.007,0.000e0,686.880,365.821,7431.922,CX2Z2,2,90,680.297,363.585,7432.737,CX2Z2,3,90
895,radial,0.024,0.000e0,680.297,363.585,7432.737,CX2Z2,3,0.000,676.521,380.489,7448.619,CX2Z2,3,0.000
896,hinge,0.046,0.000e0,676.521,380.489,7448.619,CX2Z2,3,0.000,648.185,402.028,7478.543,CX2Z2,3,0.000
897,axial,0.007,0.000e0,680.297,363.585,7432.737,CX2Z2,3,90,673.714,361.348,7433.553,CX2Z2,4,90
898,radial,0.024,0.000e0,673.714,361.348,7433.553,CX2Z2,4,0.000,680.073,339.953,7426.200,CX2Z2,4,0.000
899,hinge,0.047,0.000e0,680.073,339.953,7426.200,CX2Z2,4,0.000,712.834,310.718,7410.893,CX2Z2,4,0.000
900,axial,0.010,0.000e0,2611.002,1019.581,7193.576,CX2Z3,0,90,2619.936,1022.616,7192.469,CX2Z3,1,90
901,radial,0.024,0.000e0,2619.936,1022.616,7192.469,CX2Z3,1,0.000,2611.947,1043.135,7184.257,CX2Z3,1,0.000
902,hinge,0.046,0.000e0,2611.947,1043.135,7184.257,CX2Z3,1,0.000,2568.575,1058.557,7177.686,CX2Z3,1,0.000
903,axial,0.007,0.000e0,2619.936,1022.616,7192.469,CX2Z3,1,90,2626.519,1024.853,7191.654,CX2Z3,2,90
904,radial,0.024,0.000e0,2626.519,1024.853,7191.654,CX2Z3,2,0.000,2634.207,1002.681,7192.900,CX2Z3,2,0.000
905,hinge,0.046,0.000e0,2634.207,1002.681,7192.900,CX2Z3,2,0.000,2639.994,956.679,7196.439,CX2Z3,2,0.000
906,axial,0.007,0.000e0,2626.519,1024.853,7191.654,CX2Z3,2,90,2633.102,1027.090,7190.838,CX2Z3,3,90
907,radial,0.023,0.000e0,2633.102,1027.090,7190.838,CX2Z3,3,0.000,2627.431,1036.147,7169.909,CX2Z3,3,0.000
908,hinge,0.046,0.000e0,2627.431,1036.147,7169.909,CX2Z3,3,0.000,2625.549,1056.767,7128.273,CX2Z3,3,0.000
909,axial,0.007,0.000e0,2633.102,1027.090,7190.838,CX2Z3,3,90,2639.684,1029.326,7190.023,CX2Z3,4,90
910,radial,0.024,0.000e0,2639.684,1029.326,7190.023,CX2Z3,4,0.000,2639.131,1038.792,7211.525,CX2Z3,4,0.000
911,hinge,0.046,0.000e0,2639.131,1038.792,7211.525,CX2Z3,4,0.000,2605.412,1039.868,7243.526,CX2Z3,4,0.000
912,axial,0.009,0.000e0,1628.715,1065.132,8157.377,CX2Z0,0,90,1626.054,1071.345,8164.053,CX2Z0,1,90
913,radial,0.024,0.000e0,1626.054,1071.345,8164.053,CX2Z0,1,0.000,1636.134,1057.958,8180.529,CX2Z0,1,0.000
914,hinge,0.047,0.000e0,1636.134,1057.958,8180.529,CX2Z0,1,0.000,1659.049,1017.629,8177.255,CX2Z0,1,0.000
915,axial,0.007,0.000e0,1626.054,1071.345,8164.053,CX2Z0,1,90,1624.093,1075.923,8168.972,CX2Z0,2,90
916,radial,0.024,0.000e0,1624.093,1075.923,8168.972,CX2Z0,2,0.000,1608.431,1085.191,8154.104,CX2Z0,2,0.000
917,hinge,0.046,0.000e0,1608.431,1085.191,8154.104,CX2Z0,2,0.000,1588.102,1085.866,8112.289,CX2Z0,2,0.000
918,axial,0.007,0.000e0,1624.093,1075.923,8168.972,CX2Z0,2,90,1622.133,1080.501,8173.891,CX2Z0,3,90
919,radial,0.023,0.000e0,1622.133,1080.501,8173.891,CX2Z0,3,0.000,1613.350,1062.910,8186.762,CX2Z0,3,0.000
920,hinge,0.046,0.000e0,1613.350,1062.910,8186.762,CX2Z0,3,0.000,1591.787,1047.971,8225.156,CX2Z0,3,0.000
921,axial,0.007,0.000e0,1622.133,1080.501,8173.891,CX2Z0,3,90,1620.172,1085.079,8178.811,CX2Z0,4,90
922,radial,0.023,0.000e0,1620.172,1085.079,8178.811,CX2Z0,4,0.000,1637.395,1099.613,8172.149,CX2Z0,4,0.000
923,hinge,0.047,0.000e0,1637.395,1099.613,8172.149,CX2Z0,4,0.000,1669.581,1095.529,8138.838,CX2Z0,4,0.000
924,axial,0.009,0.000e0,2168.341,123.597,5519.612,CX3Z1,0,90,2170.263,118.135,5512.081,CX3Z1,1,90
925,radial,0.023,0.000e0,2170.263,118.135,5512.081,CX3Z1,1,0.000,2147.261,115.986,5507.771,CX3Z1,1,0.000
926,hinge,0.047,0.000e0,2147.261,115.986,5507.771,CX3Z1,1,0.000,2121.492,139.180,5538.759,CX3Z1,1,0.000
927,axial,0.007,0.000e0,2170.263,118.135,5512.081,CX3Z1,1,90,2171.678,114.111,5506.531,CX3Z1,2,90
928,radial,0.024,0.000e0,2171.678,114.111,5506.531,CX3Z1,2,0.000,2158.083,97.112,5515.389,CX3Z1,2,0.000
929,hinge,0.046,0.000e0,2158.083,97.112,5515.389,CX3Z1,2,0.000,2133.336,95.221,5554.711,CX3Z1,2,0.000
930,axial,0.007,0.000e0,2171.678,114.111,5506.531,CX3Z1,2,90,2173.094,110.086,5500.981,CX3Z1,3,90
931,radial,0.023,0.000e0,2173.094,110.086,5500.981,CX3Z1,3,0.000,2164.838,126.843,5486.724,CX3Z1,3,0.000
932,hinge,0.047,0.000e0,2164.838,126.843,5486.724,CX3Z1,3,0.000,2150.812,153.718,5451.463,CX3Z1,3,0.000
933,axial,0.007,0.000e0,2173.094,110.086,5500.981,CX3Z1,3,90,2174.510,106.062,5495.431,CX3Z1,4,90
934,radial,0.023,0.000e0,2174.510,106.062,5495.431,CX3Z1,4,0.000,2192.430,96.298,5507.083,CX3Z1,4,0.000
935,hinge,0.047,0.000e0,2192.430,96.298,5507.083,CX3Z1,4,0.000,2218.436,92.931,5545.483,CX3Z1,4,0.000
936,axial,0.009,0.000e0,-691.938,-813.568,8996.768,BX1Z2,0,90,-696.323,-809.780,9004.296,BX1Z2,1,90
937,radial,0.024,0.000e0,-696.323,-809.780,9004.296,BX1Z2,1,0.000,-680.264,-819.411,9018.495,BX1Z2,1,0.000
938,hinge,0.046,0.000e0,-680.264,-819.411,9018.495,BX1Z2,1,0.000,-642.013,-845.183,9024.402,BX1Z2,1,0.000
939,axial,0.007,0.000e0,-696.323,-809.780,9004.296,BX1Z2,1,90,-699.555,-806.990,9009.844,BX1Z2,2,90
940,radial,0.024,0.000e0,-699.555,-806.990,9009.844,BX1Z2,2,0.000,-713.573,-825.806,9011.145,BX1Z2,2,0.000
941,hinge,0.047,0.000e0,-713.573,-825.806,9011.145,BX1Z2,2,0.000,-715.572,-864.223,8985.022,BX1Z2,2,0.000
942,axial,0.007,0.000e0,-699.555,-806.990,9009.844,BX1Z2,2,90,-702.786,-804.199,9015.391,BX1Z2,3,90
943,radial,0.024,0.000e0,-702.786,-804.199,9015.391,BX1Z2,3,0.000,-683.436,-807.485,9028.314,BX1Z2,3,0.000
944,hinge,0.047,0.000e0,-683.436,-807.485,9028.314,BX1Z2,3,0.000,-674.516,-797.759,9072.902,BX1Z2,3,0.000
945,axial,0.007,0.000e0,-702.786,-804.199,9015.391,BX1Z2,3,90,-706.017,-801.408,9020.938,BX1Z2,4,90
946,radial,0.023,0.000e0,-706.017,-801.408,9020.938,BX1Z2,4,0.000,-718.580,-787.594,9006.670,BX1Z2,4,0.000
947,hinge,0.046,0.000e0,-718.580,-787.594,9006.670,BX1Z2,4,0.000,-738.433,-764.710,8971.394,BX1Z2,4,0.000
948,axial,0.009,0.000e0,-2169.507,2288.275,5963.398,AX3Z5,0,90,-2176.597,2293.466,5959.790,AX3Z5,1,90
949,radial,0.024,0.000e0,-2176.597,2293.466,5959.790,AX3Z5,1,0.000,-2164.202,2313.060,5963.622,AX3Z5,1,0.000
950,hinge,0.047,0.000e0,-2164.202,2313.060,5963.622,AX3Z5,1,0.000,-2121.916,2319.319,5981.924,AX3Z5,1,0.000
951,axial,0.007,0.000e0,-2176.597,2293.466,5959.790,AX3Z5,1,90,-2181.822,2297.292,5957.132,AX3Z5,2,90
952,radial,0.023,0.000e0,-2181.822,2297.292,5957.132,AX3Z5,2,0.000,-2183.607,2308.972,5977.445,AX3Z5,2,0.000
953,hinge,0.046,0.000e0,-2183.607,2308.972,5977.445,AX3Z5,2,0.000,-2159.729,2304.957,6017.144,AX3Z5,2,0.000
954,axial,0.007,0.000e0,-2181.822,2297.292,5957.132,AX3Z5,2,90,-2187.047,2301.117,5954.473,AX3Z5,3,90
955,radial,0.024,0.000e0,-2187.047,2301.117,5954.473,AX3Z5,3,0.000,-2174.002,2305.734,5935.479,AX3Z5,3,0.000
956,hinge,0.046,0.000e0,-2174.002,2305.734,5935.479,AX3Z5,3,0.000,-2155.970,2319.953,5895.045,AX3Z5,3,0.000
957,axial,0.007,0.000e0,-2187.047,2301.117,5954.473,AX3Z5,3,90,-2192.272,2304.942,5951.814,AX3Z5,4,90
958,radial,0.023,0.000e0,-2192.272,2304.942,5951.814,AX3Z5,4,0.000,-2207.802,2289.056,5959.477,AX3Z5,4,0.000
959,hinge,0.047,0.000e0,-2207.802,2289.056,5959.477,AX3Z5,4,0.000,-2217.059,2249.127,5981.437,AX3Z5,4,0.000
960,axial,0.009,0.000e0,1051.053,-193.007,8996.018,CX1Z2,0,90,1049.963,-198.701,9003.543,CX1Z2,1,90
961,radial,0.023,0.000e0,1049.963,-198.701,9003.543,CX1Z2,1,0.000,1050.261,-179.983,9017.748,CX1Z2,1,0.000
962,hinge,0.047,0.000e0,1050.261,-179.983,9017.748,CX1Z2,1,0.000,1053.439,-133.971,9023.672,CX1Z2,1,0.000
963,axial,0.007,0.000e0,1049.963,-198.701,9003.543,CX1Z2,1,90,1049.160,-202.897,9009.089,CX1Z2,2,90
964,radial,0.023,0.000e0,1049.160,-202.897,9009.089,CX1Z2,2,0.000,1072.465,-205.620,9010.403,CX1Z2,2,0.000
965,hinge,0.046,0.000e0,1072.465,-205.620,9010.403,CX1Z2,2,0.000,1106.744,-188.121,8984.310,CX1Z2,2,0.000
966,axial,0.007,0.000e0,1049.160,-202.897,9009.089,CX1Z2,2,90,1048.357,-207.092,9014.634,CX1Z2,3,90
967,radial,0.024,0.000e0,1048.357,-207.092,9014.634,CX1Z2,3,0.000,1041.592,-188.684,9027.582,CX1Z2,3,0.000
968,hinge,0.046,0.000e0,1041.592,-188.684,9027.582,CX1Z2,3,0.000,1028.784,-185.823,9072.191,CX1Z2,3,0.000
969,axial,0.007,0.000e0,1048.357,-207.092,9014.634,CX1Z2,3,90,1047.554,-211.288,9020.180,CX1Z2,4,90
970,radial,0.023,0.000e0,1047.554,-211.288,9020.180,CX1Z2,4,0.000,1041.897,-229.076,9005.902,CX1Z2,4,0.000
971,hinge,0.046,0.000e0,1041.897,-229.076,9005.902,CX1Z2,4,0.000,1032.058,-257.709,8970.609,CX1Z2,4,0.000
972,axial,0.010,0.000e0,-1667.697,2596.903,4995.727,AX4Z1,0,90,-1663.574,2602.195,4989.000,AX4Z1,1,90
973,radial,0.024,0.000e0,-1663.574,2602.195,4989.000,AX4Z1,1,0.000,-1665.894,2621.244,5002.565,AX4Z1,1,0.000
974,hinge,0.047,0.000e0,-1665.894,2621.244,5002.565,AX4Z1,1,0.000,-1686.324,2611.348,5043.147,AX4Z1,1,0.000
975,axial,0.007,0.000e0,-1663.574,2602.195,4989.000,AX4Z1,1,90,-1660.536,2606.094,4984.044,AX4Z1,2,90
976,radial,0.024,0.000e0,-1660.536,2606.094,4984.044,AX4Z1,2,0.000,-1649.383,2587.074,4975.916,AX4Z1,2,0.000
977,hinge,0.046,0.000e0,-1649.383,2587.074,4975.916,AX4Z1,2,0.000,-1659.827,2548.958,5000.417,AX4Z1,2,0.000
978,axial,0.007,0.000e0,-1660.536,2606.094,4984.044,AX4Z1,2,90,-1657.498,2609.994,4979.088,AX4Z1,3,90
979,radial,0.024,0.000e0,-1657.498,2609.994,4979.088,AX4Z1,3,0.000,-1669.887,2598.707,4962.615,AX4Z1,3,0.000
980,hinge,0.047,0.000e0,-1669.887,2598.707,4962.615,AX4Z1,3,0.000,-1689.671,2582.248,4923.885,AX4Z1,3,0.000
981,axial,0.007,0.000e0,-1657.498,2609.994,4979.088,AX4Z1,3,90,-1654.460,2613.894,4974.131,AX4Z1,4,90
982,radial,0.023,0.000e0,-1654.460,2613.894,4974.131,AX4Z1,4,0.000,-1638.291,2621.000,4989.633,AX4Z1,4,0.000
983,hinge,0.047,0.000e0,-1638.291,2621.000,4989.633,AX4Z1,4,0.000,-1632.531,2610.677,5034.605,AX4Z1,4,0.000
984,axial,0.010,0.000e0,-1381.964,2384.802,6305.992,AX4Z4,0,90,-1381.463,2389.985,6313.937,AX4Z4,1,90
985,radial,0.024,0.000e0,-1381.463,2389.985,6313.937,AX4Z4,1,0.000,-1358.420,2385.595,6315.347,AX4Z4,1,0.000
986,hinge,0.046,0.000e0,-1358.420,2385.595,6315.347,AX4Z4,1,0.000,-1343.615,2358.816,6280.333,AX4Z4,1,0.000
987,axial,0.007,0.000e0,-1381.463,2389.985,6313.937,AX4Z4,1,90,-1381.093,2393.804,6319.792,AX4Z4,2,90
988,radial,0.023,0.000e0,-1381.093,2393.804,6319.792,AX4Z4,2,0.000,-1404.339,2397.174,6319.062,AX4Z4,2,0.000
989,hinge,0.046,0.000e0,-1404.339,2397.174,6319.062,AX4Z4,2,0.000,-1445.401,2390.262,6298.364,AX4Z4,2,0.000
990,axial,0.007,0.000e0,-1381.093,2393.804,6319.792,AX4Z4,2,90,-1380.724,2397.624,6325.646,AX4Z4,3,90
991,radial,0.024,0.000e0,-1380.724,2397.624,6325.646,AX4Z4,3,0.000,-1364.273,2383.112,6334.075,AX4Z4,3,0.000
992,hinge,0.047,0.000e0,-1364.273,2383.112,6334.075,AX4Z4,3,0.000,-1331.923,2360.301,6358.474,AX4Z4,3,0.000
993,axial,0.007,0.000e0,-1380.724,2397.624,6325.646,AX4Z4,3,90,-1380.354,2401.443,6331.501,AX4Z4,4,90
994,radial,0.024,0.000e0,-1380.354,2401.443,6331.501,AX4Z4,4,0.000,-1386.288,2420.657,6319.341,AX4Z4,4,0.000
995,hinge,0.047,0.000e0,-1386.288,2420.657,6319.341,AX4Z4,4,0.000,-1395.843,2426.452,6274.203,AX4Z4,4,0.000
996,axial,0.009,0.000e0,-1372.959,-2389.247,6305.876,BX4Z4,0,90,-1377.696,-2391.406,6313.823,BX4Z4,1,90
997,radial,0.023,0.000e0,-1377.696,-2391.406,6313.823,BX4Z4,1,0.000,-1385.415,-2369.255,6315.240,BX4Z4,1,0.000
998,hinge,0.047,0.000e0,-1385.415,-2369.255,6315.240,BX4Z4,1,0.000,-1369.639,-2343.036,6280.227,BX4Z4,1,0.000
999,axial,0.007,0.000e0,-1377.696,-2391.406,6313.823,BX4Z4,1,90,-1381.186,-2392.997,6319.678,BX4Z4,2,90
1000,radial,0.023,0.000e0,-1381.186,-2392.997,6319.678,BX4Z4,2,0.000,-1372.487,-2414.815,6318.936,BX4Z4,2,0.000
1001,hinge,0.047,0.000e0,-1372.487,-2414.815,6318.936,BX4Z4,2,0.000,-1345.987,-2446.918,6298.214,BX4Z4,2,0.000
1002,axial,0.007,0.000e0,-1381.186,-2392.997,6319.678,BX4Z4,2,90,-1384.677,-2394.588,6325.534,BX4Z4,3,90
1003,radial,0.023,0.000e0,-1384.677,-2394.588,6325.534,BX4Z4,3,0.000,-1380.341,-2373.084,6333.961,BX4Z4,3,0.000
1004,hinge,0.046,0.000e0,-1380.341,-2373.084,6333.961,BX4Z4,3,0.000,-1376.769,-2333.661,6358.360,BX4Z4,3,0.000
1005,axial,0.007,0.000e0,-1384.677,-2394.588,6325.534,BX4Z4,3,90,-1388.167,-2396.179,6331.389,BX4Z4,4,90
1006,radial,0.023,0.000e0,-1388.167,-2396.179,6331.389,BX4Z4,4,0.000,-1401.845,-2410.921,6319.230,BX4Z4,4,0.000
1007,hinge,0.046,0.000e0,-1401.845,-2410.921,6319.230,BX4Z4,4,0.000,-1402.101,-2422.083,6274.090,BX4Z4,4,0.000
1008,axial,0.009,0.000e0,254.295,-1630.843,7372.286,BX1Z3,0,90,258.681,-1634.631,7364.757,BX1Z3,1,90
1009,radial,0.023,0.000e0,258.681,-1634.631,7364.757,BX1Z3,1,0.000,262.888,-1654.208,7377.058,BX1Z3,1,0.000
1010,hinge,0.047,0.000e0,262.888,-1654.208,7377.058,BX1Z3,1,0.000,252.151,-1665.630,7420.835,BX1Z3,1,0.000
1011,axial,0.007,0.000e0,258.681,-1634.631,7364.757,BX1Z3,1,90,261.912,-1637.422,7359.210,BX1Z3,2,90
1012,radial,0.023,0.000e0,261.912,-1637.422,7359.210,BX1Z3,2,0.000,260.369,-1616.847,7347.961,BX1Z3,2,0.000
1013,hinge,0.047,0.000e0,260.369,-1616.847,7347.961,BX1Z3,2,0.000,246.993,-1572.321,7347.107,BX1Z3,2,0.000
1014,axial,0.007,0.000e0,261.912,-1637.422,7359.210,BX1Z3,2,90,265.143,-1640.212,7353.663,BX1Z3,3,90
1015,radial,0.024,0.000e0,265.143,-1640.212,7353.663,BX1Z3,3,0.000,252.411,-1659.813,7356.108,BX1Z3,3,0.000
1016,hinge,0.047,0.000e0,252.411,-1659.813,7356.108,BX1Z3,3,0.000,252.081,-1699.248,7331.471,BX1Z3,3,0.000
1017,axial,0.007,0.000e0,265.143,-1640.212,7353.663,BX1Z3,3,90,268.374,-1643.003,7348.116,BX1Z3,4,90
1018,radial,0.023,0.000e0,268.374,-1643.003,7348.116,BX1Z3,4,0.000,288.865,-1634.348,7355.697,BX1Z3,4,0.000
1019,hinge,0.047,0.000e0,288.865,-1634.348,7355.697,BX1Z3,4,0.000,299.265,-1609.120,7393.348,BX1Z3,4,0.000
1020,axial,0.010,0.000e0,2472.776,730.612,5492.534,CX4YZ0,0,90,2470.182,729.759,5501.633,CX4YZ0,1,90
1021,radial,0.023,0.000e0,2470.182,729.759,5501.633,CX4YZ0,1,0.000,2448.228,724.756,5494.907,CX4YZ0,1,0.000
1022,hinge,0.047,0.000e0,2448.228,724.756,5494.907,CX4YZ0,1,0.000,2416.954,718.272,5461.112,CX4YZ0,1,0.000
1023,axial,0.007,0.000e0,2470.182,729.759,5501.633,CX4YZ0,1,90,2468.271,729.130,5508.337,CX4YZ0,2,90
1024,radial,0.023,0.000e0,2468.271,729.130,5508.337,CX4YZ0,2,0.000,2475.109,751.251,5512.360,CX4YZ0,2,0.000
1025,hinge,0.047,0.000e0,2475.109,751.251,5512.360,CX4YZ0,2,0.000,2493.172,791.245,5496.984,CX4YZ0,2,0.000
1026,axial,0.007,0.000e0,2468.271,729.130,5508.337,CX4YZ0,2,90,2466.361,728.502,5515.042,CX4YZ0,3,90
1027,radial,0.023,0.000e0,2466.361,728.502,5515.042,CX4YZ0,3,0.000,2479.851,709.369,5517.093,CX4YZ0,3,0.000
1028,hinge,0.047,0.000e0,2479.851,709.369,5517.093,CX4YZ0,3,0.000,2509.314,678.670,5498.338,CX4YZ0,3,0.000
1029,axial,0.009,0.000e0,0.730,0.104,10956.175,YZ1,0,90,0.732,0.102,10965.675,YZ1,1,90
1030,radial,0.023,0.000e0,0.732,0.102,10965.675,YZ1,1,0.000,23.415,-6.041,10965.669,YZ1,1,0.000
1031,hinge,0.046,0.000e0,23.415,-6.041,10965.669,YZ1,1,0.000,52.854,-14.009,10930.567,YZ1,1,0.000
1032,axial,0.007,0.000e0,0.732,0.102,10965.675,YZ1,1,90,0.733,0.100,10972.676,YZ1,2,90
1033,radial,0.024,0.000e0,0.733,0.100,10972.676,YZ1,2,0.000,-15.925,-16.475,10972.676,YZ1,2,0.000
1034,hinge,0.047,0.000e0,-15.925,-16.475,10972.676,YZ1,2,0.000,-37.557,-37.986,10937.581,YZ1,2,0.000
1035,axial,0.007,0.000e0,0.733,0.100,10972.676,YZ1,2,90,0.735,0.099,10979.676,YZ1,3,90
1036,radial,0.024,0.000e0,0.735,0.099,10979.676,YZ1,3,0.000,-5.265,22.820,10979.681,YZ1,3,0.000
1037,hinge,0.047,0.000e0,-5.265,22.820,10979.681,YZ1,3,0.000,-13.060,52.323,10944.595,YZ1,3,0.000
1038,axial,0.010,0.000e0,109.366,-1943.312,8157.035,BX2Z0,0,90,116.078,-1944.119,8163.709,BX2Z0,1,90
1039,radial,0.023,0.000e0,116.078,-1944.119,8163.709,BX2Z0,1,0.000,99.447,-1946.121,8180.192,BX2Z0,1,0.000
1040,hinge,0.046,0.000e0,99.447,-1946.121,8180.192,BX2Z0,1,0.000,53.063,-1945.742,8176.933,BX2Z0,1,0.000
1041,axial,0.007,0.000e0,116.078,-1944.119,8163.709,BX2Z0,1,90,121.024,-1944.713,8168.627,BX2Z0,2,90
1042,radial,0.024,0.000e0,121.024,-1944.713,8168.627,BX2Z0,2,0.000,136.872,-1935.745,8153.772,BX2Z0,2,0.000
1043,hinge,0.046,0.000e0,136.872,-1935.745,8153.772,BX2Z0,2,0.000,147.603,-1918.403,8111.983,BX2Z0,2,0.000
1044,axial,0.007,0.000e0,121.024,-1944.713,8168.627,BX2Z0,2,90,125.969,-1945.307,8173.545,BX2Z0,3,90
1045,radial,0.023,0.000e0,125.969,-1945.307,8173.545,BX2Z0,3,0.000,115.132,-1928.908,8186.424,BX2Z0,3,0.000
1046,hinge,0.046,0.000e0,115.132,-1928.908,8186.424,BX2Z0,3,0.000,112.989,-1902.780,8224.830,BX2Z0,3,0.000
1047,axial,0.007,0.000e0,125.969,-1945.307,8173.545,BX2Z0,3,90,130.915,-1945.901,8178.463,BX2Z0,4,90
1048,radial,0.024,0.000e0,130.915,-1945.901,8178.463,BX2Z0,4,0.000,134.875,-1968.086,8171.800,BX2Z0,4,0.000
1049,hinge,0.046,0.000e0,134.875,-1968.086,8171.800,BX2Z0,4,0.000,115.221,-1993.907,8138.495,BX2Z0,4,0.000
1050,axial,0.009,0.000e0,-1146.898,-1203.238,7974.961,BX2Z4,0,90,-1152.244,-1201.015,7982.493,BX2Z4,1,90
1051,radial,0.023,0.000e0,-1152.244,-1201.015,7982.493,BX2Z4,1,0.000,-1161.768,-1183.206,7970.477,BX2Z4,1,0.000
1052,hinge,0.047,0.000e0,-1161.768,-1183.206,7970.477,BX2Z4,1,0.000,-1144.565,-1180.092,7927.389,BX2Z4,1,0.000
1053,axial,0.007,0.000e0,-1152.244,-1201.015,7982.493,BX2Z4,1,90,-1156.183,-1199.377,7988.043,BX2Z4,2,90
1054,radial,0.023,0.000e0,-1156.183,-1199.377,7988.043,BX2Z4,2,0.000,-1148.386,-1218.518,7999.226,BX2Z4,2,0.000
1055,hinge,0.046,0.000e0,-1148.386,-1218.518,7999.226,BX2Z4,2,0.000,-1127.853,-1257.827,8013.207,BX2Z4,2,0.000
1056,axial,0.007,0.000e0,-1156.183,-1199.377,7988.043,BX2Z4,2,90,-1160.123,-1197.740,7993.592,BX2Z4,3,90
1057,radial,0.023,0.000e0,-1160.123,-1197.740,7993.592,BX2Z4,3,0.000,-1150.489,-1176.311,7994.107,BX2Z4,3,0.000
1058,hinge,0.046,0.000e0,-1150.489,-1176.311,7994.107,BX2Z4,3,0.000,-1147.066,-1134.151,8013.422,BX2Z4,3,0.000
1059,axial,0.007,0.000e0,-1160.123,-1197.740,7993.592,BX2Z4,3,90,-1164.062,-1196.102,7999.142,BX2Z4,4,90
1060,radial,0.023,0.000e0,-1164.062,-1196.102,7999.142,BX2Z4,4,0.000,-1183.090,-1204.306,7988.057,BX2Z4,4,0.000
1061,hinge,0.046,0.000e0,-1183.090,-1204.306,7988.057,BX2Z4,4,0.000,-1188.041,-1223.166,7945.843,BX2Z4,4,0.000
1062,axial,0.010,0.000e0,3067.068,735.684,5963.139,CX3Z5,0,90,3075.109,739.230,5959.530,CX3Z5,1,90
1063,radial,0.024,0.000e0,3075.109,739.230,5959.530,CX3Z5,1,0.000,3086.121,734.930,5979.840,CX3Z5,1,0.000
1064,hinge,0.047,0.000e0,3086.121,734.930,5979.840,CX3Z5,1,0.000,3070.714,716.250,6019.538,CX3Z5,1,0.000
1065,axial,0.007,0.000e0,3075.109,739.230,5959.530,CX3Z5,1,90,3081.034,741.843,5956.871,CX3Z5,2,90
1066,radial,0.024,0.000e0,3081.034,741.843,5956.871,CX3Z5,2,0.000,3091.804,721.309,5960.694,CX3Z5,2,0.000
1067,hinge,0.046,0.000e0,3091.804,721.309,5960.694,CX3Z5,2,0.000,3076.083,681.555,5978.989,CX3Z5,2,0.000
1068,axial,0.007,0.000e0,3081.034,741.843,5956.871,CX3Z5,2,90,3086.958,744.455,5954.211,CX3Z5,3,90
1069,radial,0.024,0.000e0,3086.958,744.455,5954.211,CX3Z5,3,0.000,3084.429,730.855,5935.214,CX3Z5,3,0.000
1070,hinge,0.046,0.000e0,3084.429,730.855,5935.214,CX3Z5,3,0.000,3087.716,708.140,5894.773,CX3Z5,3,0.000
1071,axial,0.007,0.000e0,3086.958,744.455,5954.211,CX3Z5,3,90,3092.883,747.068,5951.552,CX3Z5,4,90
1072,radial,0.023,0.000e0,3092.883,747.068,5951.552,CX3Z5,4,0.000,3086.891,768.459,5959.218,CX3Z5,4,0.000
1073,hinge,0.046,0.000e0,3086.891,768.459,5959.218,CX3Z5,4,0.000,3056.944,796.438,5981.186,CX3Z5,4,0.000
1074,axial,0.009,0.000e0,-1736.929,877.610,8156.975,AX2Z0,0,90,-1740.985,872.199,8163.647,AX2Z0,1,90
1075,radial,0.023,0.000e0,-1740.985,872.199,8163.647,AX2Z0,1,0.000,-1734.408,887.603,8180.132,AX2Z0,1,0.000
1076,hinge,0.046,0.000e0,-1734.408,887.603,8180.132,AX2Z0,1,0.000,-1710.890,927.584,8176.880,AX2Z0,1,0.000
1077,axial,0.007,0.000e0,-1740.985,872.199,8163.647,AX2Z0,1,90,-1743.973,868.213,8168.565,AX2Z0,2,90
1078,radial,0.024,0.000e0,-1743.973,868.213,8168.565,AX2Z0,2,0.000,-1744.131,850.006,8153.708,AX2Z0,2,0.000
1079,hinge,0.046,0.000e0,-1744.131,850.006,8153.708,AX2Z0,2,0.000,-1734.477,832.047,8111.917,AX2Z0,2,0.000
1080,axial,0.007,0.000e0,-1743.973,868.213,8168.565,AX2Z0,2,90,-1746.961,864.227,8173.482,AX2Z0,3,90
1081,radial,0.023,0.000e0,-1746.961,864.227,8173.482,AX2Z0,3,0.000,-1727.344,865.413,8186.366,AX2Z0,3,0.000
1082,hinge,0.047,0.000e0,-1727.344,865.413,8186.366,AX2Z0,3,0.000,-1703.653,854.206,8224.777,AX2Z0,3,0.000
1083,axial,0.007,0.000e0,-1746.961,864.227,8173.482,AX2Z0,3,90,-1749.950,860.240,8178.399,AX2Z0,4,90
1084,radial,0.024,0.000e0,-1749.950,860.240,8178.399,AX2Z0,4,0.000,-1771.141,867.904,8171.734,AX2Z0,4,0.000
1085,hinge,0.047,0.000e0,-1771.141,867.904,8171.734,AX2Z0,4,0.000,-1783.670,897.840,8138.430,AX2Z0,4,0.000
1086,axial,0.009,0.000e0,875.767,-681.205,8267.865,Z6,0,90,880.115,-687.257,8261.973,Z6,1,90
1087,radial,0.024,0.000e0,880.115,-687.257,8261.973,Z6,1,0.000,899.956,-685.081,8274.377,Z6,1,0.000
1088,hinge,0.047,0.000e0,899.956,-685.081,8274.377,Z6,1,0.000,909.651,-659.901,8312.248,Z6,1,0.000
1089,axial,0.007,0.000e0,880.115,-687.257,8261.973,Z6,1,90,883.318,-691.716,8257.630,Z6,2,90
1090,radial,0.023,0.000e0,883.318,-691.716,8257.630,Z6,2,0.000,867.842,-686.409,8240.762,Z6,2,0.000
1091,hinge,0.046,0.000e0,867.842,-686.409,8240.762,Z6,2,0.000,833.462,-669.979,8214.109,Z6,2,0.000
1092,axial,0.007,0.000e0,883.318,-691.716,8257.630,Z6,2,90,886.522,-696.175,8253.288,Z6,3,90
1093,radial,0.023,0.000e0,886.522,-696.175,8253.288,Z6,3,0.000,904.252,-680.962,8250.747,Z6,3,0.000
1094,hinge,0.047,0.000e0,904.252,-680.962,8250.747,Z6,3,0.000,945.275,-669.703,8231.969,Z6,3,0.000
1095,axial,0.007,0.000e0,886.522,-696.175,8253.288,Z6,3,90,889.726,-700.634,8248.946,Z6,4,90
1096,radial,0.024,0.000e0,889.726,-700.634,8248.946,Z6,4,0.000,875.899,-718.024,8256.604,Z6,4,0.000
1097,hinge,0.047,0.000e0,875.899,-718.024,8256.604,Z6,4,0.000,841.565,-733.014,8284.149,Z6,4,0.000
1098,axial,0.009,0.000e0,-50.775,-2932.735,6375.635,BX4Z0,0,90,-44.130,-2933.663,6382.361,BX4Z0,1,90
1099,radial,0.023,0.000e0,-44.130,-2933.663,6382.361,BX4Z0,1,0.000,-59.468,-2945.199,6395.923,BX4Z0,1,0.000
1100,hinge,0.047,0.000e0,-59.468,-2945.199,6395.923,BX4Z0,1,0.000,-100.993,-2949.540,6375.451,BX4Z0,1,0.000
1101,axial,0.007,0.000e0,-44.130,-2933.663,6382.361,BX4Z0,1,90,-39.234,-2934.346,6387.317,BX4Z0,2,90
1102,radial,0.023,0.000e0,-39.234,-2934.346,6387.317,BX4Z0,2,0.000,-25.150,-2919.781,6375.412,BX4Z0,2,0.000
1103,hinge,0.046,0.000e0,-25.150,-2919.781,6375.412,BX4Z0,2,0.000,-17.278,-2892.551,6338.550,BX4Z0,2,0.000
1104,axial,0.007,0.000e0,-39.234,-2934.346,6387.317,BX4Z0,2,90,-34.338,-2935.030,6392.273,BX4Z0,3,90
1105,radial,0.024,0.000e0,-34.338,-2935.030,6392.273,BX4Z0,3,0.000,-50.266,-2929.774,6408.733,BX4Z0,3,0.000
1106,hinge,0.046,0.000e0,-50.266,-2929.774,6408.733,BX4Z0,3,0.000,-74.331,-2920.544,6447.437,BX4Z0,3,0.000
1107,axial,0.007,0.000e0,-34.338,-2935.030,6392.273,BX4Z0,3,90,-29.442,-2935.713,6397.229,BX4Z0,4,90
1108,radial,0.024,0.000e0,-29.442,-2935.713,6397.229,BX4Z0,4,0.000,-14.891,-2945.394,6381.519,BX4Z0,4,0.000
1109,hinge,0.047,0.000e0,-14.891,-2945.394,6381.519,BX4Z0,4,0.000,-20.548,-2954.535,6336.278,BX4Z0,4,0.000
1110,axial,0.009,0.000e0,1286.263,1035.717,7372.006,CX1Z3,0,90,1287.354,1041.411,7364.480,CX1Z3,1,90
1111,radial,0.024,0.000e0,1287.354,1041.411,7364.480,CX1Z3,1,0.000,1302.204,1054.836,7376.789,CX1Z3,1,0.000
1112,hinge,0.047,0.000e0,1302.204,1054.836,7376.789,CX1Z3,1,0.000,1317.455,1051.229,7420.568,CX1Z3,1,0.000
1113,axial,0.007,0.000e0,1287.354,1041.411,7364.480,CX1Z3,1,90,1288.157,1045.607,7358.935,CX1Z3,2,90
1114,radial,0.023,0.000e0,1288.157,1045.607,7358.935,CX1Z3,2,0.000,1271.116,1033.986,7347.674,CX1Z3,2,0.000
1115,hinge,0.046,0.000e0,1271.116,1033.986,7347.674,CX1Z3,2,0.000,1239.246,1000.136,7346.796,CX1Z3,2,0.000
1116,axial,0.007,0.000e0,1288.157,1045.607,7358.935,CX1Z3,2,90,1288.960,1049.803,7353.390,CX1Z3,3,90
1117,radial,0.024,0.000e0,1288.960,1049.803,7353.390,CX1Z3,3,0.000,1312.299,1048.567,7355.835,CX1Z3,3,0.000
1118,hinge,0.047,0.000e0,1312.299,1048.567,7355.835,CX1Z3,3,0.000,1346.625,1067.998,7331.208,CX1Z3,3,0.000
1119,axial,0.007,0.000e0,1288.960,1049.803,7353.390,CX1Z3,3,90,1289.763,1053.998,7347.844,CX1Z3,4,90
1120,radial,0.024,0.000e0,1289.763,1053.998,7347.844,CX1Z3,4,0.000,1272.025,1067.418,7355.428,CX1Z3,4,0.000
1121,hinge,0.047,0.000e0,1272.025,1067.418,7355.428,CX1Z3,4,0.000,1244.971,1063.804,7393.075,CX1Z3,4,0.000
1122,axial,0.009,0.000e0,-2747.769,1719.519,5056.695,AX4Z3,0,90,-2755.352,1722.599,5051.872,AX4Z3,1,90
1123,radial,0.024,0.000e0,-2755.352,1722.599,5051.872,AX4Z3,1,0.000,-2768.561,1706.057,5062.077,AX4Z3,1,0.000
1124,hinge,0.046,0.000e0,-2768.561,1706.057,5062.077,AX4Z3,1,0.000,-2743.938,1679.818,5091.530,AX4Z3,1,0.000
1125,axial,0.007,0.000e0,-2755.352,1722.599,5051.872,AX4Z3,1,90,-2760.940,1724.868,5048.317,AX4Z3,2,90
1126,radial,0.023,0.000e0,-2760.940,1724.868,5048.317,AX4Z3,2,0.000,-2751.337,1746.268,5046.884,AX4Z3,2,0.000
1127,hinge,0.046,0.000e0,-2751.337,1746.268,5046.884,AX4Z3,2,0.000,-2709.804,1748.154,5067.711,AX4Z3,2,0.000
1128,axial,0.007,0.000e0,-2760.940,1724.868,5048.317,AX4Z3,2,90,-2766.527,1727.137,5044.764,AX4Z3,3,90
1129,radial,0.023,0.000e0,-2766.527,1727.137,5044.764,AX4Z3,3,0.000,-2752.838,1731.852,5026.253,AX4Z3,3,0.000
1130,hinge,0.047,0.000e0,-2752.838,1731.852,5026.253,AX4Z3,3,0.000,-2734.061,1744.112,4985.518,AX4Z3,3,0.000
1131,axial,0.007,0.000e0,-2766.527,1727.137,5044.764,AX4Z3,3,90,-2772.114,1729.406,5041.209,AX4Z3,4,90
1132,radial,0.024,0.000e0,-2772.114,1729.406,5041.209,AX4Z3,4,0.000,-2784.043,1731.564,5061.342,AX4Z3,4,0.000
1133,hinge,0.046,0.000e0,-2784.043,1731.564,5061.342,AX4Z3,4,0.000,-2771.517,1722.988,5105.294,AX4Z3,4,0.000
1134,axial,0.010,0.000e0,-340.193,-1609.805,6026.182,BX4Z2,0,90,-341.316,-1601.699,6031.007,BX4Z2,1,90
1135,radial,0.024,0.000e0,-341.316,-1601.699,6031.007,BX4Z2,1,0.000,-320.389,-1604.876,6041.215,BX4Z2,1,0.000
1136,hinge,0.047,0.000e0,-320.389,-1604.876,6041.215,BX4Z2,1,0.000,-299.780,-1644.018,6026.885,BX4Z2,1,0.000
1137,axial,0.007,0.000e0,-341.316,-1601.699,6031.007,BX4Z2,1,90,-342.144,-1595.727,6034.562,BX4Z2,2,90
1138,radial,0.024,0.000e0,-342.144,-1595.727,6034.562,BX4Z2,2,0.000,-346.674,-1584.399,6014.477,BX4Z2,2,0.000
1139,hinge,0.046,0.000e0,-346.674,-1584.399,6014.477,BX4Z2,2,0.000,-348.405,-1599.638,5970.580,BX4Z2,2,0.000
1140,axial,0.007,0.000e0,-342.144,-1595.727,6034.562,BX4Z2,2,90,-342.972,-1589.754,6038.118,BX4Z2,3,90
1141,radial,0.024,0.000e0,-342.972,-1589.754,6038.118,BX4Z2,3,0.000,-326.752,-1596.736,6053.624,BX4Z2,3,0.000
1142,hinge,0.047,0.000e0,-326.752,-1596.736,6053.624,BX4Z2,3,0.000,-296.502,-1602.000,6088.545,BX4Z2,3,0.000
1143,axial,0.007,0.000e0,-342.972,-1589.754,6038.118,BX4Z2,3,90,-343.799,-1583.781,6041.673,BX4Z2,4,90
1144,radial,0.024,0.000e0,-343.799,-1583.781,6041.673,BX4Z2,4,0.000,-365.586,-1581.704,6033.112,BX4Z2,4,0.000
1145,hinge,0.047,0.000e0,-365.586,-1581.704,6033.112,BX4Z2,4,0.000,-400.170,-1597.983,6006.633,BX4Z2,4,0.000
1146,axial,0.010,0.000e0,-114.420,-3239.233,5056.283,BX4Z3,0,90,-113.297,-3247.339,5051.458,BX4Z3,1,90
1147,radial,0.024,0.000e0,-113.297,-3247.339,5051.458,BX4Z3,1,0.000,-92.370,-3250.515,5061.666,BX4Z3,1,0.000
1148,hinge,0.047,0.000e0,-92.370,-3250.515,5061.666,BX4Z3,1,0.000,-81.955,-3216.082,5091.130,BX4Z3,1,0.000
1149,axial,0.007,0.000e0,-113.297,-3247.339,5051.458,BX4Z3,1,90,-112.469,-3253.312,5047.902,BX4Z3,2,90
1150,radial,0.023,0.000e0,-112.469,-3253.312,5047.902,BX4Z3,2,0.000,-135.805,-3255.693,5046.471,BX4Z3,2,0.000
1151,hinge,0.047,0.000e0,-135.805,-3255.693,5046.471,BX4Z3,2,0.000,-158.199,-3220.671,5067.308,BX4Z3,2,0.000
1152,axial,0.007,0.000e0,-112.469,-3253.312,5047.902,BX4Z3,2,90,-111.642,-3259.284,5044.347,BX4Z3,3,90
1153,radial,0.024,0.000e0,-111.642,-3259.284,5044.347,BX4Z3,3,0.000,-122.572,-3249.783,5025.840,BX4Z3,3,0.000
1154,hinge,0.047,0.000e0,-122.572,-3249.783,5025.840,BX4Z3,3,0.000,-142.583,-3239.642,4985.109,BX4Z3,3,0.000
1155,axial,0.007,0.000e0,-111.642,-3259.284,5044.347,BX4Z3,3,90,-110.814,-3265.257,5040.792,BX4Z3,4,90
1156,radial,0.023,0.000e0,-110.814,-3265.257,5040.792,BX4Z3,4,0.000,-106.720,-3276.672,5060.921,BX4Z3,4,0.000
1157,hinge,0.046,0.000e0,-106.720,-3276.672,5060.921,BX4Z3,4,0.000,-105.554,-3261.545,5104.876,BX4Z3,4,0.000
1158,axial,0.010,0.000e0,-676.319,1195.080,6723.183,AX3Z4,0,90,-669.228,1189.889,6726.791,AX3Z4,1,90
1159,radial,0.023,0.000e0,-669.228,1189.889,6726.791,AX3Z4,1,0.000,-659.354,1209.383,6735.436,AX3Z4,1,0.000
1160,hinge,0.046,0.000e0,-659.354,1209.383,6735.436,AX3Z4,1,0.000,-672.732,1253.868,6733.329,AX3Z4,1,0.000
1161,axial,0.007,0.000e0,-669.228,1189.889,6726.791,AX3Z4,1,90,-664.003,1186.063,6729.449,AX3Z4,2,90
1162,radial,0.023,0.000e0,-664.003,1186.063,6729.449,AX3Z4,2,0.000,-676.106,1166.423,6724.975,AX3Z4,2,0.000
1163,hinge,0.046,0.000e0,-676.106,1166.423,6724.975,AX3Z4,2,0.000,-714.199,1145.471,6708.477,AX3Z4,2,0.000
1164,axial,0.007,0.000e0,-664.003,1186.063,6729.449,AX3Z4,2,90,-658.778,1182.238,6732.108,AX3Z4,3,90
1165,radial,0.023,0.000e0,-658.778,1182.238,6732.108,AX3Z4,3,0.000,-658.675,1195.745,6751.338,AX3Z4,3,0.000
1166,hinge,0.047,0.000e0,-658.675,1195.745,6751.338,AX3Z4,3,0.000,-641.144,1206.185,6793.123,AX3Z4,3,0.000
1167,axial,0.007,0.000e0,-658.778,1182.238,6732.108,AX3Z4,3,90,-653.553,1178.413,6734.767,AX3Z4,4,90
1168,radial,0.024,0.000e0,-653.553,1178.413,6734.767,AX3Z4,4,0.000,-643.289,1177.748,6713.637,AX3Z4,4,0.000
1169,hinge,0.047,0.000e0,-643.289,1177.748,6713.637,AX3Z4,4,0.000,-656.159,1196.061,6672.879,AX3Z4,4,0.000
1170,axial,0.010,0.000e0,-1026.216,-417.136,8268.116,Z2,0,90,-1033.632,-417.881,8262.225,Z2,1,90
1171,radial,0.024,0.000e0,-1033.632,-417.881,8262.225,Z2,1,0.000,-1041.663,-436.144,8274.642,Z2,1,0.000
1172,hinge,0.047,0.000e0,-1041.663,-436.144,8274.642,Z2,1,0.000,-1024.698,-457.102,8312.525,Z2,1,0.000
1173,axial,0.007,0.000e0,-1033.632,-417.881,8262.225,Z2,1,90,-1039.095,-418.429,8257.883,Z2,2,90
1174,radial,0.024,0.000e0,-1039.095,-418.429,8257.883,Z2,2,0.000,-1026.770,-407.674,8241.011,Z2,2,0.000
1175,hinge,0.046,0.000e0,-1026.770,-407.674,8241.011,Z2,2,0.000,-995.368,-386.101,8214.351,Z2,2,0.000
1176,axial,0.007,0.000e0,-1039.095,-418.429,8257.883,Z2,2,90,-1044.559,-418.978,8253.542,Z2,3,90
1177,radial,0.023,0.000e0,-1044.559,-418.978,8253.542,Z2,3,0.000,-1040.242,-441.939,8251.010,Z2,3,0.000
1178,hinge,0.046,0.000e0,-1040.242,-441.939,8251.010,Z2,3,0.000,-1050.991,-483.107,8232.252,Z2,3,0.000
1179,axial,0.007,0.000e0,-1044.559,-418.978,8253.542,Z2,3,90,-1050.023,-419.527,8249.201,Z2,4,90
1180,radial,0.024,0.000e0,-1050.023,-419.527,8249.201,Z2,4,0.000,-1058.187,-398.866,8256.865,Z2,4,0.000
1181,hinge,0.046,0.000e0,-1058.187,-398.866,8256.865,Z2,4,0.000,-1054.030,-361.640,8284.418,Z2,4,0.000
1182,axial,0.009,0.000e0,2062.675,330.772,8216.353,CX1Z5,0,90,2071.220,334.195,8218.699,CX1Z5,1,90
1183,radial,0.024,0.000e0,2071.220,334.195,8218.699,CX1Z5,1,0.000,2080.576,312.835,8215.788,CX1Z5,1,0.000
1184,hinge,0.047,0.000e0,2080.576,312.835,8215.788,CX1Z5,1,0.000,2061.153,272.462,8203.340,CX1Z5,1,0.000
1185,axial,0.007,0.000e0,2071.220,334.195,8218.699,CX1Z5,1,90,2077.517,336.718,8220.429,CX1Z5,2,90
1186,radial,0.023,0.000e0,2077.517,336.718,8220.429,CX1Z5,2,0.000,2068.943,358.587,8219.751,CX1Z5,2,0.000
1187,hinge,0.046,0.000e0,2068.943,358.587,8219.751,CX1Z5,2,0.000,2043.651,397.431,8216.052,CX1Z5,2,0.000
1188,axial,0.007,0.000e0,2077.517,336.718,8220.429,CX1Z5,2,90,2083.814,339.240,8222.157,CX1Z5,3,90
1189,radial,0.023,0.000e0,2083.814,339.240,8222.157,CX1Z5,3,0.000,2091.906,333.674,8200.809,CX1Z5,3,0.000
1190,hinge,0.046,0.000e0,2091.906,333.674,8200.809,CX1Z5,3,0.000,2116.264,326.386,8161.875,CX1Z5,3,0.000
1191,axial,0.007,0.000e0,2083.814,339.240,8222.157,CX1Z5,3,90,2090.111,341.762,8223.887,CX1Z5,4,90
1192,radial,0.023,0.000e0,2090.111,341.762,8223.887,CX1Z5,4,0.000,2085.676,337.311,8246.530,CX1Z5,4,0.000
1193,hinge,0.047,0.000e0,2085.676,337.311,8246.530,CX1Z5,4,0.000,2048.350,318.886,8267.258,CX1Z5,4,0.000
1194,axial,0.010,0.000e0,2863.052,1520.915,5056.242,CX4Z3,0,90,2869.509,1525.943,5051.416,CX4Z3,1,90
1195,radial,0.024,0.000e0,2869.509,1525.943,5051.416,CX4Z3,1,0.000,2861.804,1545.650,5061.641,CX4Z3,1,0.000
1196,hinge,0.046,0.000e0,2861.804,1545.650,5061.641,CX4Z3,1,0.000,2826.795,1537.438,5091.122,CX4Z3,1,0.000
1197,axial,0.007,0.000e0,2869.509,1525.943,5051.416,CX4Z3,1,90,2874.265,1529.648,5047.859,CX4Z3,2,90
1198,radial,0.024,0.000e0,2874.265,1529.648,5047.859,CX4Z3,2,0.000,2888.000,1510.633,5046.422,CX4Z3,2,0.000
1199,hinge,0.047,0.000e0,2888.000,1510.633,5046.422,CX4Z3,2,0.000,2868.882,1473.721,5067.259,CX4Z3,2,0.000
1200,axial,0.007,0.000e0,2874.265,1529.648,5047.859,CX4Z3,2,90,2879.023,1533.353,5044.303,CX4Z3,3,90
1201,radial,0.024,0.000e0,2879.023,1533.353,5044.303,CX4Z3,3,0.000,2876.256,1519.139,5025.794,CX4Z3,3,0.000
1202,hinge,0.046,0.000e0,2876.256,1519.139,5025.794,CX4Z3,3,0.000,2877.471,1496.746,4985.060,CX4Z3,3,0.000
1203,axial,0.007,0.000e0,2879.023,1533.353,5044.303,CX4Z3,3,90,2883.780,1537.057,5040.747,CX4Z3,4,90
1204,radial,0.024,0.000e0,2883.780,1537.057,5040.747,CX4Z3,4,0.000,2891.624,1546.307,5060.876,CX4Z3,4,0.000
1205,hinge,0.047,0.000e0,2891.624,1546.307,5060.876,CX4Z3,4,0.000,2877.957,1539.740,5104.835,CX4Z3,4,0.000
1206,axial,0.009,0.000e0,1115.584,688.102,9065.870,Z1,0,90,1122.813,690.249,9071.648,Z1,1,90
1207,radial,0.024,0.000e0,1122.813,690.249,9071.648,Z1,1,0.000,1120.836,712.899,9065.707,Z1,1,0.000
1208,hinge,0.046,0.000e0,1120.836,712.899,9065.707,Z1,1,0.000,1086.566,719.947,9035.078,Z1,1,0.000
1209,axial,0.007,0.000e0,1122.813,690.249,9071.648,Z1,1,90,1128.139,691.830,9075.907,Z1,2,90
1210,radial,0.024,0.000e0,1128.139,691.830,9075.907,Z1,2,0.000,1112.921,696.634,9093.158,Z1,2,0.000
1211,hinge,0.046,0.000e0,1112.921,696.634,9093.158,Z1,2,0.000,1069.153,699.613,9108.577,Z1,2,0.000
1212,axial,0.007,0.000e0,1128.139,691.830,9075.907,Z1,2,90,1133.465,693.412,9080.165,Z1,3,90
1213,radial,0.023,0.000e0,1133.465,693.412,9080.165,Z1,3,0.000,1137.862,670.523,9083.167,Z1,3,0.000
1214,hinge,0.046,0.000e0,1137.862,670.523,9083.167,Z1,3,0.000,1127.706,626.047,9074.170,Z1,3,0.000
1215,axial,0.007,0.000e0,1133.465,693.412,9080.165,Z1,3,90,1138.791,694.994,9084.423,Z1,4,90
1216,radial,0.024,0.000e0,1138.791,694.994,9084.423,Z1,4,0.000,1150.931,703.369,9066.127,Z1,4,0.000
1217,hinge,0.046,0.000e0,1150.931,703.369,9066.127,Z1,4,0.000,1167.070,717.394,9024.835,Z1,4,0.000
1218,axial,0.010,0.000e0,-865.316,2040.349,6722.795,AX2Z1,0,90,-861.261,2045.759,6716.122,AX2Z1,1,90
1219,radial,0.024,0.000e0,-861.261,2045.759,6716.122,AX2Z1,1,0.000,-875.387,2063.596,6721.999,AX2Z1,1,0.000
1220,hinge,0.047,0.000e0,-875.387,2063.596,6721.999,AX2Z1,1,0.000,-909.519,2080.922,6748.401,AX2Z1,1,0.000
1221,axial,0.007,0.000e0,-861.261,2045.759,6716.122,AX2Z1,1,90,-858.272,2049.746,6711.205,AX2Z1,2,90
1222,radial,0.023,0.000e0,-858.272,2049.746,6711.205,AX2Z1,2,0.000,-847.248,2030.862,6702.596,AX2Z1,2,0.000
1223,hinge,0.047,0.000e0,-847.248,2030.862,6702.596,AX2Z1,2,0.000,-838.281,1985.262,6704.174,AX2Z1,2,0.000
1224,axial,0.007,0.000e0,-858.272,2049.746,6711.205,AX2Z1,2,90,-855.284,2053.732,6706.288,AX2Z1,3,90
1225,radial,0.024,0.000e0,-855.284,2053.732,6706.288,AX2Z1,3,0.000,-876.534,2060.183,6698.603,AX2Z1,3,0.000
1226,hinge,0.047,0.000e0,-876.534,2060.183,6698.603,AX2Z1,3,0.000,-913.537,2078.173,6676.937,AX2Z1,3,0.000
1227,axial,0.007,0.000e0,-855.284,2053.732,6706.288,AX2Z1,3,90,-852.296,2057.718,6701.371,AX2Z1,4,90
1228,radial,0.024,0.000e0,-852.296,2057.718,6701.371,AX2Z1,4,0.000,-833.251,2060.156,6714.922,AX2Z1,4,0.000
1229,hinge,0.047,0.000e0,-833.251,2060.156,6714.922,AX2Z1,4,0.000,-823.510,2043.335,6757.165,AX2Z1,4,0.000
1230,axial,0.009,0.000e0,-1333.218,-1770.008,6722.567,BX2Z1,0,90,-1339.930,-1769.202,6715.893,BX2Z1,1,90
1231,radial,0.023,0.000e0,-1339.930,-1769.202,6715.893,BX2Z1,1,0.000,-1348.316,-1790.353,6721.771,BX2Z1,1,0.000
1232,hinge,0.047,0.000e0,-1348.316,-1790.353,6721.771,BX2Z1,1,0.000,-1346.260,-1828.572,6748.179,BX2Z1,1,0.000
1233,axial,0.007,0.000e0,-1339.930,-1769.202,6715.893,BX2Z1,1,90,-1344.876,-1768.608,6710.975,BX2Z1,2,90
1234,radial,0.024,0.000e0,-1344.876,-1768.608,6710.975,BX2Z1,2,0.000,-1334.038,-1749.614,6702.370,BX2Z1,2,0.000
1235,hinge,0.046,0.000e0,-1334.038,-1749.614,6702.370,BX2Z1,2,0.000,-1299.040,-1719.039,6703.960,BX2Z1,2,0.000
1236,axial,0.007,0.000e0,-1344.876,-1768.608,6710.975,BX2Z1,2,90,-1349.822,-1768.013,6706.057,BX2Z1,3,90
1237,radial,0.024,0.000e0,-1349.822,-1768.013,6706.057,BX2Z1,3,0.000,-1344.776,-1789.640,6698.369,BX2Z1,3,0.000
1238,hinge,0.047,0.000e0,-1344.776,-1789.640,6698.369,BX2Z1,3,0.000,-1341.840,-1830.676,6676.698,BX2Z1,3,0.000
1239,axial,0.007,0.000e0,-1349.822,-1768.013,6706.057,BX2Z1,3,90,-1354.768,-1767.419,6701.139,BX2Z1,4,90
1240,radial,0.024,0.000e0,-1354.768,-1767.419,6701.139,BX2Z1,4,0.000,-1366.407,-1752.150,6714.689,BX2Z1,4,0.000
1241,hinge,0.047,0.000e0,-1366.407,-1752.150,6714.689,BX2Z1,4,0.000,-1356.722,-1735.306,6756.936,BX2Z1,4,0.000
1242,axial,0.009,0.000e0,-1210.961,-2432.387,7259.694,BX3Z2,0,90,-1216.739,-2432.295,7267.234,BX3Z2,1,90
1243,radial,0.024,0.000e0,-1216.739,-2432.295,7267.234,BX3Z2,1,0.000,-1200.581,-2443.887,7279.756,BX3Z2,1,0.000
1244,hinge,0.046,0.000e0,-1200.581,-2443.887,7279.756,BX3Z2,1,0.000,-1158.261,-2459.272,7268.158,BX3Z2,1,0.000
1245,axial,0.007,0.000e0,-1216.739,-2432.295,7267.234,BX3Z2,1,90,-1220.996,-2432.228,7272.791,BX3Z2,2,90
1246,radial,0.024,0.000e0,-1220.996,-2432.228,7272.791,BX3Z2,2,0.000,-1230.896,-2412.404,7264.964,BX3Z2,2,0.000
1247,hinge,0.047,0.000e0,-1230.896,-2412.404,7264.964,BX3Z2,2,0.000,-1233.720,-2378.657,7233.098,BX3Z2,2,0.000
1248,axial,0.007,0.000e0,-1220.996,-2432.228,7272.791,BX3Z2,2,90,-1225.254,-2432.160,7278.347,BX3Z2,3,90
1249,radial,0.023,0.000e0,-1225.254,-2432.160,7278.347,BX3Z2,3,0.000,-1208.515,-2421.635,7291.045,BX3Z2,3,0.000
1250,hinge,0.046,0.000e0,-1208.515,-2421.635,7291.045,BX3Z2,3,0.000,-1193.971,-2403.373,7331.260,BX3Z2,3,0.000
1251,axial,0.007,0.000e0,-1225.254,-2432.160,7278.347,BX3Z2,3,90,-1229.511,-2432.093,7283.903,BX3Z2,4,90
1252,radial,0.024,0.000e0,-1229.511,-2432.093,7283.903,BX3Z2,4,0.000,-1242.318,-2449.297,7274.298,BX3Z2,4,0.000
1253,hinge,0.047,0.000e0,-1242.318,-2449.297,7274.298,BX3Z2,4,0.000,-1225.589,-2462.464,7232.958,BX3Z2,4,0.000
1254,axial,0.009,0.000e0,-709.242,-3009.854,3777.625,BX4YZ1,0,90,-709.802,-3012.528,3768.526,BX4YZ1,1,90
1255,radial,0.024,0.000e0,-709.802,-3012.528,3768.526,BX4YZ1,1,0.000,-703.153,-2991.016,3761.796,BX4YZ1,1,0.000
1256,hinge,0.047,0.000e0,-703.153,-2991.016,3761.796,BX4YZ1,1,0.000,-692.454,-2953.214,3786.672,BX4YZ1,1,0.000
1257,axial,0.007,0.000e0,-709.802,-3012.528,3768.526,BX4YZ1,1,90,-710.215,-3014.498,3761.822,BX4YZ1,2,90
1258,radial,0.023,0.000e0,-710.215,-3014.498,3761.822,BX4YZ1,2,0.000,-694.474,-3031.478,3765.843,BX4YZ1,2,0.000
1259,hinge,0.047,0.000e0,-694.474,-3031.478,3765.843,BX4YZ1,2,0.000,-671.973,-3043.645,3804.674,BX4YZ1,2,0.000
1260,axial,0.007,0.000e0,-710.215,-3014.498,3761.822,BX4YZ1,2,90,-710.627,-3016.468,3755.117,BX4YZ1,3,90
1261,radial,0.024,0.000e0,-710.627,-3016.468,3755.117,BX4YZ1,3,0.000,-733.941,-3018.581,3757.172,BX4YZ1,3,0.000
1262,hinge,0.047,0.000e0,-733.941,-3018.581,3757.172,BX4YZ1,3,0.000,-762.140,-3011.449,3793.452,BX4YZ1,3,0.000
1263,axial,0.009,0.000e0,-223.608,849.041,9757.921,Z7,0,90,-227.955,855.093,9763.814,Z7,1,90
1264,radial,0.024,0.000e0,-227.955,855.093,9763.814,Z7,1,0.000,-245.668,839.865,9766.384,Z7,1,0.000
1265,hinge,0.047,0.000e0,-245.668,839.865,9766.384,Z7,1,0.000,-239.067,801.113,9741.546,Z7,1,0.000
1266,axial,0.007,0.000e0,-227.955,855.093,9763.814,Z7,1,90,-231.159,859.552,9768.156,Z7,2,90
1267,radial,0.023,0.000e0,-231.159,859.552,9768.156,Z7,2,0.000,-211.882,872.987,9768.581,Z7,2,0.000
1268,hinge,0.046,0.000e0,-211.882,872.987,9768.581,Z7,2,0.000,-170.798,868.072,9747.365,Z7,2,0.000
1269,axial,0.007,0.000e0,-231.159,859.552,9768.156,Z7,2,90,-234.362,864.011,9772.498,Z7,3,90
1270,radial,0.024,0.000e0,-234.362,864.011,9772.498,Z7,3,0.000,-230.081,849.544,9790.515,Z7,3,0.000
1271,hinge,0.046,0.000e0,-230.081,849.544,9790.515,Z7,3,0.000,-226.220,827.700,9831.383,Z7,3,0.000
1272,axial,0.007,0.000e0,-234.362,864.011,9772.498,Z7,3,90,-237.566,868.471,9776.840,Z7,4,90
1273,radial,0.024,0.000e0,-237.566,868.471,9776.840,Z7,4,0.000,-246.518,879.983,9758.412,Z7,4,0.000
1274,hinge,0.046,0.000e0,-246.518,879.983,9758.412,Z7,4,0.000,-251.218,884.900,9712.413,Z7,4,0.000
1275,axial,0.010,0.000e0,2566.358,1422.467,6375.780,CX4Z0,0,90,2563.841,1428.684,6382.508,CX4Z0,1,90
1276,radial,0.024,0.000e0,2563.841,1428.684,6382.508,CX4Z0,1,0.000,2581.498,1421.159,6396.067,CX4Z0,1,0.000
1277,hinge,0.046,0.000e0,2581.498,1421.159,6396.067,CX4Z0,1,0.000,2606.012,1387.369,6375.584,CX4Z0,1,0.000
1278,axial,0.007,0.000e0,2563.841,1428.684,6382.508,CX4Z0,1,90,2561.986,1433.264,6387.465,CX4Z0,2,90
1279,radial,0.024,0.000e0,2561.986,1433.264,6387.465,CX4Z0,2,0.000,2542.324,1438.177,6375.568,CX4Z0,2,0.000
1280,hinge,0.046,0.000e0,2542.324,1438.177,6375.568,CX4Z0,2,0.000,2514.792,1431.382,6338.716,CX4Z0,2,0.000
1281,axial,0.007,0.000e0,2561.986,1433.264,6387.465,CX4Z0,2,90,2560.131,1437.845,6392.423,CX4Z0,3,90
1282,radial,0.023,0.000e0,2560.131,1437.845,6392.423,CX4Z0,3,0.000,2563.547,1421.419,6408.878,CX4Z0,3,0.000
1283,hinge,0.046,0.000e0,2563.547,1421.419,6408.878,CX4Z0,3,0.000,2567.597,1395.954,6447.574,CX4Z0,3,0.000
1284,axial,0.007,0.000e0,2560.131,1437.845,6392.423,CX4Z0,3,90,2558.276,1442.426,6397.380,CX4Z0,4,90
1285,radial,0.023,0.000e0,2558.276,1442.426,6397.380,CX4Z0,4,0.000,2559.374,1459.870,6381.673,CX4Z0,4,0.000
1286,hinge,0.047,0.000e0,2559.374,1459.870,6381.673,CX4Z0,4,0.000,2570.100,1459.551,6336.428,CX4Z0,4,0.000
1287,axial,0.010,0.000e0,-357.966,1006.796,8997.179,AX1Z2,0,90,-352.494,1008.700,9004.708,AX1Z2,1,90
1288,radial,0.023,0.000e0,-352.494,1008.700,9004.708,AX1Z2,1,0.000,-368.863,999.602,9018.904,AX1Z2,1,0.000
1289,hinge,0.047,0.000e0,-368.863,999.602,9018.904,AX1Z2,1,0.000,-410.304,979.353,9024.807,AX1Z2,1,0.000
1290,axial,0.007,0.000e0,-352.494,1008.700,9004.708,AX1Z2,1,90,-348.462,1010.103,9010.256,AX1Z2,2,90
1291,radial,0.024,0.000e0,-348.462,1010.103,9010.256,AX1Z2,2,0.000,-357.744,1031.653,9011.553,AX1Z2,2,0.000
1292,hinge,0.046,0.000e0,-357.744,1031.653,9011.553,AX1Z2,2,0.000,-390.008,1052.595,8985.424,AX1Z2,2,0.000
1293,axial,0.007,0.000e0,-348.462,1010.103,9010.256,AX1Z2,2,90,-344.430,1011.505,9015.804,AX1Z2,3,90
1294,radial,0.024,0.000e0,-344.430,1011.505,9015.804,AX1Z2,3,0.000,-356.975,996.418,9028.736,AX1Z2,3,0.000
1295,hinge,0.047,0.000e0,-356.975,996.418,9028.736,AX1Z2,3,0.000,-353.047,983.865,9073.338,AX1Z2,3,0.000
1296,axial,0.007,0.000e0,-344.430,1011.505,9015.804,AX1Z2,3,90,-340.398,1012.908,9021.351,AX1Z2,4,90
1297,radial,0.024,0.000e0,-340.398,1012.908,9021.351,AX1Z2,4,0.000,-322.151,1016.878,9007.085,AX1Z2,4,0.000
1298,hinge,0.047,0.000e0,-322.151,1016.878,9007.085,AX1Z2,4,0.000,-292.401,1022.625,8971.812,AX1Z2,4,0.000
1299,axial,0.009,0.000e0,-1067.904,-69.690,8466.647,AX1Z0,0,90,-1070.615,-76.159,8473.055,AX1Z0,1,90
1300,radial,0.024,0.000e0,-1070.615,-76.159,8473.055,AX1Z0,1,0.000,-1062.471,-93.301,8459.196,AX1Z0,1,0.000
1301,hinge,0.047,0.000e0,-1062.471,-93.301,8459.196,AX1Z0,1,0.000,-1044.132,-76.653,8419.842,AX1Z0,1,0.000
1302,axial,0.007,0.000e0,-1070.615,-76.159,8473.055,AX1Z0,1,90,-1072.612,-80.925,8477.776,AX1Z0,2,90
1303,radial,0.024,0.000e0,-1072.612,-80.925,8477.776,AX1Z0,2,0.000,-1093.644,-82.396,8467.395,AX1Z0,2,0.000
1304,hinge,0.046,0.000e0,-1093.644,-82.396,8467.395,AX1Z0,2,0.000,-1110.932,-60.410,8430.246,AX1Z0,2,0.000
1305,axial,0.007,0.000e0,-1072.612,-80.925,8477.776,AX1Z0,2,90,-1074.610,-85.691,8482.498,AX1Z0,3,90
1306,radial,0.024,0.000e0,-1074.610,-85.691,8482.498,AX1Z0,3,0.000,-1070.558,-102.817,8466.925,AX1Z0,3,0.000
1307,hinge,0.047,0.000e0,-1070.558,-102.817,8466.925,AX1Z0,3,0.000,-1065.474,-142.547,8443.304,AX1Z0,3,0.000
1308,axial,0.007,0.000e0,-1074.610,-85.691,8482.498,AX1Z0,3,90,-1076.607,-90.457,8487.220,AX1Z0,4,90
1309,radial,0.023,0.000e0,-1076.607,-90.457,8487.220,AX1Z0,4,0.000,-1079.113,-73.491,8503.285,AX1Z0,4,0.000
1310,hinge,0.047,0.000e0,-1079.113,-73.491,8503.285,AX1Z0,4,0.000,-1081.205,-34.070,8527.859,AX1Z0,4,0.000
1311,axial,0.010,0.000e0,-467.702,1595.111,7975.358,AX2Z4,0,90,-463.103,1598.626,7982.892,AX2Z4,1,90
1312,radial,0.023,0.000e0,-463.103,1598.626,7982.892,AX2Z4,1,0.000,-442.922,1597.991,7970.868,AX2Z4,1,0.000
1313,hinge,0.047,0.000e0,-442.922,1597.991,7970.868,AX2Z4,1,0.000,-448.834,1581.567,7927.768,AX2Z4,1,0.000
1314,axial,0.007,0.000e0,-463.103,1598.626,7982.892,AX2Z4,1,90,-459.714,1601.216,7988.442,AX2Z4,2,90
1315,radial,0.023,0.000e0,-459.714,1601.216,7988.442,AX2Z4,2,0.000,-480.190,1604.051,7999.620,AX2Z4,2,0.000
1316,hinge,0.047,0.000e0,-480.190,1604.051,7999.620,AX2Z4,2,0.000,-524.501,1605.961,8013.588,AX2Z4,2,0.000
1317,axial,0.007,0.000e0,-459.714,1601.216,7988.442,AX2Z4,2,90,-456.325,1603.806,7993.992,AX2Z4,3,90
1318,radial,0.024,0.000e0,-456.325,1603.806,7993.992,AX2Z4,3,0.000,-442.584,1584.749,7994.496,AX2Z4,3,0.000
1319,hinge,0.047,0.000e0,-442.584,1584.749,7994.496,AX2Z4,3,0.000,-407.782,1560.695,8013.795,AX2Z4,3,0.000
1320,axial,0.007,0.000e0,-456.325,1603.806,7993.992,AX2Z4,3,90,-452.937,1606.396,7999.543,AX2Z4,4,90
1321,radial,0.024,0.000e0,-452.937,1606.396,7999.543,AX2Z4,4,0.000,-450.521,1626.979,7988.463,AX2Z4,4,0.000
1322,hinge,0.046,0.000e0,-450.521,1626.979,7988.463,AX2Z4,4,0.000,-464.373,1640.714,7946.253,AX2Z4,4,0.000
1323,axial,0.010,0.000e0,-2186.880,1751.317,7193.683,AX2Z3,0,90,-2193.974,1757.537,7192.576,AX2Z3,1,90
1324,radial,0.023,0.000e0,-2193.974,1757.537,7192.576,AX2Z3,1,0.000,-2207.752,1740.362,7184.365,AX2Z3,1,0.000
1325,hinge,0.047,0.000e0,-2207.752,1740.362,7184.365,AX2Z3,1,0.000,-2199.431,1695.086,7177.797,AX2Z3,1,0.000
1326,axial,0.007,0.000e0,-2193.974,1757.537,7192.576,AX2Z3,1,90,-2199.202,1762.121,7191.760,AX2Z3,2,90
1327,radial,0.023,0.000e0,-2199.202,1762.121,7191.760,AX2Z3,2,0.000,-2183.842,1779.862,7193.011,AX2Z3,2,0.000
1328,hinge,0.046,0.000e0,-2183.842,1779.862,7193.011,AX2Z3,2,0.000,-2146.892,1807.869,7196.561,AX2Z3,2,0.000
1329,axial,0.007,0.000e0,-2199.202,1762.121,7191.760,AX2Z3,2,90,-2204.429,1766.704,7190.944,AX2Z3,3,90
1330,radial,0.023,0.000e0,-2204.429,1766.704,7190.944,AX2Z3,3,0.000,-2209.445,1757.259,7170.018,AX2Z3,3,0.000
1331,hinge,0.046,0.000e0,-2209.445,1757.259,7170.018,AX2Z3,3,0.000,-2226.373,1745.309,7128.390,AX2Z3,3,0.000
1332,axial,0.007,0.000e0,-2204.429,1766.704,7190.944,AX2Z3,3,90,-2209.656,1771.287,7190.128,AX2Z3,4,90
1333,radial,0.023,0.000e0,-2209.656,1771.287,7190.128,AX2Z3,4,0.000,-2217.598,1766.055,7211.618,AX2Z3,4,0.000
1334,hinge,0.046,0.000e0,-2217.598,1766.055,7211.618,AX2Z3,4,0.000,-2201.700,1736.284,7243.604,AX2Z3,4,0.000
1335,axial,0.010,0.000e0,1900.264,616.481,4701.221,CX4Z5,0,90,1896.022,619.506,4693.277,CX4Z5,1,90
1336,radial,0.023,0.000e0,1896.022,619.506,4693.277,CX4Z5,1,0.000,1905.656,640.738,4696.218,CX4Z5,1,0.000
1337,hinge,0.047,0.000e0,1905.656,640.738,4696.218,CX4Z5,1,0.000,1932.051,642.746,4734.449,CX4Z5,1,0.000
1338,axial,0.007,0.000e0,1896.022,619.506,4693.277,CX4Z5,1,90,1892.896,621.736,4687.424,CX4Z5,2,90
1339,radial,0.023,0.000e0,1892.896,621.736,4687.424,CX4Z5,2,0.000,1877.580,603.968,4688.836,CX4Z5,2,0.000
1340,hinge,0.047,0.000e0,1877.580,603.968,4688.836,CX4Z5,2,0.000,1885.481,577.068,4725.934,CX4Z5,2,0.000
1341,axial,0.007,0.000e0,1892.896,621.736,4687.424,CX4Z5,2,90,1889.770,623.965,4681.571,CX4Z5,3,90
1342,radial,0.024,0.000e0,1889.770,623.965,4681.571,CX4Z5,3,0.000,1910.768,626.552,4671.342,CX4Z5,3,0.000
1343,hinge,0.046,0.000e0,1910.768,626.552,4671.342,CX4Z5,3,0.000,1947.093,634.639,4643.460,CX4Z5,3,0.000
1344,axial,0.007,0.000e0,1889.770,623.965,4681.571,CX4Z5,3,90,1886.644,626.194,4675.718,CX4Z5,4,90
1345,radial,0.023,0.000e0,1886.644,626.194,4675.718,CX4Z5,4,0.000,1867.315,631.405,4688.026,CX4Z5,4,0.000
1346,hinge,0.046,0.000e0,1867.315,631.405,4688.026,CX4Z5,4,0.000,1857.894,626.994,4733.348,CX4Z5,4,0.000
1347,axial,0.009,0.000e0,-976.541,-1938.708,5519.635,BX3Z1,0,90,-982.232,-1937.641,5512.104,BX3Z1,1,90
1348,radial,0.023,0.000e0,-982.232,-1937.641,5512.104,BX3Z1,1,0.000,-972.591,-1916.648,5507.793,BX3Z1,1,0.000
1349,hinge,0.046,0.000e0,-972.591,-1916.648,5507.793,BX3Z1,1,0.000,-939.616,-1905.929,5538.777,BX3Z1,1,0.000
1350,axial,0.007,0.000e0,-982.232,-1937.641,5512.104,BX3Z1,1,90,-986.426,-1936.855,5506.555,BX3Z1,2,90
1351,radial,0.023,0.000e0,-986.426,-1936.855,5506.555,BX3Z1,2,0.000,-994.349,-1916.582,5515.414,BX3Z1,2,0.000
1352,hinge,0.047,0.000e0,-994.349,-1916.582,5515.414,BX3Z1,2,0.000,-983.610,-1894.207,5554.737,BX3Z1,2,0.000
1353,axial,0.007,0.000e0,-986.426,-1936.855,5506.555,BX3Z1,2,90,-990.619,-1936.068,5501.005,BX3Z1,3,90
1354,radial,0.024,0.000e0,-990.619,-1936.068,5501.005,BX3Z1,3,0.000,-971.981,-1937.303,5486.745,BX3Z1,3,0.000
1355,hinge,0.046,0.000e0,-971.981,-1937.303,5486.745,BX3Z1,3,0.000,-941.699,-1938.606,5451.482,BX3Z1,3,0.000
1356,axial,0.007,0.000e0,-990.619,-1936.068,5501.005,BX3Z1,3,90,-994.813,-1935.282,5495.456,BX3Z1,4,90
1357,radial,0.024,0.000e0,-994.813,-1935.282,5495.456,BX3Z1,4,0.000,-1012.231,-1945.912,5507.112,BX3Z1,4,0.000
1358,hinge,0.046,0.000e0,-1012.231,-1945.912,5507.112,BX3Z1,4,0.000,-1028.150,-1966.741,5545.518,BX3Z1,4,0.000
1359,axial,0.009,0.000e0,-1316.637,1620.526,8215.938,AX1Z5,0,90,-1323.873,1626.218,8218.282,AX1Z5,1,90
1360,radial,0.023,0.000e0,-1323.873,1626.218,8218.282,AX1Z5,1,0.000,-1310.040,1644.994,8215.393,AX1Z5,1,0.000
1361,hinge,0.046,0.000e0,-1310.040,1644.994,8215.393,AX1Z5,1,0.000,-1265.352,1648.343,8202.980,AX1Z5,1,0.000
1362,axial,0.007,0.000e0,-1323.873,1626.218,8218.282,AX1Z5,1,90,-1329.204,1630.412,8220.010,AX1Z5,2,90
1363,radial,0.023,0.000e0,-1329.204,1630.412,8220.010,AX1Z5,2,0.000,-1343.864,1612.058,8219.327,AX1Z5,2,0.000
1364,hinge,0.046,0.000e0,-1343.864,1612.058,8219.327,AX1Z5,2,0.000,-1364.873,1570.740,8215.619,AX1Z5,2,0.000
1365,axial,0.007,0.000e0,-1329.204,1630.412,8220.010,AX1Z5,2,90,-1334.536,1634.606,8221.737,AX1Z5,3,90
1366,radial,0.023,0.000e0,-1334.536,1634.606,8221.737,AX1Z5,3,0.000,-1333.756,1644.393,8200.386,AX1Z5,3,0.000
1367,hinge,0.047,0.000e0,-1333.756,1644.393,8200.386,AX1Z5,3,0.000,-1339.609,1669.127,8161.448,AX1Z5,3,0.000
1368,axial,0.007,0.000e0,-1334.536,1634.606,8221.737,AX1Z5,3,90,-1339.868,1638.800,8223.465,AX1Z5,4,90
1369,radial,0.023,0.000e0,-1339.868,1638.800,8223.465,AX1Z5,4,0.000,-1333.797,1637.189,8246.110,AX1Z5,4,0.000
1370,hinge,0.046,0.000e0,-1333.797,1637.189,8246.110,AX1Z5,4,0.000,-1299.187,1614.072,8266.846,AX1Z5,4,0.000
1371,axial,0.010,0.000e0,2713.299,167.177,7259.616,CX3Z2,0,90,2716.110,162.126,7267.155,CX3Z2,1,90
1372,radial,0.023,0.000e0,2716.110,162.126,7267.155,CX3Z2,1,0.000,2718.073,181.912,7279.680,CX3Z2,1,0.000
1373,hinge,0.047,0.000e0,2718.073,181.912,7279.680,CX3Z2,1,0.000,2710.236,226.258,7268.092,CX3Z2,1,0.000
1374,axial,0.007,0.000e0,2716.110,162.126,7267.155,CX3Z2,1,90,2718.181,158.404,7272.709,CX3Z2,2,90
1375,radial,0.023,0.000e0,2718.181,158.404,7272.709,CX3Z2,2,0.000,2705.951,139.924,7264.888,CX3Z2,2,0.000
1376,hinge,0.047,0.000e0,2705.951,139.924,7264.888,CX3Z2,2,0.000,2678.113,120.619,7233.036,CX3Z2,2,0.000
1377,axial,0.007,0.000e0,2718.181,158.404,7272.709,CX3Z2,2,90,2720.253,154.682,7278.264,CX3Z2,3,90
1378,radial,0.023,0.000e0,2720.253,154.682,7278.264,CX3Z2,3,0.000,2702.773,163.915,7290.969,CX3Z2,3,0.000
1379,hinge,0.047,0.000e0,2702.773,163.915,7290.969,CX3Z2,3,0.000,2679.698,167.376,7331.192,CX3Z2,3,0.000
1380,axial,0.007,0.000e0,2720.253,154.682,7278.264,CX3Z2,3,90,2722.325,150.960,7283.819,CX3Z2,4,90
1381,radial,0.024,0.000e0,2722.325,150.960,7283.819,CX3Z2,4,0.000,2743.626,148.476,7274.211,CX3Z2,4,0.000
1382,hinge,0.047,0.000e0,2743.626,148.476,7274.211,CX3Z2,4,0.000,2746.657,169.559,7232.876,CX3Z2,4,0.000
1383,axial,0.009,0.000e0,472.734,503.564,7636.854,Z8,0,90,474.487,510.900,7631.079,Z8,1,90
1384,radial,0.023,0.000e0,474.487,510.900,7631.079,Z8,1,0.000,470.302,497.220,7612.435,Z8,1,0.000
1385,hinge,0.047,0.000e0,470.302,497.220,7612.435,Z8,1,0.000,459.242,453.788,7624.829,Z8,1,0.000
1386,axial,0.007,0.000e0,474.487,510.900,7631.079,Z8,1,90,475.779,516.305,7626.822,Z8,2,90
1387,radial,0.023,0.000e0,475.779,516.305,7626.822,Z8,2,0.000,452.683,519.715,7624.142,Z8,2,0.000
1388,hinge,0.046,0.000e0,452.683,519.715,7624.142,Z8,2,0.000,416.223,497.042,7641.999,Z8,2,0.000
1389,axial,0.007,0.000e0,475.779,516.305,7626.822,Z8,2,90,477.071,521.710,7622.567,Z8,3,90
1390,radial,0.023,0.000e0,477.071,521.710,7622.567,Z8,3,0.000,492.571,508.645,7610.680,Z8,3,0.000
1391,hinge,0.046,0.000e0,492.571,508.645,7610.680,Z8,3,0.000,524.356,490.824,7581.794,Z8,3,0.000
1392,axial,0.007,0.000e0,477.071,521.710,7622.567,Z8,3,90,478.363,527.115,7618.311,Z8,4,90
1393,radial,0.024,0.000e0,478.363,527.115,7618.311,Z8,4,0.000,479.101,541.537,7636.851,Z8,4,0.000
1394,hinge,0.046,0.000e0,479.101,541.537,7636.851,Z8,4,0.000,478.745,561.985,7678.612,Z8,4,0.000
1395,axial,0.010,0.000e0,2118.340,1236.139,5664.235,CX3Z3,0,90,2115.528,1241.190,5656.697,CX3Z3,1,90
1396,radial,0.024,0.000e0,2115.528,1241.190,5656.697,CX3Z3,1,0.000,2101.128,1253.683,5670.438,CX3Z3,1,0.000
1397,hinge,0.047,0.000e0,2101.128,1253.683,5670.438,CX3Z3,1,0.000,2092.821,1251.242,5716.125,CX3Z3,1,0.000
1398,axial,0.007,0.000e0,2115.528,1241.190,5656.697,CX3Z3,1,90,2113.457,1244.912,5651.142,CX3Z3,2,90
1399,radial,0.024,0.000e0,2113.457,1244.912,5651.142,CX3Z3,2,0.000,2123.735,1264.041,5660.126,CX3Z3,2,0.000
1400,hinge,0.047,0.000e0,2123.735,1264.041,5660.126,CX3Z3,2,0.000,2147.463,1270.213,5699.637,CX3Z3,2,0.000
1401,axial,0.007,0.000e0,2113.457,1244.912,5651.142,CX3Z3,2,90,2111.385,1248.634,5645.587,CX3Z3,3,90
1402,radial,0.024,0.000e0,2111.385,1248.634,5645.587,CX3Z3,3,0.000,2133.692,1250.304,5638.387,CX3Z3,3,0.000
1403,hinge,0.046,0.000e0,2133.692,1250.304,5638.387,CX3Z3,3,0.000,2165.039,1265.528,5607.599,CX3Z3,3,0.000
1404,axial,0.007,0.000e0,2111.385,1248.634,5645.587,CX3Z3,3,90,2109.313,1252.356,5640.032,CX3Z3,4,90
1405,radial,0.023,0.000e0,2109.313,1252.356,5640.032,CX3Z3,4,0.000,2089.602,1239.616,5638.847,CX3Z3,4,0.000
1406,hinge,0.047,0.000e0,2089.602,1239.616,5638.847,CX3Z3,4,0.000,2062.705,1205.422,5655.265,CX3Z3,4,0.000
1407,axial,0.010,0.000e0,-464.243,-3.825,7714.710,BX1Z4,0,90,-462.934,5.288,7712.365,BX1Z4,1,90
1408,radial,0.024,0.000e0,-462.934,5.288,7712.365,BX1Z4,1,0.000,-480.258,11.533,7726.964,BX1Z4,1,0.000
1409,hinge,0.047,0.000e0,-480.258,11.533,7726.964,BX1Z4,1,0.000,-507.582,-14.023,7754.579,BX1Z4,1,0.000
1410,axial,0.007,0.000e0,-462.934,5.288,7712.365,BX1Z4,1,90,-461.970,12.002,7710.637,BX1Z4,2,90
1411,radial,0.024,0.000e0,-461.970,12.002,7710.637,BX1Z4,2,0.000,-469.136,7.396,7688.735,BX1Z4,2,0.000
1412,hinge,0.046,0.000e0,-469.136,7.396,7688.735,BX1Z4,2,0.000,-483.273,-32.248,7668.966,BX1Z4,2,0.000
1413,axial,0.007,0.000e0,-461.970,12.002,7710.637,BX1Z4,2,90,-461.006,18.717,7708.909,BX1Z4,3,90
1414,radial,0.024,0.000e0,-461.006,18.717,7708.909,BX1Z4,3,0.000,-484.011,20.926,7704.653,BX1Z4,3,0.000
1415,hinge,0.046,0.000e0,-484.011,20.926,7704.653,BX1Z4,3,0.000,-520.232,47.012,7691.620,BX1Z4,3,0.000
1416,axial,0.007,0.000e0,-461.006,18.717,7708.909,BX1Z4,3,90,-460.042,25.431,7707.182,BX1Z4,4,90
1417,radial,0.024,0.000e0,-460.042,25.431,7707.182,BX1Z4,4,0.000,-437.883,20.654,7700.982,BX1Z4,4,0.000
1418,hinge,0.046,0.000e0,-437.883,20.654,7700.982,BX1Z4,4,0.000,-403.115,-9.835,7696.098,BX1Z4,4,0.000
1419,axial,0.010,0.000e0,595.558,-890.124,8466.472,BX1Z0,0,90,602.516,-889.237,8472.880,BX1Z0,1,90
1420,radial,0.023,0.000e0,602.516,-889.237,8472.880,BX1Z0,1,0.000,613.275,-873.594,8459.031,BX1Z0,1,0.000
1421,hinge,0.047,0.000e0,613.275,-873.594,8459.031,BX1Z0,1,0.000,589.674,-866.025,8419.687,BX1Z0,1,0.000
1422,axial,0.007,0.000e0,602.516,-889.237,8472.880,BX1Z0,1,90,607.642,-888.583,8477.601,BX1Z0,2,90
1423,radial,0.023,0.000e0,607.642,-888.583,8477.601,BX1Z0,2,0.000,619.431,-906.063,8467.223,BX1Z0,2,0.000
1424,hinge,0.046,0.000e0,619.431,-906.063,8467.223,BX1Z0,2,0.000,609.032,-932.034,8430.078,BX1Z0,2,0.000
1425,axial,0.007,0.000e0,607.642,-888.583,8477.601,BX1Z0,2,90,612.769,-887.929,8482.321,BX1Z0,3,90
1426,radial,0.024,0.000e0,612.769,-887.929,8482.321,BX1Z0,3,0.000,625.594,-875.902,8466.730,BX1Z0,3,0.000
1427,hinge,0.046,0.000e0,625.594,-875.902,8466.730,BX1Z0,3,0.000,657.497,-851.719,8443.074,BX1Z0,3,0.000
1428,axial,0.007,0.000e0,612.769,-887.929,8482.321,BX1Z0,3,90,617.895,-887.275,8487.043,BX1Z0,4,90
1429,radial,0.023,0.000e0,617.895,-887.275,8487.043,BX1Z0,4,0.000,604.459,-897.934,8503.109,BX1Z0,4,0.000
1430,hinge,0.047,0.000e0,604.459,-897.934,8503.109,BX1Z0,4,0.000,571.372,-919.465,8527.684,BX1Z0,4,0.000
1431,axial,0.010,0.000e0,-603.749,-2505.974,5492.529,BX4YZ0,0,90,-603.189,-2503.301,5501.628,BX4YZ0,1,90
1432,radial,0.024,0.000e0,-603.189,-2503.301,5501.628,BX4YZ0,1,0.000,-626.503,-2505.414,5503.684,BX4YZ0,1,0.000
1433,hinge,0.047,0.000e0,-626.503,-2505.414,5503.684,BX4YZ0,1,0.000,-667.825,-2515.579,5484.937,BX4YZ0,1,0.000
1434,axial,0.007,0.000e0,-603.189,-2503.301,5501.628,BX4YZ0,1,90,-602.777,-2501.331,5508.333,BX4YZ0,2,90
1435,radial,0.023,0.000e0,-602.777,-2501.331,5508.333,BX4YZ0,2,0.000,-587.036,-2518.311,5512.354,BX4YZ0,2,0.000
1436,hinge,0.047,0.000e0,-587.036,-2518.311,5512.354,BX4YZ0,2,0.000,-561.433,-2553.951,5496.976,BX4YZ0,2,0.000
1437,axial,0.007,0.000e0,-602.777,-2501.331,5508.333,BX4YZ0,2,90,-602.364,-2499.361,5515.037,BX4YZ0,3,90
1438,radial,0.024,0.000e0,-602.364,-2499.361,5515.037,BX4YZ0,3,0.000,-595.715,-2477.849,5508.308,BX4YZ0,3,0.000
1439,hinge,0.047,0.000e0,-595.715,-2477.849,5508.308,BX4YZ0,3,0.000,-585.691,-2447.529,5474.507,BX4YZ0,3,0.000
1440,axial,0.010,0.000e0,-499.796,1285.890,7123.708,AX1Z1,0,90,-497.085,1292.358,7117.299,AX1Z1,1,90
1441,radial,0.023,0.000e0,-497.085,1292.358,7117.299,AX1Z1,1,0.000,-492.974,1275.227,7101.747,AX1Z1,1,0.000
1442,hinge,0.047,0.000e0,-492.974,1275.227,7101.747,AX1Z1,1,0.000,-502.229,1233.174,7119.300,AX1Z1,1,0.000
1443,axial,0.007,0.000e0,-497.085,1292.358,7117.299,AX1Z1,1,90,-495.088,1297.124,7112.578,AX1Z1,2,90
1444,radial,0.024,0.000e0,-495.088,1297.124,7112.578,AX1Z1,2,0.000,-473.007,1289.193,7113.914,AX1Z1,2,0.000
1445,hinge,0.046,0.000e0,-473.007,1289.193,7113.914,AX1Z1,2,0.000,-441.803,1259.773,7131.885,AX1Z1,2,0.000
1446,axial,0.007,0.000e0,-495.088,1297.124,7112.578,AX1Z1,2,90,-493.090,1301.890,7107.856,AX1Z1,3,90
1447,radial,0.023,0.000e0,-493.090,1301.890,7107.856,AX1Z1,3,0.000,-505.543,1290.743,7091.336,AX1Z1,3,0.000
1448,hinge,0.046,0.000e0,-505.543,1290.743,7091.336,AX1Z1,3,0.000,-526.887,1275.750,7052.841,AX1Z1,3,0.000
1449,axial,0.007,0.000e0,-493.090,1301.890,7107.856,AX1Z1,3,90,-491.093,1306.656,7103.135,AX1Z1,4,90
1450,radial,0.023,0.000e0,-491.093,1306.656,7103.135,AX1Z1,4,0.000,-487.338,1322.169,7120.382,AX1Z1,4,0.000
1451,hinge,0.046,0.000e0,-487.338,1322.169,7120.382,AX1Z1,4,0.000,-487.537,1332.923,7165.621,AX1Z1,4,0.000
1452,axial,0.009,0.000e0,-671.123,422.292,7430.229,AX2Z2,0,90,-664.029,416.072,7431.337,AX2Z2,1,90
1453,radial,0.024,0.000e0,-664.029,416.072,7431.337,AX2Z2,1,0.000,-679.630,398.578,7433.020,AX2Z2,1,0.000
1454,hinge,0.047,0.000e0,-679.630,398.578,7433.020,AX2Z2,1,0.000,-723.391,413.842,7429.243,AX2Z2,1,0.000
1455,axial,0.007,0.000e0,-664.029,416.072,7431.337,AX2Z2,1,90,-658.801,411.488,7432.153,AX2Z2,2,90
1456,radial,0.023,0.000e0,-658.801,411.488,7432.153,AX2Z2,2,0.000,-659.692,406.393,7409.229,AX2Z2,2,0.000
1457,hinge,0.046,0.000e0,-659.692,406.393,7409.229,AX2Z2,2,0.000,-687.055,422.757,7375.381,AX2Z2,2,0.000
1458,axial,0.007,0.000e0,-658.801,411.488,7432.153,AX2Z2,2,90,-653.574,406.905,7432.969,AX2Z2,3,90
1459,radial,0.024,0.000e0,-653.574,406.905,7432.969,AX2Z2,3,0.000,-666.348,395.156,7448.812,AX2Z2,3,0.000
1460,hinge,0.047,0.000e0,-666.348,395.156,7448.812,AX2Z2,3,0.000,-670.876,359.798,7478.672,AX2Z2,3,0.000
1461,axial,0.007,0.000e0,-653.574,406.905,7432.969,AX2Z2,3,90,-648.347,402.321,7433.784,AX2Z2,4,90
1462,radial,0.023,0.000e0,-648.347,402.321,7433.784,AX2Z2,4,0.000,-632.994,418.522,7426.430,AX2Z2,4,0.000
1463,hinge,0.046,0.000e0,-632.994,418.522,7426.430,AX2Z2,4,0.000,-624.048,461.508,7411.118,AX2Z2,4,0.000
1464,axial,0.009,0.000e0,-29.178,-792.685,7430.387,BX2Z2,0,90,-27.338,-783.432,7431.495,BX2Z2,1,90
1465,radial,0.024,0.000e0,-27.338,-783.432,7431.495,BX2Z2,1,0.000,-4.387,-788.195,7433.169,BX2Z2,1,0.000
1466,hinge,0.046,0.000e0,-4.387,-788.195,7433.169,BX2Z2,1,0.000,4.275,-833.724,7429.380,BX2Z2,1,0.000
1467,axial,0.007,0.000e0,-27.338,-783.432,7431.495,BX2Z2,1,90,-25.982,-776.613,7432.312,BX2Z2,2,90
1468,radial,0.023,0.000e0,-25.982,-776.613,7432.312,BX2Z2,2,0.000,-21.121,-774.834,7409.389,BX2Z2,2,0.000
1469,hinge,0.047,0.000e0,-21.121,-774.834,7409.389,BX2Z2,2,0.000,-21.607,-806.711,7375.538,BX2Z2,2,0.000
1470,axial,0.007,0.000e0,-25.982,-776.613,7432.312,BX2Z2,2,90,-24.626,-769.794,7433.128,BX2Z2,3,90
1471,radial,0.023,0.000e0,-24.626,-769.794,7433.128,BX2Z2,3,0.000,-8.071,-774.984,7448.979,BX2Z2,3,0.000
1472,hinge,0.047,0.000e0,-8.071,-774.984,7448.979,BX2Z2,3,0.000,24.801,-761.229,7478.853,BX2Z2,3,0.000
1473,axial,0.007,0.000e0,-24.626,-769.794,7433.128,BX2Z2,3,90,-23.271,-762.975,7433.945,BX2Z2,4,90
1474,radial,0.024,0.000e0,-23.271,-762.975,7433.945,BX2Z2,4,0.000,-44.975,-757.778,7426.584,BX2Z2,4,0.000
1475,hinge,0.046,0.000e0,-44.975,-757.778,7426.584,BX2Z2,4,0.000,-86.670,-771.521,7411.258,BX2Z2,4,0.000
1476,axial,0.010,0.000e0,-2128.670,1216.562,5664.116,AX3Z3,0,90,-2131.640,1211.605,5656.576,AX3Z3,1,90
1477,radial,0.023,0.000e0,-2131.640,1211.605,5656.576,AX3Z3,1,0.000,-2153.342,1210.931,5665.565,AX3Z3,1,0.000
1478,hinge,0.047,0.000e0,-2153.342,1210.931,5665.565,AX3Z3,1,0.000,-2170.544,1228.367,5705.091,AX3Z3,1,0.000
1479,axial,0.007,0.000e0,-2131.640,1211.605,5656.576,AX3Z3,1,90,-2133.828,1207.952,5651.020,AX3Z3,2,90
1480,radial,0.023,0.000e0,-2133.828,1207.952,5651.020,AX3Z3,2,0.000,-2137.451,1189.231,5664.753,AX3Z3,2,0.000
1481,hinge,0.046,0.000e0,-2137.451,1189.231,5664.753,AX3Z3,2,0.000,-2131.185,1183.238,5710.438,AX3Z3,2,0.000
1482,axial,0.007,0.000e0,-2133.828,1207.952,5651.020,AX3Z3,2,90,-2136.016,1204.300,5645.463,AX3Z3,3,90
1483,radial,0.024,0.000e0,-2136.016,1204.300,5645.463,AX3Z3,3,0.000,-2148.620,1222.786,5638.275,AX3Z3,3,0.000
1484,hinge,0.047,0.000e0,-2148.620,1222.786,5638.275,AX3Z3,3,0.000,-2177.486,1242.332,5607.502,AX3Z3,3,0.000
1485,axial,0.007,0.000e0,-2136.016,1204.300,5645.463,AX3Z3,3,90,-2138.204,1200.647,5639.907,AX3Z3,4,90
1486,radial,0.023,0.000e0,-2138.204,1200.647,5639.907,AX3Z3,4,0.000,-2117.316,1189.945,5638.716,AX3Z3,4,0.000
1487,hinge,0.046,0.000e0,-2117.316,1189.945,5638.716,AX3Z3,4,0.000,-2074.255,1183.737,5655.130,AX3Z3,4,0.000
1488,axial,0.009,0.000e0,11.783,-2451.757,5663.987,BX3Z3,0,90,17.561,-2451.849,5656.447,BX3Z3,1,90
1489,radial,0.024,0.000e0,17.561,-2451.849,5656.447,BX3Z3,1,0.000,35.585,-2445.626,5670.183,BX3Z3,1,0.000
1490,hinge,0.046,0.000e0,35.585,-2445.626,5670.183,BX3Z3,1,0.000,37.639,-2437.210,5715.869,BX3Z3,1,0.000
1491,axial,0.007,0.000e0,17.561,-2451.849,5656.447,BX3Z3,1,90,21.819,-2451.916,5650.891,BX3Z3,2,90
1492,radial,0.024,0.000e0,21.819,-2451.916,5650.891,BX3Z3,2,0.000,33.248,-2470.380,5659.874,BX3Z3,2,0.000
1493,hinge,0.046,0.000e0,33.248,-2470.380,5659.874,BX3Z3,2,0.000,26.742,-2494.011,5699.389,BX3Z3,2,0.000
1494,axial,0.007,0.000e0,21.819,-2451.916,5650.891,BX3Z3,2,90,26.076,-2451.983,5645.335,BX3Z3,3,90
1495,radial,0.023,0.000e0,26.076,-2451.983,5645.335,BX3Z3,3,0.000,16.366,-2472.137,5638.139,BX3Z3,3,0.000
1496,hinge,0.047,0.000e0,16.366,-2472.137,5638.139,BX3Z3,3,0.000,13.866,-2506.897,5607.353,BX3Z3,3,0.000
1497,axial,0.007,0.000e0,26.076,-2451.983,5645.335,BX3Z3,3,90,30.333,-2452.051,5639.779,BX3Z3,4,90
1498,radial,0.024,0.000e0,30.333,-2452.051,5639.779,BX3Z3,4,0.000,29.157,-2428.610,5638.593,BX3Z3,4,0.000
1499,hinge,0.047,0.000e0,29.157,-2428.610,5638.593,BX3Z3,4,0.000,13.001,-2388.218,5655.015,BX3Z3,4,0.000
1500,axial,0.010,0.000e0,200.629,-660.618,7636.846,Z4,0,90,206.105,-665.804,7631.069,Z4,1,90
1501,radial,0.023,0.000e0,206.105,-665.804,7631.069,Z4,1,0.000,196.364,-655.324,7612.427,Z4,1,0.000
1502,hinge,0.047,0.000e0,196.364,-655.324,7612.427,Z4,1,0.000,164.294,-624.018,7624.826,Z4,1,0.000
1503,axial,0.007,0.000e0,206.105,-665.804,7631.069,Z4,1,90,210.140,-669.626,7626.813,Z4,2,90
1504,radial,0.024,0.000e0,210.140,-669.626,7626.813,Z4,2,0.000,224.661,-651.341,7624.161,Z4,2,0.000
1505,hinge,0.046,0.000e0,224.661,-651.341,7624.161,Z4,2,0.000,223.285,-608.445,7642.058,Z4,2,0.000
1506,axial,0.007,0.000e0,210.140,-669.626,7626.813,Z4,2,90,214.174,-673.447,7622.556,Z4,3,90
1507,radial,0.023,0.000e0,214.174,-673.447,7622.556,Z4,3,0.000,195.110,-680.326,7610.662,Z4,3,0.000
1508,hinge,0.046,0.000e0,195.110,-680.326,7610.662,Z4,3,0.000,163.783,-698.919,7581.762,Z4,3,0.000
1509,axial,0.007,0.000e0,214.174,-673.447,7622.556,Z4,3,90,218.209,-677.269,7618.300,Z4,4,90
1510,radial,0.023,0.000e0,218.209,-677.269,7618.300,Z4,4,0.000,230.332,-685.118,7636.838,Z4,4,0.000
1511,hinge,0.046,0.000e0,230.332,-685.118,7636.838,Z4,4,0.000,248.224,-695.032,7678.597,Z4,4,0.000
1512,axial,0.009,0.000e0,0.379,0.461,9165.798,YZ0,0,90,0.377,0.463,9156.299,YZ0,1,90
1513,radial,0.023,0.000e0,0.377,0.463,9156.299,YZ0,1,0.000,23.060,-5.680,9156.293,YZ0,1,0.000
1514,hinge,0.046,0.000e0,23.060,-5.680,9156.293,YZ0,1,0.000,61.934,-16.211,9179.533,YZ0,1,0.000
1515,axial,0.007,0.000e0,0.377,0.463,9156.299,YZ0,1,90,0.376,0.464,9149.298,YZ0,2,90
1516,radial,0.023,0.000e0,0.376,0.464,9149.298,YZ0,2,0.000,-16.283,-16.111,9149.298,YZ0,2,0.000
1517,hinge,0.046,0.000e0,-16.283,-16.111,9149.298,YZ0,2,0.000,-44.824,-44.520,9172.547,YZ0,2,0.000
1518,axial,0.007,0.000e0,0.376,0.464,9149.298,YZ0,2,90,0.374,0.466,9142.298,YZ0,3,90
1519,radial,0.024,0.000e0,0.374,0.466,9142.298,YZ0,3,0.000,-5.625,23.187,9142.304,YZ0,3,0.000
1520,hinge,0.047,0.000e0,-5.625,23.187,9142.304,YZ0,3,0.000,-15.902,62.118,9165.563,YZ0,3,0.000
1521,axial,0.010,0.000e0,-2513.698,1510.996,6376.010,AX4Z0,0,90,-2517.821,1505.704,6382.737,AX4Z0,1,90
1522,radial,0.024,0.000e0,-2517.821,1505.704,6382.737,AX4Z0,1,0.000,-2520.141,1524.753,6396.301,AX4Z0,1,0.000
1523,hinge,0.046,0.000e0,-2520.141,1524.753,6396.301,AX4Z0,1,0.000,-2503.150,1562.890,6375.829,AX4Z0,1,0.000
1524,axial,0.007,0.000e0,-2517.821,1505.704,6382.737,AX4Z0,1,90,-2520.859,1501.804,6387.693,AX4Z0,2,90
1525,radial,0.024,0.000e0,-2520.859,1501.804,6387.693,AX4Z0,2,0.000,-2515.291,1482.327,6375.782,AX4Z0,2,0.000
1526,hinge,0.046,0.000e0,-2515.291,1482.327,6375.782,AX4Z0,2,0.000,-2495.659,1461.901,6338.909,AX4Z0,2,0.000
1527,axial,0.007,0.000e0,-2520.859,1501.804,6387.693,AX4Z0,2,90,-2523.897,1497.905,6392.649,AX4Z0,3,90
1528,radial,0.023,0.000e0,-2523.897,1497.905,6392.649,AX4Z0,3,0.000,-2511.384,1509.076,6409.107,AX4Z0,3,0.000
1529,hinge,0.046,0.000e0,-2511.384,1509.076,6409.107,AX4Z0,3,0.000,-2491.360,1525.312,6447.807,AX4Z0,3,0.000
1530,axial,0.007,0.000e0,-2523.897,1497.905,6392.649,AX4Z0,3,90,-2526.935,1494.006,6397.606,AX4Z0,4,90
1531,radial,0.024,0.000e0,-2526.935,1494.006,6397.606,AX4Z0,4,0.000,-2542.599,1486.245,6381.900,AX4Z0,4,0.000
1532,hinge,0.047,0.000e0,-2542.599,1486.245,6381.900,AX4Z0,4,0.000,-2547.702,1495.720,6336.662,AX4Z0,4,0.000
