# Open Claw, Phase: slack, Height: 10956.4mm, Created: 2026-05-13 15:35
#
# === Hinge parameters (see diagram) ===
# A  radius van de buis (push_radius):        20.0mm  (0.02000m)
# B  marge (push_radius_margin):              2.0mm  (0.00200m)
# C  offset door radius (= t1/2):             2.5mm  (0.00250m)
# D  randafstand (hinge_extension):           14.0mm  (0.01400m)
# E  diameter gat (hinge_hole_diameter):      12.0mm  (0.01200m)
# t1 dikte staal (disc_thickness):             5.0mm  (0.00500m)
# t2 dikte POM (disc_separator):              1.0mm  (0.00100m)
#    cap_thickness:                           5.0mm  (0.00500m)
#    pull_radius:                             7.0mm  (0.00700m)
#
# === Afgeleide waarden ===
#    A + B + C  = 24.5mm  (halve breedte schijf)
#    C + D + E  = 28.5mm  (scharnier lengte)
#    t1 + t2    = 6.0mm  (schijf + separator)
#    disc_center_offset(0) = 8.5mm  (as-afstand tot centrum eerste schijf)
#
# Orientation check (CSV coords, mm, Z-up): ground plane at Z=0, apex at Z=10956.4
# Lowest[1]: joint=BX4YZ1 X=-709.2 Y=-3009.3 Z=3777.1
# Lowest[2]: joint=CX4YZ1 X=2961.2 Y=891.1 Z=3777.2
# Lowest[3]: joint=AX4YZ1 X=-2251.7 Y=2119.8 Z=3777.5
# Highest:   joint=YZ1 X=0.8 Y=-0.2 Z=10956.4
# === Hinge bend snap quality ===
# Bend count (K):       4
# Magnitude source:     LOCKED to factory inventory (no per-export reoptimisation)
# Optimal magnitudes:   [12°, 30°, 49°, 68°]
# Effective signed set: [-68°, -49°, -30°, -12°, +12°, +30°, +49°, +68°]
# Bend counts (signed): -68°×60  -49°×114  -30°×78  -12°×27  +12°×45  +30°×30  +49°×6  +68°×0
# Bend counts (per magnitude): 12°×72  30°×108  49°×120  68°×60
# Cable ends measured:  360
# Snap error:           mean |Δ|=4.86°  max |Δ|=9.44°  RMS=5.63°
#
Index,Role,Length(m),Strain,AlphaX,AlphaY,AlphaZ,AlphaJoint,AlphaSlot,AlphaAngle,OmegaX,OmegaY,OmegaZ,OmegaJoint,OmegaSlot,OmegaAngle
1,push,1.790,-1.216e-4,2470.864,732.441,5491.210,CX4YZ0,0,90,2961.228,891.089,3777.240,CX4YZ1,0,90
2,push,1.790,-4.915e-5,-1868.649,1773.771,5491.384,AX4YZ0,0,90,-2251.673,2119.804,3777.518,AX4YZ1,0,90
3,push,1.790,-3.923e-5,-600.962,-2505.025,5491.125,BX4YZ0,0,90,-709.229,-3009.342,3777.126,BX4YZ1,0,90
4,push,1.790,0.000e0,0.597,0.063,9166.120,YZ0,0,90,0.801,-0.154,10956.383,YZ1,0,90
5,push,1.909,-2.970e-4,1567.940,509.297,6025.968,CX4Z2,0,90,2864.589,1521.524,5056.416,CX4Z3,0,90
6,push,1.909,-2.773e-4,-1223.927,1103.370,6025.879,AX4Z2,0,90,-2749.152,1720.506,5056.905,AX4Z3,0,90
7,push,1.910,-2.327e-4,-342.286,-1611.544,6025.814,BX4Z2,0,90,-114.576,-3240.950,5056.492,BX4Z3,0,90
8,push,1.919,-2.760e-4,-1380.486,2386.412,6304.622,AX4Z4,0,90,-1483.686,1338.011,4700.075,AX4Z5,0,90
9,push,1.920,-2.203e-4,-1375.156,-2388.833,6304.765,BX4Z4,0,90,-416.151,-1953.779,4699.831,BX4Z5,0,90
10,push,1.920,-2.059e-4,2757.714,3.273,6304.225,CX4Z4,0,90,1900.626,616.810,4699.900,CX4Z5,0,90
11,push,1.950,0.000e0,2565.133,1421.965,6375.867,CX4Z0,0,90,3084.953,145.903,4995.561,CX4Z1,0,90
12,push,1.951,0.000e0,-50.710,-2931.527,6375.817,BX4Z0,0,90,-1416.334,-2743.892,4995.814,BX4Z1,0,90
13,push,1.951,0.000e0,-2512.702,1510.311,6376.195,AX4Z0,0,90,-1667.911,2599.326,4995.969,AX4Z1,0,90
14,push,1.982,-4.101e-5,-1979.600,898.665,7089.953,AX3Z0,0,90,-1192.740,1816.446,5518.752,AX3Z1,0,90
15,push,1.982,-2.658e-5,212.592,-2163.930,7089.780,BX3Z0,0,90,-975.758,-1941.175,5518.647,BX3Z1,0,90
16,push,1.983,-9.500e-6,1768.795,1265.797,7089.962,CX3Z0,0,90,2170.120,125.724,5518.479,CX3Z1,0,90
17,push,1.990,0.000e0,473.674,957.633,8468.170,CX1Z0,0,90,1362.155,-208.917,7122.749,CX1Z1,0,90
18,push,1.990,0.000e0,-1065.280,-69.013,8468.208,AX1Z0,0,90,-498.996,1283.880,7123.025,AX1Z1,0,90
19,push,1.990,0.000e0,593.416,-888.336,8468.146,BX1Z0,0,90,-861.426,-1074.537,7122.979,BX1Z1,0,90
20,push,1.999,-3.338e-4,1372.767,-11.488,6721.685,CX3Z4,0,90,3064.428,735.731,5961.898,CX3Z5,0,90
21,push,2.000,-2.190e-4,-695.639,-1182.046,6721.759,BX3Z4,0,90,-894.762,-3020.792,5961.753,BX3Z5,0,90
22,push,2.000,-2.120e-4,-675.058,1194.247,6721.859,AX3Z4,0,90,-2168.117,2286.061,5962.241,AX3Z5,0,90
23,push,2.000,-2.652e-5,-469.126,1596.295,7977.057,AX2Z4,0,90,-1439.715,861.303,6390.384,AX2Z5,0,90
24,push,2.000,-1.377e-5,1617.997,-390.998,7976.840,CX2Z4,0,90,1466.220,817.202,6390.301,CX2Z5,0,90
25,push,2.000,0.000e0,-1146.995,-1204.812,7976.913,BX2Z4,0,90,-24.830,-1677.507,6390.282,BX2Z5,0,90
26,push,2.010,-1.508e-4,-1500.102,2268.904,7256.204,AX3Z2,0,90,-2128.493,1217.356,5663.015,AX3Z3,0,90
27,push,2.010,-7.449e-5,-1214.020,-2433.925,7256.109,BX3Z2,0,90,10.943,-2451.981,5662.799,BX3Z3,0,90
28,push,2.010,-4.816e-5,2715.851,165.387,7256.058,CX3Z2,0,90,2118.836,1235.604,5662.973,CX3Z3,0,90
29,push,2.030,0.000e0,701.581,370.739,7434.181,CX2Z2,0,90,2610.162,1018.869,7190.867,CX2Z3,0,90
30,push,2.030,0.000e0,-670.437,421.697,7434.213,AX2Z2,0,90,-2186.150,1750.524,7190.905,AX2Z3,0,90
31,push,2.031,0.000e0,-28.964,-791.811,7434.138,BX2Z2,0,90,-422.017,-2769.023,7190.796,BX2Z3,0,90
32,push,2.031,0.000e0,228.027,403.463,7714.178,AX1Z4,0,90,-1316.811,1620.491,8219.872,AX1Z5,0,90
33,push,2.031,0.000e0,-462.318,-4.536,7714.058,BX1Z4,0,90,-743.954,-1950.918,8219.906,BX1Z5,0,90
34,push,2.031,0.000e0,236.091,-398.418,7714.062,CX1Z4,0,90,2062.583,331.022,8220.256,CX1Z5,0,90
35,push,2.041,0.000e0,-1737.187,874.826,8157.685,AX2Z0,0,90,-864.564,2037.840,6725.693,AX2Z1,0,90
36,push,2.041,0.000e0,111.981,-1942.021,8157.801,BX2Z0,0,90,-1331.419,-1767.971,6725.453,BX2Z1,0,90
37,push,2.041,0.000e0,1626.935,1067.835,8157.680,CX2Z0,0,90,2198.174,-269.854,6725.609,CX2Z1,0,90
38,push,2.050,0.000e0,-691.457,-812.124,8997.030,BX1Z2,0,90,254.518,-1626.953,7370.564,BX1Z3,0,90
39,push,2.051,0.000e0,1050.060,-192.954,8997.185,CX1Z2,0,90,1282.856,1033.816,7370.590,CX1Z3,0,90
40,push,2.051,0.000e0,-356.939,1005.666,8997.108,AX1Z2,0,90,-1535.798,593.771,7370.381,AX1Z3,0,90
41,push,2.350,-2.026e-4,202.675,-658.748,7636.234,Z4,0,90,-1150.881,623.725,9065.714,Z5,0,90
42,push,2.350,-1.777e-4,470.229,504.702,7636.199,Z8,0,90,36.323,-1308.734,9065.782,Z9,0,90
43,push,2.350,-1.759e-4,-671.117,154.569,7636.292,Z0,0,90,1116.271,685.491,9065.948,Z1,0,90
44,push,2.400,-1.818e-5,872.791,-678.682,8268.061,Z6,0,90,-225.276,849.203,9757.895,Z7,0,90
45,push,2.400,-4.272e-6,-1023.568,-415.873,8268.227,Z2,0,90,848.934,-229.060,9757.787,Z3,0,90
46,push,2.400,0.000e0,152.363,1095.029,8268.144,Z10,0,90,-621.831,-620.127,9757.731,Z11,0,90
47,pull,0.191,0.000e0,232.035,-627.742,7628.015,Z4,4,-49,235.675,-450.613,7699.502,CX1Z4,1,+30
48,pull,0.191,0.000e0,-658.936,113.645,7628.058,Z0,4,-49,-507.311,21.929,7699.511,BX1Z4,1,+30
49,pull,0.191,0.000e0,428.697,514.639,7627.996,Z8,4,-49,273.430,429.197,7699.591,AX1Z4,1,+30
50,pull,0.228,0.000e0,-674.468,196.049,7601.369,Z0,1,+12,-680.599,381.796,7469.442,AX2Z2,1,+30
51,pull,0.228,0.000e0,168.429,-682.398,7601.315,Z4,1,+12,10.666,-780.662,7469.374,BX2Z2,1,+30
52,pull,0.228,0.000e0,507.868,486.882,7601.309,Z8,1,+12,672.107,399.494,7469.406,CX2Z2,1,+30
53,pull,0.306,0.000e0,849.613,-722.935,8276.627,Z6,4,-30,632.586,-860.126,8443.217,BX1Z0,1,+12
54,pull,0.306,0.000e0,-1050.286,-373.661,8276.782,Z2,4,-30,-1060.451,-117.041,8443.279,AX1Z0,1,+12
55,pull,0.306,0.000e0,202.280,1097.063,8276.693,Z10,4,-30,429.668,977.474,8443.245,CX1Z0,1,+12
56,pull,0.339,9.245e-4,1365.139,-187.935,7072.876,CX1Z1,1,+30,1377.879,-34.155,6770.638,CX3Z4,1,+30
57,pull,0.339,1.127e-3,-518.629,1275.965,7073.142,AX1Z1,1,+30,-657.987,1209.991,6770.819,AX3Z4,1,+30
58,pull,0.339,1.229e-3,-844.753,-1087.563,7073.091,BX1Z1,1,+30,-717.818,-1175.139,6770.716,BX3Z4,1,+30
59,pull,0.379,0.000e0,1477.055,785.899,6347.240,CX2Z5,1,+12,1553.769,540.567,6068.072,CX4Z2,1,+12
60,pull,0.380,0.000e0,-57.355,-1671.225,6347.223,BX2Z5,1,+12,-308.129,-1614.917,6067.926,BX4Z2,1,+12
61,pull,0.380,0.000e0,-1418.019,886.344,6347.330,AX2Z5,1,+12,-1243.912,1075.466,6067.991,AX4Z2,1,+12
62,pull,0.501,0.000e0,-1573.040,625.727,7351.446,AX1Z3,1,+49,-1938.333,872.196,7113.359,AX3Z0,1,+12
63,pull,0.501,0.000e0,1329.152,1050.085,7351.654,CX1Z3,1,+49,1725.247,1243.281,7113.374,CX3Z0,1,+12
64,pull,0.501,0.000e0,245.466,-1675.183,7351.630,BX1Z3,1,+49,214.861,-2114.966,7113.208,BX3Z0,1,+12
65,pull,0.643,1.041e-3,-1337.002,-1811.303,6693.396,BX2Z1,1,+30,-1372.404,-2344.285,6335.739,BX4Z4,1,+12
66,pull,0.643,1.127e-3,-899.294,2064.342,6693.633,AX2Z1,1,+30,-1343.295,2361.746,6335.603,AX4Z4,1,+12
67,pull,0.643,1.010e-3,2238.461,-253.011,6693.521,CX2Z1,1,+30,2717.775,-16.638,6335.207,CX4Z4,1,+12
68,pull,0.694,2.959e-4,879.388,-224.931,9719.389,Z3,2,-30,1034.349,-177.019,9044.785,CX1Z2,1,+49
69,pull,0.694,2.440e-4,-633.505,-648.556,9719.334,Z11,2,-30,-669.806,-806.496,9044.635,BX1Z2,1,+49
70,pull,0.697,1.856e-4,-246.811,877.350,9723.226,Z7,3,-30,-362.877,984.086,9044.707,AX1Z2,1,+49
71,pull,0.741,0.000e0,113.606,1127.654,8248.910,Z10,1,+30,-429.380,1564.731,7996.041,AX2Z4,1,+30
72,pull,0.742,0.000e0,-1032.444,-465.746,8248.983,Z2,1,+30,-1139.535,-1154.615,7995.912,BX2Z4,1,+30
73,pull,0.742,0.000e0,920.424,-661.431,8248.828,Z6,1,+30,1570.796,-409.642,7995.836,CX2Z4,1,+30
74,pull,0.771,1.014e-3,76.484,-1945.197,8183.199,BX2Z0,2,-49,-693.394,-1967.052,8220.398,BX1Z5,2,-12
75,pull,0.771,1.036e-3,1647.428,1038.688,8183.089,CX2Z0,2,-49,2051.278,382.877,8220.724,CX1Z5,2,-12
76,pull,0.771,1.024e-3,-1722.187,907.150,8183.088,AX2Z0,2,-49,-1356.063,1584.771,8220.356,AX1Z5,2,-12
77,pull,0.785,0.000e0,-1449.929,2272.086,7249.767,AX3Z2,4,-30,-891.571,2078.677,6733.495,AX2Z1,3,-30
78,pull,0.785,0.000e0,2693.540,120.336,7249.609,CX3Z2,4,-30,2247.044,-266.867,6733.404,CX2Z1,3,-30
79,pull,0.785,0.000e0,-1241.863,-2392.064,7249.681,BX3Z2,4,-30,-1353.287,-1811.774,6733.261,BX2Z1,3,-30
80,pull,0.786,6.199e-4,1592.285,1091.164,8130.976,CX2Z0,3,-30,1309.273,1054.420,7398.747,CX1Z3,2,-49
81,pull,0.786,7.745e-4,149.516,-1923.672,8131.110,BX2Z0,3,-30,259.158,-1660.131,7398.721,BX1Z3,2,-49
82,pull,0.786,8.177e-4,-1740.078,833.153,8130.984,AX2Z0,3,-30,-1566.851,606.347,7398.537,AX1Z3,2,-49
83,pull,0.798,0.000e0,-2506.391,1462.752,6359.846,AX4Z0,4,-30,-2168.015,1216.474,5680.458,AX3Z3,3,-49
84,pull,0.798,0.000e0,2520.779,1440.274,6359.546,CX4Z0,4,-30,2137.855,1270.266,5680.404,CX3Z3,3,-49
85,pull,0.798,0.000e0,-12.681,-2902.276,6359.475,BX4Z0,4,-30,31.461,-2485.778,5680.229,BX3Z3,3,-49
86,pull,0.775,1.581e-4,-1535.475,2250.046,7273.762,AX3Z2,2,-49,-2158.316,1795.682,7192.588,AX2Z3,2,-12
87,pull,0.775,2.881e-4,-1180.005,-2455.140,7273.660,BX3Z2,2,-49,-475.042,-2767.495,7192.479,BX2Z3,2,-12
88,pull,0.775,3.118e-4,2717.225,205.450,7273.613,CX3Z2,2,-49,2635.350,972.183,7192.542,CX2Z3,2,-12
89,pull,0.800,0.000e0,-735.153,-1179.785,6739.773,BX3Z4,4,-49,-1317.353,-1727.237,6698.773,BX2Z1,4,-30
90,pull,0.800,0.000e0,-653.341,1227.336,6739.871,AX3Z4,4,-49,-836.320,2005.293,6699.012,AX2Z1,4,-30
91,pull,0.803,1.604e-4,-1428.500,2400.022,6313.471,AX4Z4,4,-30,-2149.077,2324.816,5967.383,AX3Z5,4,-49
92,pull,0.796,2.468e-4,2790.822,39.975,6308.052,CX4Z4,3,-30,3083.397,697.622,5969.309,CX3Z5,3,-49
93,pull,0.796,2.412e-4,-1359.954,-2435.868,6308.574,BX4Z4,3,-30,-937.243,-3018.176,5969.208,BX3Z5,3,-49
94,pull,0.800,0.000e0,1390.570,-46.845,6739.681,CX3Z4,4,-49,2155.876,-278.020,6698.905,CX2Z1,4,-30
95,pull,0.823,0.000e0,-1187.610,1136.699,6014.081,AX4Z2,4,-30,-1172.542,1788.363,5512.368,AX3Z1,4,-68
96,pull,0.823,0.000e0,-389.311,-1596.751,6014.035,BX4Z2,4,-30,-961.531,-1909.644,5512.261,BX3Z1,4,-68
97,pull,0.823,0.000e0,1578.647,461.180,6014.177,CX4Z2,4,-30,2135.700,122.270,5512.099,CX3Z1,4,-68
98,pull,0.816,1.577e-4,-504.736,1610.050,8018.401,AX2Z4,4,-12,-1295.185,1657.989,8215.731,AX1Z5,4,-49
99,pull,0.816,2.247e-4,-1141.094,-1242.528,8018.257,BX2Z4,4,-12,-787.240,-1950.941,8215.754,BX1Z5,4,-49
100,pull,0.816,2.451e-4,1647.703,-367.027,8018.188,CX2Z4,4,-12,2084.253,293.554,8216.079,CX1Z5,4,-49
101,pull,0.816,0.000e0,-2006.152,934.939,7123.804,AX3Z0,4,-12,-2215.244,1722.135,7175.459,AX2Z3,4,-49
102,pull,0.816,0.000e0,1813.490,1270.658,7123.806,CX3Z0,4,-12,2600.125,1058.260,7175.420,CX2Z3,4,-49
103,pull,0.816,0.000e0,194.457,-2205.067,7123.625,BX3Z0,4,-12,-382.887,-2780.025,7175.344,BX2Z3,4,-49
104,pull,0.805,0.000e0,1049.456,-161.076,9036.585,CX1Z2,4,-30,1130.158,638.999,9076.125,Z1,3,-30
105,pull,0.805,0.000e0,-384.245,989.204,9036.509,AX1Z2,4,-30,-1117.560,658.995,9075.895,Z5,3,-30
106,pull,0.805,0.000e0,-663.547,-827.541,9036.430,BX1Z2,4,-30,-10.884,-1297.516,9075.958,Z9,3,-30
107,pull,0.835,0.000e0,690.479,404.041,7436.433,CX2Z2,4,-68,1248.517,1016.818,7337.413,CX1Z3,4,-30
108,pull,0.835,0.000e0,5.427,-798.848,7436.394,BX2Z2,4,-68,256.976,-1588.710,7337.392,BX1Z3,4,-30
109,pull,0.812,9.217e-4,-1956.647,875.136,7072.658,AX3Z0,2,-68,-1483.581,854.538,6412.473,AX2Z5,3,-30
110,pull,0.812,9.170e-4,221.495,-2132.288,7072.485,BX3Z0,2,-68,2.956,-1712.120,6412.368,BX2Z5,3,-30
111,pull,0.812,9.485e-4,1736.942,1257.693,7072.663,CX3Z0,2,-68,1482.304,858.571,6412.387,CX2Z5,3,-30
112,pull,0.835,0.000e0,-693.725,395.428,7436.450,AX2Z2,4,-68,-1503.909,572.519,7337.209,AX1Z3,4,-30
113,pull,0.808,0.000e0,242.876,-431.394,7741.146,CX1Z4,3,-49,845.003,-676.052,8221.405,Z6,3,-12
114,pull,0.808,0.000e0,253.187,425.827,7741.268,AX1Z4,3,-49,163.985,1069.656,8221.485,Z10,3,-12
115,pull,0.808,0.000e0,-494.265,6.075,7741.148,BX1Z4,3,-49,-1007.402,-393.124,8221.569,Z2,3,-12
116,pull,0.814,6.124e-5,-723.394,-777.846,8972.093,BX1Z2,2,-12,-1032.939,-448.843,8295.435,Z2,2,-49
117,pull,0.814,2.690e-4,-311.283,1016.177,8972.171,AX1Z2,2,-12,128.495,1119.627,8295.354,Z10,2,-49
118,pull,0.814,3.843e-4,1036.333,-237.748,8972.246,CX1Z2,2,-12,906.029,-670.316,8295.271,Z6,2,-49
119,pull,0.839,1.433e-3,1349.670,30.993,6712.695,CX3Z4,2,-30,1455.224,790.165,6370.668,CX2Z5,4,-68
120,pull,0.839,1.467e-3,-647.302,-1183.292,6712.767,BX3Z4,2,-30,-42.737,-1654.454,6370.654,BX2Z5,4,-68
121,pull,0.839,1.507e-3,-700.304,1153.008,6712.866,AX3Z4,2,-30,-1410.795,865.277,6370.758,AX2Z5,4,-68
122,pull,0.838,1.535e-3,-1154.292,-1180.770,7949.557,BX2Z4,2,-68,-893.685,-1084.172,7158.831,BX1Z1,2,-30
123,pull,0.838,1.608e-3,-444.656,1590.583,7949.704,AX2Z4,2,-68,-491.213,1316.637,7158.876,AX1Z1,2,-30
124,pull,0.838,1.759e-3,1600.818,-409.335,7949.487,CX2Z4,2,-68,1386.644,-232.033,7158.594,CX1Z1,2,-30
125,pull,0.802,0.000e0,-2208.030,1738.761,7142.589,AX2Z3,1,+12,-2491.084,1527.155,6423.104,AX4Z0,1,+12
126,pull,0.802,0.000e0,-400.898,-2782.089,7142.477,BX2Z3,1,+12,-76.101,-2921.240,6422.731,BX4Z0,1,+12
127,pull,0.802,0.000e0,2610.914,1043.704,7142.554,CX2Z3,1,+12,2568.925,1394.820,6422.774,CX4Z0,1,+12
128,pull,0.834,2.682e-4,-1075.005,-41.045,8513.805,AX1Z0,3,-12,-1168.398,594.305,9046.061,Z5,1,-68
129,pull,0.834,2.822e-4,574.057,-910.734,8513.744,BX1Z0,3,-12,70.555,-1309.201,9046.122,Z9,1,-68
130,pull,0.834,3.168e-4,502.758,952.062,8513.766,CX1Z0,3,-12,1099.565,715.370,9046.281,Z1,1,-68
131,pull,0.876,4.691e-4,714.550,325.923,7418.617,CX2Z2,2,-30,1336.877,-201.437,7099.458,CX1Z1,4,-68
132,pull,0.876,5.917e-4,-638.109,455.343,7418.665,AX2Z2,2,-30,-492.806,1258.250,7099.742,AX1Z1,4,-68
133,pull,0.876,6.651e-4,-74.268,-780.635,7418.593,BX2Z2,2,-30,-842.326,-1056.361,7099.694,BX1Z1,4,-68
134,pull,0.879,0.000e0,-414.265,-2.875,7698.027,BX1Z4,4,-30,184.573,-639.918,7611.938,Z4,3,-68
135,pull,0.879,0.000e0,205.442,361.015,7698.147,AX1Z4,4,-30,-645.760,160.837,7611.998,Z0,3,-68
136,pull,0.879,0.000e0,210.629,-357.635,7698.021,CX1Z4,4,-30,462.971,479.610,7611.904,Z8,3,-68
137,pull,0.874,3.527e-4,2594.690,1402.890,6387.785,CX4Z0,2,-68,3052.125,780.566,5977.940,CX3Z5,2,-30
138,pull,0.875,4.603e-4,-82.002,-2947.592,6387.745,BX4Z0,2,-68,-849.784,-3032.565,5977.794,BX3Z5,2,-30
139,pull,0.875,4.645e-4,-2510.959,1545.441,6388.128,AX4Z0,2,-68,-2200.796,2252.989,5978.279,AX3Z5,2,-30
140,pull,0.870,8.970e-4,450.703,953.037,8439.348,CX1Z0,2,-68,473.620,543.459,7672.299,Z8,2,-12
141,pull,0.870,9.507e-4,-1049.808,-86.605,8439.387,AX1Z0,2,-68,-706.379,138.125,7672.391,Z0,2,-12
142,pull,0.870,9.699e-4,600.910,-866.137,8439.324,BX1Z0,2,-68,234.544,-681.061,7672.335,Z4,2,-12
143,pull,0.931,0.000e0,1560.250,541.948,6038.103,CX4Z2,3,-68,2073.949,1215.456,5650.804,CX3Z3,4,-30
144,pull,0.931,0.000e0,-310.161,-1621.210,6037.939,BX4Z2,3,-68,15.943,-2403.033,5650.635,BX3Z3,4,-30
145,pull,0.931,0.000e0,-1248.351,1080.369,6037.999,AX4Z2,3,-68,-2088.600,1188.564,5650.831,AX3Z3,4,-30
146,pull,0.929,0.000e0,-587.109,-2459.923,5477.241,BX4YZ0,2,-30,-395.690,-1982.040,4704.306,BX4Z5,4,-68
147,pull,0.929,0.000e0,-1836.517,1739.225,5477.489,AX4YZ0,2,-30,-1518.389,1334.419,4704.564,AX4Z5,4,-68
148,pull,0.925,0.000e0,2426.520,722.412,5471.591,CX4YZ0,1,-30,1914.861,648.663,4704.387,CX4Z5,4,-68
149,pull,0.927,0.000e0,2485.294,778.653,5499.877,CX4YZ0,2,-30,2881.052,1489.886,5057.071,CX4Z3,3,-68
150,pull,0.930,0.000e0,2497.450,691.903,5501.591,CX4YZ0,3,-30,3050.424,149.678,4987.438,CX4Z1,3,-68
151,pull,0.931,0.000e0,-1914.601,1762.010,5505.806,AX4YZ0,3,-30,-2729.976,1750.578,5057.550,AX4Z3,3,-68
152,pull,0.931,0.000e0,-567.802,-2538.946,5505.538,BX4YZ0,3,-30,-150.207,-3239.371,5057.139,BX4Z3,3,-68
153,pull,0.917,1.379e-4,-650.083,-2511.173,5490.032,BX4YZ0,1,-30,-1391.602,-2716.455,4991.926,BX4Z1,2,-68
154,pull,0.917,1.935e-4,-1849.408,1819.384,5490.288,AX4YZ0,1,-30,-1656.516,2564.190,4992.073,AX4Z1,2,-68
155,pull,0.937,6.973e-4,2734.714,-23.249,6306.459,CX4Z4,4,-68,2207.546,105.008,5542.750,CX3Z1,2,-30
156,pull,0.931,7.310e-4,-1346.344,2376.459,6301.841,AX4Z4,3,-68,-1193.509,1859.211,5543.032,AX3Z1,2,-30
157,pull,0.937,7.999e-4,-1386.621,-2355.653,6306.998,BX4Z4,4,-68,-1012.409,-1963.225,5542.926,BX3Z1,2,-30
158,pull,0.918,9.733e-4,-942.867,-1942.206,5475.420,BX3Z1,1,+12,-433.536,-1923.284,4711.972,BX4Z5,2,-68
159,pull,0.918,8.713e-4,-1210.086,1788.478,5475.527,AX3Z1,1,+12,-1448.584,1337.808,4712.215,AX4Z5,2,-68
160,pull,0.918,9.440e-4,2154.537,154.723,5475.262,CX3Z1,1,+12,1882.917,586.501,4712.039,CX4Z5,2,-68
161,pull,0.940,0.000e0,-2162.065,1244.079,5629.921,AX3Z3,1,+30,-2768.903,1695.614,5071.994,AX4Z3,4,-68
162,pull,0.940,0.000e0,2158.753,1251.310,5629.862,CX3Z3,1,+30,2852.926,1551.074,5071.521,CX4Z3,4,-68
163,pull,0.940,0.000e0,4.584,-2494.407,5629.693,BX3Z3,1,+30,-83.149,-3245.625,5071.586,BX4Z3,4,-68
164,pull,1.007,7.164e-4,-34.247,-34.646,9159.870,YZ0,3,-30,-586.893,-627.315,9758.068,Z11,3,-68
165,pull,1.004,7.959e-4,48.078,-12.758,9165.864,YZ0,2,-30,837.697,-195.206,9758.119,Z3,3,-68
166,pull,0.994,8.070e-4,-12.048,47.591,9171.878,YZ0,1,-30,-246.225,818.720,9754.506,Z7,2,-68
167,pull,1.005,0.000e0,35.425,-1357.417,9037.571,Z9,4,-12,105.356,-1909.737,8200.815,BX2Z0,1,+30
168,pull,1.005,0.000e0,-1192.592,648.842,9037.500,Z5,4,-12,-1705.924,864.418,8200.704,AX2Z0,1,+30
169,pull,1.005,0.000e0,1158.880,709.059,9037.740,Z1,4,-12,1602.293,1045.968,8200.703,CX2Z0,1,+30
170,pull,1.068,0.000e0,-919.821,-3014.039,5914.026,BX3Z5,1,+12,-1439.330,-2761.098,5016.125,BX4Z1,4,-68
171,pull,1.068,0.000e0,-2149.753,2304.382,5914.506,AX3Z5,1,+12,-1671.299,2627.841,5016.287,AX4Z1,4,-68
172,pull,1.068,0.000e0,3071.100,710.679,5914.155,CX3Z5,1,+12,3111.352,134.580,5015.864,CX4Z1,4,-68
173,pull,1.067,0.000e0,-1326.137,1650.995,8175.896,AX1Z5,1,+12,-1491.494,2239.511,7300.907,AX3Z2,1,+30
174,pull,1.068,0.000e0,-765.712,-1974.249,8175.931,BX1Z5,1,+12,-1192.872,-2411.776,7300.814,BX3Z2,1,+30
175,pull,1.068,0.000e0,2093.672,323.853,8176.285,CX1Z5,1,+12,2686.106,172.627,7300.771,CX3Z2,1,+30
176,pull,1.216,0.000e0,221.874,423.343,7675.680,AX1Z4,2,-49,-451.011,1271.507,7121.534,AX1Z1,3,-30
177,pull,1.216,0.000e0,-476.463,-19.806,7675.562,BX1Z4,2,-49,-874.700,-1026.794,7121.480,BX1Z1,3,-30
178,pull,1.216,0.000e0,256.391,-403.020,7675.567,CX1Z4,2,-49,1327.449,-244.288,7121.253,CX1Z1,3,-30
179,pull,1.286,0.000e0,2790.619,-2.661,6275.989,CX4Z4,2,-49,3079.531,118.218,5029.017,CX4Z1,2,-49
180,pull,1.289,0.000e0,-24.693,-2949.271,6346.232,BX4Z0,3,-49,-107.817,-3255.921,5097.055,BX4Z3,2,-49
181,pull,1.290,0.000e0,-1391.801,2417.886,6276.399,AX4Z4,2,-49,-1638.613,2611.807,5025.175,AX4Z1,3,-49
182,pull,1.289,0.000e0,2567.479,1453.375,6346.287,CX4Z0,3,-49,2874.184,1534.862,5096.976,CX4Z3,2,-49
183,pull,1.289,0.000e0,-2541.088,1496.653,6346.618,AX4Z0,3,-49,-2765.492,1722.127,5097.471,AX4Z3,2,-49
184,pull,1.290,0.000e0,-1396.772,-2414.360,6276.545,BX4Z4,2,-49,-1441.783,-2724.761,5025.026,BX4Z1,3,-49
185,pull,1.313,0.000e0,618.848,-919.894,8452.392,BX1Z0,4,-49,291.730,-1610.704,7385.338,BX1Z3,3,-49
186,pull,1.313,0.000e0,488.294,995.440,8452.427,CX1Z0,4,-49,1250.172,1057.913,7385.359,CX1Z3,3,-49
187,pull,1.313,0.000e0,-1105.327,-75.256,8452.453,AX1Z0,4,-49,-1540.328,553.419,7385.153,AX1Z3,3,-49
188,pull,1.305,0.000e0,695.125,377.049,7391.925,CX2Z2,3,-49,1425.821,821.783,6406.489,CX2Z5,2,-49
189,pull,1.305,5.399e-6,-20.277,-789.373,7391.881,BX2Z2,3,-49,-0.665,-1644.807,6406.467,BX2Z5,2,-49
190,pull,1.305,1.535e-4,-672.666,412.959,7391.955,AX2Z2,3,-49,-1423.480,824.020,6406.558,AX2Z5,2,-49
191,pull,1.305,7.877e-5,-1207.378,1102.367,5985.378,AX4Z2,2,-49,-1474.195,1302.997,4723.550,AX4Z5,3,-49
192,pull,1.305,1.831e-4,1558.784,495.460,5985.473,CX4Z2,2,-49,1865.569,626.100,4723.390,CX4Z5,3,-49
193,pull,1.305,2.045e-4,-349.707,-1596.704,5985.319,BX4Z2,2,-49,-390.566,-1928.055,4723.299,BX4Z5,3,-49
194,pull,1.323,0.000e0,-1778.267,886.037,8148.868,AX2Z0,4,-49,-2200.147,1740.262,7230.476,AX2Z3,3,-49
195,pull,1.318,0.000e0,1093.028,-197.193,8998.865,CX1Z2,3,-49,2053.442,322.409,8261.600,CX1Z5,3,-49
196,pull,1.318,0.000e0,-374.744,1045.001,8998.779,AX1Z2,3,-49,-1304.790,1616.886,8261.219,AX1Z5,3,-49
197,pull,1.318,0.000e0,-716.615,-847.214,8998.705,BX1Z2,3,-49,-746.845,-1938.702,8261.251,BX1Z5,3,-49
198,pull,1.324,0.000e0,1657.182,1097.807,8148.863,CX2Z0,4,-49,2608.273,1036.123,7230.438,CX2Z3,3,-49
199,pull,1.324,0.000e0,122.811,-1983.205,8148.994,BX2Z0,4,-49,-406.135,-2776.014,7230.368,BX2Z3,3,-49
200,pull,1.319,0.000e0,1648.330,-413.325,7955.663,CX2Z4,3,-49,2182.723,-297.796,6755.537,CX2Z1,2,-49
201,pull,1.319,0.000e0,-464.955,1633.734,7955.891,AX2Z4,3,-49,-832.638,2038.434,6755.619,AX2Z1,2,-49
202,pull,1.319,0.000e0,-1181.498,-1219.924,7955.740,BX2Z4,3,-49,-1347.906,-1740.624,6755.377,BX2Z1,2,-49
203,pull,1.351,0.000e0,2973.686,931.609,3785.609,CX4YZ1,3,-49,2868.223,1497.525,5007.812,CX4Z3,1,+12
204,pull,1.351,0.000e0,-2292.993,2110.339,3785.895,AX4YZ1,3,-49,-2730.199,1735.667,5008.301,AX4Z3,1,+12
205,pull,1.351,0.000e0,-680.375,-3040.398,3785.495,BX4YZ1,3,-49,-137.184,-3232.103,5007.891,BX4Z3,1,+12
206,pull,1.349,0.000e0,2918.975,881.212,3771.557,CX4YZ1,2,-49,1940.985,627.160,4665.037,CX4Z5,1,+12
207,pull,1.349,0.000e0,-696.651,-2967.814,3771.432,BX4YZ1,2,-49,-427.392,-1993.911,4664.981,BX4Z5,1,+12
208,pull,1.349,0.000e0,-2221.999,2088.149,3771.815,AX4YZ1,2,-49,-1512.830,1367.804,4665.227,AX4Z5,1,+12
209,pull,1.345,2.380e-4,2982.519,854.817,3793.559,CX4YZ1,1,-49,3080.716,172.912,4948.614,CX4Z1,1,+12
210,pull,1.345,3.312e-4,-2230.909,2156.375,3793.847,AX4YZ1,1,-49,-1689.189,2582.167,4949.020,AX4Z1,1,+12
211,pull,1.345,3.988e-4,-751.281,-3009.654,3793.459,BX4YZ1,1,-49,-1390.839,-2753.726,4948.859,BX4Z1,1,+12
212,pull,1.393,7.677e-4,-704.106,-1166.015,6682.537,BX3Z4,3,-49,-989.674,-1903.999,5535.716,BX3Z1,3,-49
213,pull,1.393,7.676e-4,1363.120,-26.830,6682.459,CX3Z4,3,-49,2144.888,95.077,5535.542,CX3Z1,3,-49
214,pull,1.393,8.276e-4,-656.951,1193.565,6682.632,AX3Z4,3,-49,-1153.585,1809.910,5535.816,AX3Z1,3,-49
215,pull,1.400,0.000e0,-1514.691,2295.255,7237.092,AX3Z2,3,-68,-2170.565,2307.078,5999.915,AX3Z5,3,-49
216,pull,1.405,0.000e0,2745.963,164.856,7236.941,CX3Z2,3,-68,3088.939,729.576,5997.286,CX3Z5,4,-49
217,pull,1.405,0.000e0,-1229.546,-2459.730,7236.991,BX3Z2,3,-68,-912.339,-3038.944,5997.144,BX3Z5,4,-49
218,pull,1.409,5.002e-4,1774.434,1300.552,7064.915,CX3Z0,3,-49,2094.578,1254.897,5693.868,CX3Z3,2,-49
219,pull,1.409,5.439e-4,-2012.524,886.189,7064.903,AX3Z0,3,-49,-2133.074,1186.693,5693.901,AX3Z3,2,-49
220,pull,1.409,5.325e-4,239.858,-2186.199,7064.726,BX3Z0,3,-49,39.787,-2440.621,5693.688,BX3Z3,2,-49
221,pull,1.407,2.120e-4,42.505,-11.414,10955.367,YZ1,3,-49,827.471,-220.126,9806.889,Z3,1,+12
222,pull,1.402,3.014e-4,-29.804,-30.640,10949.373,YZ1,2,-49,-603.352,-606.011,9806.831,Z11,1,+12
223,pull,1.397,3.262e-4,-10.308,41.593,10943.380,YZ1,1,-49,-222.278,826.142,9806.993,Z7,1,+12
224,pull,1.448,0.000e0,60.995,-1286.410,9102.001,Z9,2,-30,856.422,-271.711,9761.764,Z3,4,-49
225,pull,1.448,0.000e0,1084.600,695.690,9102.168,Z1,2,-30,-192.083,877.011,9761.881,Z7,4,-49
226,pull,1.449,0.000e0,-1143.881,591.199,9101.935,Z5,2,-30,-662.512,-605.289,9761.713,Z11,4,-49
227,push-fea,1.831,-1.216e-4,2465.248,730.624,5510.842,CX4YZ0,3,90,2966.844,892.907,3757.608,CX4YZ1,3,90
228,push-fea,1.831,-4.915e-5,-1864.262,1769.808,5511.013,AX4YZ0,3,90,-2256.060,2123.767,3757.889,AX4YZ1,3,90
229,push-fea,1.831,-3.923e-5,-599.722,-2499.250,5510.755,BX4YZ0,3,90,-710.469,-3015.118,3757.495,BX4YZ1,3,90
230,push-fea,1.831,0.000e0,0.594,0.066,9145.620,YZ0,3,90,0.803,-0.156,10976.883,YZ1,3,90
231,push-fea,1.909,-2.970e-4,1567.940,509.297,6025.968,CX4Z2,4,90,2864.589,1521.524,5056.416,CX4Z3,4,90
232,push-fea,1.909,-2.773e-4,-1223.927,1103.370,6025.879,AX4Z2,4,90,-2749.152,1720.506,5056.905,AX4Z3,4,90
233,push-fea,1.910,-2.327e-4,-342.286,-1611.544,6025.814,BX4Z2,4,90,-114.576,-3240.950,5056.492,BX4Z3,4,90
234,push-fea,1.919,-2.760e-4,-1380.486,2386.412,6304.622,AX4Z4,4,90,-1483.686,1338.011,4700.075,AX4Z5,4,90
235,push-fea,1.920,-2.203e-4,-1375.156,-2388.833,6304.765,BX4Z4,4,90,-416.151,-1953.779,4699.831,BX4Z5,4,90
236,push-fea,1.920,-2.059e-4,2757.714,3.273,6304.225,CX4Z4,4,90,1900.626,616.810,4699.900,CX4Z5,4,90
237,push-fea,1.950,0.000e0,2565.133,1421.965,6375.867,CX4Z0,4,90,3084.953,145.903,4995.561,CX4Z1,4,90
238,push-fea,1.951,0.000e0,-50.710,-2931.527,6375.817,BX4Z0,4,90,-1416.334,-2743.892,4995.814,BX4Z1,4,90
239,push-fea,1.951,0.000e0,-2512.702,1510.311,6376.195,AX4Z0,4,90,-1667.911,2599.326,4995.969,AX4Z1,4,90
240,push-fea,1.982,-4.101e-5,-1979.600,898.665,7089.953,AX3Z0,4,90,-1192.740,1816.446,5518.752,AX3Z1,4,90
241,push-fea,1.982,-2.658e-5,212.592,-2163.930,7089.780,BX3Z0,4,90,-975.758,-1941.175,5518.647,BX3Z1,4,90
242,push-fea,1.983,-9.500e-6,1768.795,1265.797,7089.962,CX3Z0,4,90,2170.120,125.724,5518.479,CX3Z1,4,90
243,push-fea,1.990,0.000e0,473.674,957.633,8468.170,CX1Z0,4,90,1362.155,-208.917,7122.749,CX1Z1,4,90
244,push-fea,1.990,0.000e0,-1065.280,-69.013,8468.208,AX1Z0,4,90,-498.996,1283.880,7123.025,AX1Z1,4,90
245,push-fea,1.990,0.000e0,593.416,-888.336,8468.146,BX1Z0,4,90,-861.426,-1074.537,7122.979,BX1Z1,4,90
246,push-fea,1.999,-3.338e-4,1372.767,-11.488,6721.685,CX3Z4,4,90,3064.428,735.731,5961.898,CX3Z5,4,90
247,push-fea,2.000,-2.190e-4,-695.639,-1182.046,6721.759,BX3Z4,4,90,-894.762,-3020.792,5961.753,BX3Z5,4,90
248,push-fea,2.000,-2.120e-4,-675.058,1194.247,6721.859,AX3Z4,4,90,-2168.117,2286.061,5962.241,AX3Z5,4,90
249,push-fea,2.000,-2.652e-5,-469.126,1596.295,7977.057,AX2Z4,4,90,-1439.715,861.303,6390.384,AX2Z5,4,90
250,push-fea,2.000,-1.377e-5,1617.997,-390.998,7976.840,CX2Z4,4,90,1466.220,817.202,6390.301,CX2Z5,4,90
251,push-fea,2.000,0.000e0,-1146.995,-1204.812,7976.913,BX2Z4,4,90,-24.830,-1677.507,6390.282,BX2Z5,4,90
252,push-fea,2.010,-1.508e-4,-1500.102,2268.904,7256.204,AX3Z2,4,90,-2128.493,1217.356,5663.015,AX3Z3,4,90
253,push-fea,2.010,-7.449e-5,-1214.020,-2433.925,7256.109,BX3Z2,4,90,10.943,-2451.981,5662.799,BX3Z3,4,90
254,push-fea,2.010,-4.816e-5,2715.851,165.387,7256.058,CX3Z2,4,90,2118.836,1235.604,5662.973,CX3Z3,4,90
255,push-fea,2.030,0.000e0,701.581,370.739,7434.181,CX2Z2,4,90,2610.162,1018.869,7190.867,CX2Z3,4,90
256,push-fea,2.030,0.000e0,-670.437,421.697,7434.213,AX2Z2,4,90,-2186.150,1750.524,7190.905,AX2Z3,4,90
257,push-fea,2.031,0.000e0,-28.964,-791.811,7434.138,BX2Z2,4,90,-422.017,-2769.023,7190.796,BX2Z3,4,90
258,push-fea,2.031,0.000e0,228.027,403.463,7714.178,AX1Z4,4,90,-1316.811,1620.491,8219.872,AX1Z5,4,90
259,push-fea,2.031,0.000e0,-462.318,-4.536,7714.058,BX1Z4,4,90,-743.954,-1950.918,8219.906,BX1Z5,4,90
260,push-fea,2.031,0.000e0,236.091,-398.418,7714.062,CX1Z4,4,90,2062.583,331.022,8220.256,CX1Z5,4,90
261,push-fea,2.041,0.000e0,-1737.187,874.826,8157.685,AX2Z0,4,90,-864.564,2037.840,6725.693,AX2Z1,4,90
262,push-fea,2.041,0.000e0,111.981,-1942.021,8157.801,BX2Z0,4,90,-1331.419,-1767.971,6725.453,BX2Z1,4,90
263,push-fea,2.041,0.000e0,1626.935,1067.835,8157.680,CX2Z0,4,90,2198.174,-269.854,6725.609,CX2Z1,4,90
264,push-fea,2.050,0.000e0,-691.457,-812.124,8997.030,BX1Z2,4,90,254.518,-1626.953,7370.564,BX1Z3,4,90
265,push-fea,2.051,0.000e0,1050.060,-192.954,8997.185,CX1Z2,4,90,1282.856,1033.816,7370.590,CX1Z3,4,90
266,push-fea,2.051,0.000e0,-356.939,1005.666,8997.108,AX1Z2,4,90,-1535.798,593.771,7370.381,AX1Z3,4,90
267,push-fea,2.350,-2.026e-4,202.675,-658.748,7636.234,Z4,4,90,-1150.881,623.725,9065.714,Z5,4,90
268,push-fea,2.350,-1.777e-4,470.229,504.702,7636.199,Z8,4,90,36.323,-1308.734,9065.782,Z9,4,90
269,push-fea,2.350,-1.759e-4,-671.117,154.569,7636.292,Z0,4,90,1116.271,685.491,9065.948,Z1,4,90
270,push-fea,2.400,-1.818e-5,872.791,-678.682,8268.061,Z6,4,90,-225.276,849.203,9757.895,Z7,4,90
271,push-fea,2.400,-4.272e-6,-1023.568,-415.873,8268.227,Z2,4,90,848.934,-229.060,9757.787,Z3,4,90
272,push-fea,2.400,0.000e0,152.363,1095.029,8268.144,Z10,4,90,-621.831,-620.127,9757.731,Z11,4,90
273,pull-fea,0.274,0.000e0,202.675,-658.748,7636.234,Z4,4,90,236.091,-398.418,7714.062,CX1Z4,4,90
274,pull-fea,0.274,0.000e0,-671.117,154.569,7636.292,Z0,4,90,-462.318,-4.536,7714.058,BX1Z4,4,90
275,pull-fea,0.274,0.000e0,470.229,504.702,7636.199,Z8,4,90,228.027,403.463,7714.178,AX1Z4,4,90
276,pull-fea,0.335,0.000e0,-671.117,154.569,7636.292,Z0,4,90,-670.437,421.697,7434.213,AX2Z2,4,90
277,pull-fea,0.335,0.000e0,202.675,-658.748,7636.234,Z4,4,90,-28.964,-791.811,7434.138,BX2Z2,4,90
278,pull-fea,0.335,0.000e0,470.229,504.702,7636.199,Z8,4,90,701.581,370.739,7434.181,CX2Z2,4,90
279,pull-fea,0.403,0.000e0,872.791,-678.682,8268.061,Z6,4,90,593.416,-888.336,8468.146,BX1Z0,4,90
280,pull-fea,0.403,0.000e0,-1023.568,-415.873,8268.227,Z2,4,90,-1065.280,-69.013,8468.208,AX1Z0,4,90
281,pull-fea,0.403,0.000e0,152.363,1095.029,8268.144,Z10,4,90,473.674,957.633,8468.170,CX1Z0,4,90
282,pull-fea,0.447,9.245e-4,1362.155,-208.917,7122.749,CX1Z1,4,90,1372.767,-11.488,6721.685,CX3Z4,4,90
283,pull-fea,0.447,1.127e-3,-498.996,1283.880,7123.025,AX1Z1,4,90,-675.058,1194.247,6721.859,AX3Z4,4,90
284,pull-fea,0.447,1.229e-3,-861.426,-1074.537,7122.979,BX1Z1,4,90,-695.639,-1182.046,6721.759,BX3Z4,4,90
285,pull-fea,0.488,0.000e0,1466.220,817.202,6390.301,CX2Z5,4,90,1567.940,509.297,6025.968,CX4Z2,4,90
286,pull-fea,0.488,0.000e0,-24.830,-1677.507,6390.282,BX2Z5,4,90,-342.286,-1611.544,6025.814,BX4Z2,4,90
287,pull-fea,0.488,0.000e0,-1439.715,861.303,6390.384,AX2Z5,4,90,-1223.927,1103.370,6025.879,AX4Z2,4,90
288,pull-fea,0.607,0.000e0,-1535.798,593.771,7370.381,AX1Z3,4,90,-1979.600,898.665,7089.953,AX3Z0,4,90
289,pull-fea,0.607,0.000e0,1282.856,1033.816,7370.590,CX1Z3,4,90,1768.795,1265.797,7089.962,CX3Z0,4,90
290,pull-fea,0.607,0.000e0,254.518,-1626.953,7370.564,BX1Z3,4,90,212.592,-2163.930,7089.780,BX3Z0,4,90
291,pull-fea,0.751,1.041e-3,-1331.419,-1767.971,6725.453,BX2Z1,4,90,-1375.156,-2388.833,6304.765,BX4Z4,4,90
292,pull-fea,0.752,1.127e-3,-864.564,2037.840,6725.693,AX2Z1,4,90,-1380.486,2386.412,6304.622,AX4Z4,4,90
293,pull-fea,0.752,1.010e-3,2198.174,-269.854,6725.609,CX2Z1,4,90,2757.714,3.273,6304.225,CX4Z4,4,90
294,pull-fea,0.788,2.959e-4,848.934,-229.060,9757.787,Z3,4,90,1050.060,-192.954,8997.185,CX1Z2,4,90
295,pull-fea,0.788,2.440e-4,-621.831,-620.127,9757.731,Z11,4,90,-691.457,-812.124,8997.030,BX1Z2,4,90
296,pull-fea,0.788,1.856e-4,-225.276,849.203,9757.895,Z7,4,90,-356.939,1005.666,8997.108,AX1Z2,4,90
297,pull-fea,0.850,0.000e0,152.363,1095.029,8268.144,Z10,4,90,-469.126,1596.295,7977.057,AX2Z4,4,90
298,pull-fea,0.850,0.000e0,-1023.568,-415.873,8268.227,Z2,4,90,-1146.995,-1204.812,7976.913,BX2Z4,4,90
299,pull-fea,0.850,0.000e0,872.791,-678.682,8268.061,Z6,4,90,1617.997,-390.998,7976.840,CX2Z4,4,90
300,pull-fea,0.858,1.014e-3,111.981,-1942.021,8157.801,BX2Z0,4,90,-743.954,-1950.918,8219.906,BX1Z5,4,90
301,pull-fea,0.858,1.036e-3,1626.935,1067.835,8157.680,CX2Z0,4,90,2062.583,331.022,8220.256,CX1Z5,4,90
302,pull-fea,0.858,1.024e-3,-1737.187,874.826,8157.685,AX2Z0,4,90,-1316.811,1620.491,8219.872,AX1Z5,4,90
303,pull-fea,0.860,0.000e0,-1500.102,2268.904,7256.204,AX3Z2,4,90,-864.564,2037.840,6725.693,AX2Z1,4,90
304,pull-fea,0.860,0.000e0,2715.851,165.387,7256.058,CX3Z2,4,90,2198.174,-269.854,6725.609,CX2Z1,4,90
305,pull-fea,0.860,0.000e0,-1214.020,-2433.925,7256.109,BX3Z2,4,90,-1331.419,-1767.971,6725.453,BX2Z1,4,90
306,pull-fea,0.860,6.199e-4,1626.935,1067.835,8157.680,CX2Z0,4,90,1282.856,1033.816,7370.590,CX1Z3,4,90
307,pull-fea,0.860,7.745e-4,111.981,-1942.021,8157.801,BX2Z0,4,90,254.518,-1626.953,7370.564,BX1Z3,4,90
308,pull-fea,0.860,8.177e-4,-1737.187,874.826,8157.685,AX2Z0,4,90,-1535.798,593.771,7370.381,AX1Z3,4,90
309,pull-fea,0.861,0.000e0,-2512.702,1510.311,6376.195,AX4Z0,4,90,-2128.493,1217.356,5663.015,AX3Z3,4,90
310,pull-fea,0.861,0.000e0,2565.133,1421.965,6375.867,CX4Z0,4,90,2118.836,1235.604,5662.973,CX3Z3,4,90
311,pull-fea,0.861,0.000e0,-50.710,-2931.527,6375.817,BX4Z0,4,90,10.943,-2451.981,5662.799,BX3Z3,4,90
312,pull-fea,0.862,1.581e-4,-1500.102,2268.904,7256.204,AX3Z2,4,90,-2186.150,1750.524,7190.905,AX2Z3,4,90
313,pull-fea,0.862,2.881e-4,-1214.020,-2433.925,7256.109,BX3Z2,4,90,-422.017,-2769.023,7190.796,BX2Z3,4,90
314,pull-fea,0.862,3.118e-4,2715.851,165.387,7256.058,CX3Z2,4,90,2610.162,1018.869,7190.867,CX2Z3,4,90
315,pull-fea,0.865,0.000e0,-695.639,-1182.046,6721.759,BX3Z4,4,90,-1331.419,-1767.971,6725.453,BX2Z1,4,90
316,pull-fea,0.865,0.000e0,-675.058,1194.247,6721.859,AX3Z4,4,90,-864.564,2037.840,6725.693,AX2Z1,4,90
317,pull-fea,0.865,1.604e-4,-1380.486,2386.412,6304.622,AX4Z4,4,90,-2168.117,2286.061,5962.241,AX3Z5,4,90
318,pull-fea,0.865,2.468e-4,2757.714,3.273,6304.225,CX4Z4,4,90,3064.428,735.731,5961.898,CX3Z5,4,90
319,pull-fea,0.865,2.412e-4,-1375.156,-2388.833,6304.765,BX4Z4,4,90,-894.762,-3020.792,5961.753,BX3Z5,4,90
320,pull-fea,0.865,0.000e0,1372.767,-11.488,6721.685,CX3Z4,4,90,2198.174,-269.854,6725.609,CX2Z1,4,90
321,pull-fea,0.876,0.000e0,-1223.927,1103.370,6025.879,AX4Z2,4,90,-1192.740,1816.446,5518.752,AX3Z1,4,90
322,pull-fea,0.876,0.000e0,-342.286,-1611.544,6025.814,BX4Z2,4,90,-975.758,-1941.175,5518.647,BX3Z1,4,90
323,pull-fea,0.876,0.000e0,1567.940,509.297,6025.968,CX4Z2,4,90,2170.120,125.724,5518.479,CX3Z1,4,90
324,pull-fea,0.882,1.577e-4,-469.126,1596.295,7977.057,AX2Z4,4,90,-1316.811,1620.491,8219.872,AX1Z5,4,90
325,pull-fea,0.882,2.247e-4,-1146.995,-1204.812,7976.913,BX2Z4,4,90,-743.954,-1950.918,8219.906,BX1Z5,4,90
326,pull-fea,0.882,2.451e-4,1617.997,-390.998,7976.840,CX2Z4,4,90,2062.583,331.022,8220.256,CX1Z5,4,90
327,pull-fea,0.882,0.000e0,-1979.600,898.665,7089.953,AX3Z0,4,90,-2186.150,1750.524,7190.905,AX2Z3,4,90
328,pull-fea,0.883,0.000e0,1768.795,1265.797,7089.962,CX3Z0,4,90,2610.162,1018.869,7190.867,CX2Z3,4,90
329,pull-fea,0.883,0.000e0,212.592,-2163.930,7089.780,BX3Z0,4,90,-422.017,-2769.023,7190.796,BX2Z3,4,90
330,pull-fea,0.884,0.000e0,1050.060,-192.954,8997.185,CX1Z2,4,90,1116.271,685.491,9065.948,Z1,4,90
331,pull-fea,0.884,0.000e0,-356.939,1005.666,8997.108,AX1Z2,4,90,-1150.881,623.725,9065.714,Z5,4,90
332,pull-fea,0.884,0.000e0,-691.457,-812.124,8997.030,BX1Z2,4,90,36.323,-1308.734,9065.782,Z9,4,90
333,pull-fea,0.884,0.000e0,701.581,370.739,7434.181,CX2Z2,4,90,1282.856,1033.816,7370.590,CX1Z3,4,90
334,pull-fea,0.884,0.000e0,-28.964,-791.811,7434.138,BX2Z2,4,90,254.518,-1626.953,7370.564,BX1Z3,4,90
335,pull-fea,0.884,9.217e-4,-1979.600,898.665,7089.953,AX3Z0,4,90,-1439.715,861.303,6390.384,AX2Z5,4,90
336,pull-fea,0.884,9.170e-4,212.592,-2163.930,7089.780,BX3Z0,4,90,-24.830,-1677.507,6390.282,BX2Z5,4,90
337,pull-fea,0.884,9.485e-4,1768.795,1265.797,7089.962,CX3Z0,4,90,1466.220,817.202,6390.301,CX2Z5,4,90
338,pull-fea,0.885,0.000e0,-670.437,421.697,7434.213,AX2Z2,4,90,-1535.798,593.771,7370.381,AX1Z3,4,90
339,pull-fea,0.889,0.000e0,236.091,-398.418,7714.062,CX1Z4,4,90,872.791,-678.682,8268.061,Z6,4,90
340,pull-fea,0.889,0.000e0,228.027,403.463,7714.178,AX1Z4,4,90,152.363,1095.029,8268.144,Z10,4,90
341,pull-fea,0.890,0.000e0,-462.318,-4.536,7714.058,BX1Z4,4,90,-1023.568,-415.873,8268.227,Z2,4,90
342,pull-fea,0.894,6.124e-5,-691.457,-812.124,8997.030,BX1Z2,4,90,-1023.568,-415.873,8268.227,Z2,4,90
343,pull-fea,0.894,2.690e-4,-356.939,1005.666,8997.108,AX1Z2,4,90,152.363,1095.029,8268.144,Z10,4,90
344,pull-fea,0.894,3.843e-4,1050.060,-192.954,8997.185,CX1Z2,4,90,872.791,-678.682,8268.061,Z6,4,90
345,pull-fea,0.897,1.433e-3,1372.767,-11.488,6721.685,CX3Z4,4,90,1466.220,817.202,6390.301,CX2Z5,4,90
346,pull-fea,0.897,1.467e-3,-695.639,-1182.046,6721.759,BX3Z4,4,90,-24.830,-1677.507,6390.282,BX2Z5,4,90
347,pull-fea,0.897,1.507e-3,-675.058,1194.247,6721.859,AX3Z4,4,90,-1439.715,861.303,6390.384,AX2Z5,4,90
348,pull-fea,0.910,1.535e-3,-1146.995,-1204.812,7976.913,BX2Z4,4,90,-861.426,-1074.537,7122.979,BX1Z1,4,90
349,pull-fea,0.910,1.608e-3,-469.126,1596.295,7977.057,AX2Z4,4,90,-498.996,1283.880,7123.025,AX1Z1,4,90
350,pull-fea,0.910,1.759e-3,1617.997,-390.998,7976.840,CX2Z4,4,90,1362.155,-208.917,7122.749,CX1Z1,4,90
351,pull-fea,0.910,0.000e0,-2186.150,1750.524,7190.905,AX2Z3,4,90,-2512.702,1510.311,6376.195,AX4Z0,4,90
352,pull-fea,0.910,0.000e0,-422.017,-2769.023,7190.796,BX2Z3,4,90,-50.710,-2931.527,6375.817,BX4Z0,4,90
353,pull-fea,0.910,0.000e0,2610.162,1018.869,7190.867,CX2Z3,4,90,2565.133,1421.965,6375.867,CX4Z0,4,90
354,pull-fea,0.919,2.682e-4,-1065.280,-69.013,8468.208,AX1Z0,4,90,-1150.881,623.725,9065.714,Z5,4,90
355,pull-fea,0.919,2.822e-4,593.416,-888.336,8468.146,BX1Z0,4,90,36.323,-1308.734,9065.782,Z9,4,90
356,pull-fea,0.919,3.168e-4,473.674,957.633,8468.170,CX1Z0,4,90,1116.271,685.491,9065.948,Z1,4,90
357,pull-fea,0.932,4.691e-4,701.581,370.739,7434.181,CX2Z2,4,90,1362.155,-208.917,7122.749,CX1Z1,4,90
358,pull-fea,0.933,5.917e-4,-670.437,421.697,7434.213,AX2Z2,4,90,-498.996,1283.880,7123.025,AX1Z1,4,90
359,pull-fea,0.933,6.651e-4,-28.964,-791.811,7434.138,BX2Z2,4,90,-861.426,-1074.537,7122.979,BX1Z1,4,90
360,pull-fea,0.936,0.000e0,-462.318,-4.536,7714.058,BX1Z4,4,90,202.675,-658.748,7636.234,Z4,4,90
361,pull-fea,0.936,0.000e0,228.027,403.463,7714.178,AX1Z4,4,90,-671.117,154.569,7636.292,Z0,4,90
362,pull-fea,0.936,0.000e0,236.091,-398.418,7714.062,CX1Z4,4,90,470.229,504.702,7636.199,Z8,4,90
363,pull-fea,0.944,3.527e-4,2565.133,1421.965,6375.867,CX4Z0,4,90,3064.428,735.731,5961.898,CX3Z5,4,90
364,pull-fea,0.944,4.603e-4,-50.710,-2931.527,6375.817,BX4Z0,4,90,-894.762,-3020.792,5961.753,BX3Z5,4,90
365,pull-fea,0.944,4.645e-4,-2512.702,1510.311,6376.195,AX4Z0,4,90,-2168.117,2286.061,5962.241,AX3Z5,4,90
366,pull-fea,0.947,8.970e-4,473.674,957.633,8468.170,CX1Z0,4,90,470.229,504.702,7636.199,Z8,4,90
367,pull-fea,0.947,9.507e-4,-1065.280,-69.013,8468.208,AX1Z0,4,90,-671.117,154.569,7636.292,Z0,4,90
368,pull-fea,0.947,9.699e-4,593.416,-888.336,8468.146,BX1Z0,4,90,202.675,-658.748,7636.234,Z4,4,90
369,pull-fea,0.981,0.000e0,1567.940,509.297,6025.968,CX4Z2,4,90,2118.836,1235.604,5662.973,CX3Z3,4,90
370,pull-fea,0.981,0.000e0,-342.286,-1611.544,6025.814,BX4Z2,4,90,10.943,-2451.981,5662.799,BX3Z3,4,90
371,pull-fea,0.981,0.000e0,-1223.927,1103.370,6025.879,AX4Z2,4,90,-2128.493,1217.356,5663.015,AX3Z3,4,90
372,pull-fea,0.989,6.973e-4,2757.714,3.273,6304.225,CX4Z4,4,90,2170.120,125.724,5518.479,CX3Z1,4,90
373,pull-fea,0.989,7.310e-4,-1380.486,2386.412,6304.622,AX4Z4,4,90,-1192.740,1816.446,5518.752,AX3Z1,4,90
374,pull-fea,0.989,7.999e-4,-1375.156,-2388.833,6304.765,BX4Z4,4,90,-975.758,-1941.175,5518.647,BX3Z1,4,90
375,pull-fea,0.992,9.733e-4,-975.758,-1941.175,5518.647,BX3Z1,4,90,-416.151,-1953.779,4699.831,BX4Z5,4,90
376,pull-fea,0.992,8.713e-4,-1192.740,1816.446,5518.752,AX3Z1,4,90,-1483.686,1338.011,4700.075,AX4Z5,4,90
377,pull-fea,0.992,9.440e-4,2170.120,125.724,5518.479,CX3Z1,4,90,1900.626,616.810,4699.900,CX4Z5,4,90
378,pull-fea,0.994,0.000e0,-599.722,-2499.250,5510.755,BX4YZ0,3,90,-416.151,-1953.779,4699.831,BX4Z5,4,90
379,pull-fea,0.994,0.000e0,-1864.262,1769.808,5511.013,AX4YZ0,3,90,-1483.686,1338.011,4700.075,AX4Z5,4,90
380,pull-fea,0.995,0.000e0,2465.248,730.624,5510.842,CX4YZ0,3,90,1900.626,616.810,4699.900,CX4Z5,4,90
381,pull-fea,0.996,0.000e0,2465.248,730.624,5510.842,CX4YZ0,3,90,3084.953,145.903,4995.561,CX4Z1,4,90
382,pull-fea,0.996,0.000e0,2465.248,730.624,5510.842,CX4YZ0,3,90,2864.589,1521.524,5056.416,CX4Z3,4,90
383,pull-fea,0.996,0.000e0,-1864.262,1769.808,5511.013,AX4YZ0,3,90,-2749.152,1720.506,5056.905,AX4Z3,4,90
384,pull-fea,0.996,0.000e0,-599.722,-2499.250,5510.755,BX4YZ0,3,90,-114.576,-3240.950,5056.492,BX4Z3,4,90
385,pull-fea,0.996,1.379e-4,-599.722,-2499.250,5510.755,BX4YZ0,3,90,-1416.334,-2743.892,4995.814,BX4Z1,4,90
386,pull-fea,0.996,1.935e-4,-1864.262,1769.808,5511.013,AX4YZ0,3,90,-1667.911,2599.326,4995.969,AX4Z1,4,90
387,pull-fea,1.003,0.000e0,-2128.493,1217.356,5663.015,AX3Z3,4,90,-2749.152,1720.506,5056.905,AX4Z3,4,90
388,pull-fea,1.003,0.000e0,2118.836,1235.604,5662.973,CX3Z3,4,90,2864.589,1521.524,5056.416,CX4Z3,4,90
389,pull-fea,1.003,0.000e0,10.943,-2451.981,5662.799,BX3Z3,4,90,-114.576,-3240.950,5056.492,BX4Z3,4,90
390,pull-fea,1.071,7.164e-4,0.594,0.066,9145.620,YZ0,3,90,-621.831,-620.127,9757.731,Z11,4,90
391,pull-fea,1.071,7.959e-4,0.594,0.066,9145.620,YZ0,3,90,848.934,-229.060,9757.787,Z3,4,90
392,pull-fea,1.071,8.070e-4,0.594,0.066,9145.620,YZ0,3,90,-225.276,849.203,9757.895,Z7,4,90
393,pull-fea,1.110,0.000e0,36.323,-1308.734,9065.782,Z9,4,90,111.981,-1942.021,8157.801,BX2Z0,4,90
394,pull-fea,1.110,0.000e0,-1150.881,623.725,9065.714,Z5,4,90,-1737.187,874.826,8157.685,AX2Z0,4,90
395,pull-fea,1.110,0.000e0,1116.271,685.491,9065.948,Z1,4,90,1626.935,1067.835,8157.680,CX2Z0,4,90
396,pull-fea,1.132,0.000e0,-894.762,-3020.792,5961.753,BX3Z5,4,90,-1416.334,-2743.892,4995.814,BX4Z1,4,90
397,pull-fea,1.132,0.000e0,-2168.117,2286.061,5962.241,AX3Z5,4,90,-1667.911,2599.326,4995.969,AX4Z1,4,90
398,pull-fea,1.132,0.000e0,3064.428,735.731,5961.898,CX3Z5,4,90,3084.953,145.903,4995.561,CX4Z1,4,90
399,pull-fea,1.176,0.000e0,-1316.811,1620.491,8219.872,AX1Z5,4,90,-1500.102,2268.904,7256.204,AX3Z2,4,90
400,pull-fea,1.176,0.000e0,-743.954,-1950.918,8219.906,BX1Z5,4,90,-1214.020,-2433.925,7256.109,BX3Z2,4,90
401,pull-fea,1.176,0.000e0,2062.583,331.022,8220.256,CX1Z5,4,90,2715.851,165.387,7256.058,CX3Z2,4,90
402,pull-fea,1.286,0.000e0,228.027,403.463,7714.178,AX1Z4,4,90,-498.996,1283.880,7123.025,AX1Z1,4,90
403,pull-fea,1.286,0.000e0,-462.318,-4.536,7714.058,BX1Z4,4,90,-861.426,-1074.537,7122.979,BX1Z1,4,90
404,pull-fea,1.286,0.000e0,236.091,-398.418,7714.062,CX1Z4,4,90,1362.155,-208.917,7122.749,CX1Z1,4,90
405,pull-fea,1.356,0.000e0,2757.714,3.273,6304.225,CX4Z4,4,90,3084.953,145.903,4995.561,CX4Z1,4,90
406,pull-fea,1.357,0.000e0,-50.710,-2931.527,6375.817,BX4Z0,4,90,-114.576,-3240.950,5056.492,BX4Z3,4,90
407,pull-fea,1.357,0.000e0,-1380.486,2386.412,6304.622,AX4Z4,4,90,-1667.911,2599.326,4995.969,AX4Z1,4,90
408,pull-fea,1.357,0.000e0,2565.133,1421.965,6375.867,CX4Z0,4,90,2864.589,1521.524,5056.416,CX4Z3,4,90
409,pull-fea,1.357,0.000e0,-2512.702,1510.311,6376.195,AX4Z0,4,90,-2749.152,1720.506,5056.905,AX4Z3,4,90
410,pull-fea,1.357,0.000e0,-1375.156,-2388.833,6304.765,BX4Z4,4,90,-1416.334,-2743.892,4995.814,BX4Z1,4,90
411,pull-fea,1.366,0.000e0,593.416,-888.336,8468.146,BX1Z0,4,90,254.518,-1626.953,7370.564,BX1Z3,4,90
412,pull-fea,1.366,0.000e0,473.674,957.633,8468.170,CX1Z0,4,90,1282.856,1033.816,7370.590,CX1Z3,4,90
413,pull-fea,1.366,0.000e0,-1065.280,-69.013,8468.208,AX1Z0,4,90,-1535.798,593.771,7370.381,AX1Z3,4,90
414,pull-fea,1.369,0.000e0,701.581,370.739,7434.181,CX2Z2,4,90,1466.220,817.202,6390.301,CX2Z5,4,90
415,pull-fea,1.369,5.399e-6,-28.964,-791.811,7434.138,BX2Z2,4,90,-24.830,-1677.507,6390.282,BX2Z5,4,90
416,pull-fea,1.369,1.535e-4,-670.437,421.697,7434.213,AX2Z2,4,90,-1439.715,861.303,6390.384,AX2Z5,4,90
417,pull-fea,1.371,7.877e-5,-1223.927,1103.370,6025.879,AX4Z2,4,90,-1483.686,1338.011,4700.075,AX4Z5,4,90
418,pull-fea,1.371,1.831e-4,1567.940,509.297,6025.968,CX4Z2,4,90,1900.626,616.810,4699.900,CX4Z5,4,90
419,pull-fea,1.371,2.045e-4,-342.286,-1611.544,6025.814,BX4Z2,4,90,-416.151,-1953.779,4699.831,BX4Z5,4,90
420,pull-fea,1.380,0.000e0,-1737.187,874.826,8157.685,AX2Z0,4,90,-2186.150,1750.524,7190.905,AX2Z3,4,90
421,pull-fea,1.380,0.000e0,1050.060,-192.954,8997.185,CX1Z2,4,90,2062.583,331.022,8220.256,CX1Z5,4,90
422,pull-fea,1.380,0.000e0,-356.939,1005.666,8997.108,AX1Z2,4,90,-1316.811,1620.491,8219.872,AX1Z5,4,90
423,pull-fea,1.380,0.000e0,-691.457,-812.124,8997.030,BX1Z2,4,90,-743.954,-1950.918,8219.906,BX1Z5,4,90
424,pull-fea,1.380,0.000e0,1626.935,1067.835,8157.680,CX2Z0,4,90,2610.162,1018.869,7190.867,CX2Z3,4,90
425,pull-fea,1.380,0.000e0,111.981,-1942.021,8157.801,BX2Z0,4,90,-422.017,-2769.023,7190.796,BX2Z3,4,90
426,pull-fea,1.385,0.000e0,1617.997,-390.998,7976.840,CX2Z4,4,90,2198.174,-269.854,6725.609,CX2Z1,4,90
427,pull-fea,1.385,0.000e0,-469.126,1596.295,7977.057,AX2Z4,4,90,-864.564,2037.840,6725.693,AX2Z1,4,90
428,pull-fea,1.385,0.000e0,-1146.995,-1204.812,7976.913,BX2Z4,4,90,-1331.419,-1767.971,6725.453,BX2Z1,4,90
429,pull-fea,1.447,0.000e0,2966.844,892.907,3757.608,CX4YZ1,3,90,2864.589,1521.524,5056.416,CX4Z3,4,90
430,pull-fea,1.447,0.000e0,-2256.060,2123.767,3757.889,AX4YZ1,3,90,-2749.152,1720.506,5056.905,AX4Z3,4,90
431,pull-fea,1.447,0.000e0,-710.469,-3015.118,3757.495,BX4YZ1,3,90,-114.576,-3240.950,5056.492,BX4Z3,4,90
432,pull-fea,1.449,0.000e0,2966.844,892.907,3757.608,CX4YZ1,3,90,1900.626,616.810,4699.900,CX4Z5,4,90
433,pull-fea,1.450,0.000e0,-710.469,-3015.118,3757.495,BX4YZ1,3,90,-416.151,-1953.779,4699.831,BX4Z5,4,90
434,pull-fea,1.450,0.000e0,-2256.060,2123.767,3757.889,AX4YZ1,3,90,-1483.686,1338.011,4700.075,AX4Z5,4,90
435,pull-fea,1.450,7.677e-4,-695.639,-1182.046,6721.759,BX3Z4,4,90,-975.758,-1941.175,5518.647,BX3Z1,4,90
436,pull-fea,1.450,7.676e-4,1372.767,-11.488,6721.685,CX3Z4,4,90,2170.120,125.724,5518.479,CX3Z1,4,90
437,pull-fea,1.450,8.276e-4,-675.058,1194.247,6721.859,AX3Z4,4,90,-1192.740,1816.446,5518.752,AX3Z1,4,90
438,pull-fea,1.451,2.380e-4,2966.844,892.907,3757.608,CX4YZ1,3,90,3084.953,145.903,4995.561,CX4Z1,4,90
439,pull-fea,1.451,3.312e-4,-2256.060,2123.767,3757.889,AX4YZ1,3,90,-1667.911,2599.326,4995.969,AX4Z1,4,90
440,pull-fea,1.451,3.988e-4,-710.469,-3015.118,3757.495,BX4YZ1,3,90,-1416.334,-2743.892,4995.814,BX4Z1,4,90
441,pull-fea,1.456,0.000e0,-1500.102,2268.904,7256.204,AX3Z2,4,90,-2168.117,2286.061,5962.241,AX3Z5,4,90
442,pull-fea,1.457,0.000e0,2715.851,165.387,7256.058,CX3Z2,4,90,3064.428,735.731,5961.898,CX3Z5,4,90
443,pull-fea,1.457,0.000e0,-1214.020,-2433.925,7256.109,BX3Z2,4,90,-894.762,-3020.792,5961.753,BX3Z5,4,90
444,pull-fea,1.470,5.002e-4,1768.795,1265.797,7089.962,CX3Z0,4,90,2118.836,1235.604,5662.973,CX3Z3,4,90
445,pull-fea,1.470,5.439e-4,-1979.600,898.665,7089.953,AX3Z0,4,90,-2128.493,1217.356,5663.015,AX3Z3,4,90
446,pull-fea,1.470,5.325e-4,212.592,-2163.930,7089.780,BX3Z0,4,90,10.943,-2451.981,5662.799,BX3Z3,4,90
447,pull-fea,1.503,2.120e-4,0.803,-0.156,10976.883,YZ1,3,90,848.934,-229.060,9757.787,Z3,4,90
448,pull-fea,1.503,3.014e-4,0.803,-0.156,10976.883,YZ1,3,90,-621.831,-620.127,9757.731,Z11,4,90
449,pull-fea,1.503,3.262e-4,0.803,-0.156,10976.883,YZ1,3,90,-225.276,849.203,9757.895,Z7,4,90
450,pull-fea,1.518,0.000e0,36.323,-1308.734,9065.782,Z9,4,90,848.934,-229.060,9757.787,Z3,4,90
451,pull-fea,1.518,0.000e0,1116.271,685.491,9065.948,Z1,4,90,-225.276,849.203,9757.895,Z7,4,90
452,pull-fea,1.519,0.000e0,-1150.881,623.725,9065.714,Z5,4,90,-621.831,-620.127,9757.731,Z11,4,90
453,axial,0.008,0.000e0,228.027,403.463,7714.178,AX1Z4,0,90,234.494,398.369,7712.062,AX1Z4,1,90
454,radial,0.025,0.000e0,234.494,398.369,7712.062,AX1Z4,1,0.000,248.489,417.980,7707.617,AX1Z4,1,0.000
455,hinge,0.028,0.000e0,248.489,417.980,7707.617,AX1Z4,1,0.000,273.430,429.197,7699.591,AX1Z4,1,0.000
456,axial,0.006,0.000e0,234.494,398.369,7712.062,AX1Z4,1,90,239.059,394.773,7710.567,AX1Z4,2,90
457,radial,0.024,0.000e0,239.059,394.773,7710.567,AX1Z4,2,0.000,238.593,403.665,7687.743,AX1Z4,2,0.000
458,hinge,0.029,0.000e0,238.593,403.665,7687.743,AX1Z4,2,0.000,221.874,423.343,7675.680,AX1Z4,2,0.000
459,axial,0.006,0.000e0,239.059,394.773,7710.567,AX1Z4,2,90,243.623,391.177,7709.073,AX1Z4,3,90
460,radial,0.024,0.000e0,243.623,391.177,7709.073,AX1Z4,3,0.000,258.328,403.518,7724.294,AX1Z4,3,0.000
461,hinge,0.029,0.000e0,258.328,403.518,7724.294,AX1Z4,3,0.000,253.187,425.827,7741.268,AX1Z4,3,0.000
462,axial,0.006,0.000e0,243.623,391.177,7709.073,AX1Z4,3,90,248.188,387.581,7707.579,AX1Z4,4,90
463,radial,0.024,0.000e0,248.188,387.581,7707.579,AX1Z4,4,0.000,232.294,370.093,7701.113,AX1Z4,4,0.000
464,hinge,0.029,0.000e0,232.294,370.093,7701.113,AX1Z4,4,0.000,205.442,361.015,7698.147,AX1Z4,4,0.000
465,axial,0.008,0.000e0,-356.939,1005.666,8997.108,AX1Z2,0,90,-352.053,1007.373,9003.851,AX1Z2,1,90
466,radial,0.025,0.000e0,-352.053,1007.373,9003.851,AX1Z2,1,0.000,-365.204,991.715,9017.347,AX1Z2,1,0.000
467,hinge,0.028,0.000e0,-365.204,991.715,9017.347,AX1Z2,1,0.000,-362.877,984.086,9044.707,AX1Z2,1,0.000
468,axial,0.006,0.000e0,-352.053,1007.373,9003.851,AX1Z2,1,90,-348.604,1008.578,9008.610,AX1Z2,2,90
469,radial,0.025,0.000e0,-348.604,1008.578,9008.610,AX1Z2,2,0.000,-329.553,1012.690,8993.764,AX1Z2,2,0.000
470,hinge,0.028,0.000e0,-329.553,1012.690,8993.764,AX1Z2,2,0.000,-311.283,1016.177,8972.171,AX1Z2,2,0.000
471,axial,0.006,0.000e0,-348.604,1008.578,9008.610,AX1Z2,2,90,-345.155,1009.784,9013.369,AX1Z2,3,90
472,radial,0.025,0.000e0,-345.155,1009.784,9013.369,AX1Z2,3,0.000,-354.924,1032.208,9014.771,AX1Z2,3,0.000
473,hinge,0.028,0.000e0,-354.924,1032.208,9014.771,AX1Z2,3,0.000,-374.744,1045.001,8998.779,AX1Z2,3,0.000
474,axial,0.006,0.000e0,-345.155,1009.784,9013.369,AX1Z2,3,90,-341.706,1010.989,9018.129,AX1Z2,4,90
475,radial,0.025,0.000e0,-341.706,1010.989,9018.129,AX1Z2,4,0.000,-358.816,1001.562,9032.916,AX1Z2,4,0.000
476,hinge,0.029,0.000e0,-358.816,1001.562,9032.916,AX1Z2,4,0.000,-384.245,989.204,9036.509,AX1Z2,4,0.000
477,axial,0.008,0.000e0,-469.126,1596.295,7977.057,AX2Z4,0,90,-465.001,1599.418,7983.800,AX2Z4,1,90
478,radial,0.025,0.000e0,-465.001,1599.418,7983.800,AX2Z4,1,0.000,-450.701,1579.530,7984.266,AX2Z4,1,0.000
479,hinge,0.029,0.000e0,-450.701,1579.530,7984.266,AX2Z4,1,0.000,-429.380,1564.731,7996.041,AX2Z4,1,0.000
480,axial,0.006,0.000e0,-465.001,1599.418,7983.800,AX2Z4,1,90,-462.089,1601.624,7988.561,AX2Z4,2,90
481,radial,0.025,0.000e0,-462.089,1601.624,7988.561,AX2Z4,2,0.000,-441.015,1600.698,7976.099,AX2Z4,2,0.000
482,hinge,0.028,0.000e0,-441.015,1600.698,7976.099,AX2Z4,2,0.000,-444.656,1590.583,7949.704,AX2Z4,2,0.000
483,axial,0.006,0.000e0,-462.089,1601.624,7988.561,AX2Z4,2,90,-459.177,1603.829,7993.321,AX2Z4,3,90
484,radial,0.024,0.000e0,-459.177,1603.829,7993.321,AX2Z4,3,0.000,-456.534,1625.273,7981.771,AX2Z4,3,0.000
485,hinge,0.028,0.000e0,-456.534,1625.273,7981.771,AX2Z4,3,0.000,-464.955,1633.734,7955.891,AX2Z4,3,0.000
486,axial,0.006,0.000e0,-459.177,1603.829,7993.321,AX2Z4,3,90,-456.265,1606.034,7998.081,AX2Z4,4,90
487,radial,0.024,0.000e0,-456.265,1606.034,7998.081,AX2Z4,4,0.000,-477.593,1608.931,8009.785,AX2Z4,4,0.000
488,hinge,0.028,0.000e0,-477.593,1608.931,8009.785,AX2Z4,4,0.000,-504.736,1610.050,8018.401,AX2Z4,4,0.000
489,axial,0.008,0.000e0,-864.564,2037.840,6725.693,AX2Z1,0,90,-860.929,2042.685,6719.729,AX2Z1,1,90
490,radial,0.025,0.000e0,-860.929,2042.685,6719.729,AX2Z1,1,0.000,-883.076,2049.428,6711.710,AX2Z1,1,0.000
491,hinge,0.028,0.000e0,-883.076,2049.428,6711.710,AX2Z1,1,0.000,-899.294,2064.342,6693.633,AX2Z1,1,0.000
492,axial,0.006,0.000e0,-860.929,2042.685,6719.729,AX2Z1,1,90,-858.364,2046.104,6715.519,AX2Z1,2,90
493,radial,0.024,0.000e0,-858.364,2046.104,6715.519,AX2Z1,2,0.000,-838.557,2048.706,6729.702,AX2Z1,2,0.000
494,hinge,0.028,0.000e0,-838.557,2048.706,6729.702,AX2Z1,2,0.000,-832.638,2038.434,6755.619,AX2Z1,2,0.000
495,axial,0.006,0.000e0,-858.364,2046.104,6715.519,AX2Z1,2,90,-855.798,2049.523,6711.309,AX2Z1,3,90
496,radial,0.024,0.000e0,-855.798,2049.523,6711.309,AX2Z1,3,0.000,-870.583,2068.092,6717.379,AX2Z1,3,0.000
497,hinge,0.028,0.000e0,-870.583,2068.092,6717.379,AX2Z1,3,0.000,-891.571,2078.677,6733.495,AX2Z1,3,0.000
498,axial,0.006,0.000e0,-855.798,2049.523,6711.309,AX2Z1,3,90,-853.233,2052.943,6707.098,AX2Z1,4,90
499,radial,0.025,0.000e0,-853.233,2052.943,6707.098,AX2Z1,4,0.000,-841.772,2033.251,6698.089,AX2Z1,4,0.000
500,hinge,0.028,0.000e0,-841.772,2033.251,6698.089,AX2Z1,4,0.000,-836.320,2005.293,6699.012,AX2Z1,4,0.000
501,axial,0.009,0.000e0,-600.962,-2505.025,5491.125,BX4YZ0,0,90,-600.447,-2502.630,5499.264,BX4YZ0,1,90
502,radial,0.024,0.000e0,-600.447,-2502.630,5499.264,BX4YZ0,1,0.000,-624.744,-2504.886,5501.462,BX4YZ0,1,0.000
503,hinge,0.028,0.000e0,-624.744,-2504.886,5501.462,BX4YZ0,1,0.000,-650.083,-2511.173,5490.032,BX4YZ0,1,0.000
504,axial,0.006,0.000e0,-600.447,-2502.630,5499.264,BX4YZ0,1,90,-600.084,-2500.940,5505.010,BX4YZ0,2,90
505,radial,0.024,0.000e0,-600.084,-2500.940,5505.010,BX4YZ0,2,0.000,-593.191,-2478.507,5497.974,BX4YZ0,2,0.000
506,hinge,0.028,0.000e0,-593.191,-2478.507,5497.974,BX4YZ0,2,0.000,-587.109,-2459.923,5477.241,BX4YZ0,2,0.000
507,axial,0.006,0.000e0,-600.084,-2500.940,5505.010,BX4YZ0,2,90,-599.722,-2499.250,5510.755,BX4YZ0,3,90
508,radial,0.024,0.000e0,-599.722,-2499.250,5510.755,BX4YZ0,3,0.000,-583.391,-2517.024,5514.954,BX4YZ0,3,0.000
509,hinge,0.029,0.000e0,-583.391,-2517.024,5514.954,BX4YZ0,3,0.000,-567.802,-2538.946,5505.538,BX4YZ0,3,0.000
510,axial,0.009,0.000e0,872.791,-678.682,8268.061,Z6,0,90,876.680,-684.094,8262.784,Z6,1,90
511,radial,0.024,0.000e0,876.680,-684.094,8262.784,Z6,1,0.000,895.223,-668.285,8260.238,Z6,1,0.000
512,hinge,0.029,0.000e0,895.223,-668.285,8260.238,Z6,1,0.000,920.424,-661.431,8248.828,Z6,1,0.000
513,axial,0.006,0.000e0,876.680,-684.094,8262.784,Z6,1,90,879.425,-687.913,8259.060,Z6,2,90
514,radial,0.024,0.000e0,879.425,-687.913,8259.060,Z6,2,0.000,900.095,-685.699,8272.024,Z6,2,0.000
515,hinge,0.029,0.000e0,900.095,-685.699,8272.024,Z6,2,0.000,906.029,-670.316,8295.271,Z6,2,0.000
516,axial,0.006,0.000e0,879.425,-687.913,8259.060,Z6,2,90,882.170,-691.733,8255.335,Z6,3,90
517,radial,0.024,0.000e0,882.170,-691.733,8255.335,Z6,3,0.000,866.053,-686.163,8237.743,Z6,3,0.000
518,hinge,0.029,0.000e0,866.053,-686.163,8237.743,Z6,3,0.000,845.003,-676.052,8221.405,Z6,3,0.000
519,axial,0.006,0.000e0,882.170,-691.733,8255.335,Z6,3,90,884.915,-695.553,8251.609,Z6,4,90
520,radial,0.025,0.000e0,884.915,-695.553,8251.609,Z6,4,0.000,870.577,-713.713,8259.665,Z6,4,0.000
521,hinge,0.028,0.000e0,870.577,-713.713,8259.665,Z6,4,0.000,849.613,-722.935,8276.627,Z6,4,0.000
522,axial,0.009,0.000e0,1466.220,817.202,6390.301,CX2Z5,0,90,1465.575,822.337,6383.558,CX2Z5,1,90
523,radial,0.025,0.000e0,1465.575,822.337,6383.558,CX2Z5,1,0.000,1471.155,803.618,6368.769,CX2Z5,1,0.000
524,hinge,0.029,0.000e0,1471.155,803.618,6368.769,CX2Z5,1,0.000,1477.055,785.899,6347.240,CX2Z5,1,0.000
525,axial,0.006,0.000e0,1465.575,822.337,6383.558,CX2Z5,1,90,1465.120,825.962,6378.798,CX2Z5,2,90
526,radial,0.025,0.000e0,1465.120,825.962,6378.798,CX2Z5,2,0.000,1441.905,830.961,6384.826,CX2Z5,2,0.000
527,hinge,0.028,0.000e0,1441.905,830.961,6384.826,CX2Z5,2,0.000,1425.821,821.783,6406.489,CX2Z5,2,0.000
528,axial,0.006,0.000e0,1465.120,825.962,6378.798,CX2Z5,2,90,1464.664,829.586,6374.039,CX2Z5,3,90
529,radial,0.024,0.000e0,1464.664,829.586,6374.039,CX2Z5,3,0.000,1472.913,848.314,6387.511,CX2Z5,3,0.000
530,hinge,0.029,0.000e0,1472.913,848.314,6387.511,CX2Z5,3,0.000,1482.304,858.571,6412.387,CX2Z5,3,0.000
531,axial,0.006,0.000e0,1464.664,829.586,6374.039,CX2Z5,3,90,1464.209,833.211,6369.279,CX2Z5,4,90
532,radial,0.024,0.000e0,1464.209,833.211,6369.279,CX2Z5,4,0.000,1456.554,814.348,6355.646,CX2Z5,4,0.000
533,hinge,0.029,0.000e0,1456.554,814.348,6355.646,CX2Z5,4,0.000,1455.224,790.165,6370.668,CX2Z5,4,0.000
534,axial,0.009,0.000e0,-621.831,-620.127,9757.731,Z11,0,90,-624.573,-626.201,9763.007,Z11,1,90
535,radial,0.025,0.000e0,-624.573,-626.201,9763.007,Z11,1,0.000,-613.753,-614.776,9781.786,Z11,1,0.000
536,hinge,0.029,0.000e0,-613.753,-614.776,9781.786,Z11,1,0.000,-603.352,-606.011,9806.831,Z11,1,0.000
537,axial,0.006,0.000e0,-624.573,-626.201,9763.007,Z11,1,90,-626.509,-630.489,9766.731,Z11,2,90
538,radial,0.024,0.000e0,-626.509,-630.489,9766.731,Z11,2,0.000,-632.284,-644.562,9747.526,Z11,2,0.000
539,hinge,0.029,0.000e0,-632.284,-644.562,9747.526,Z11,2,0.000,-633.505,-648.556,9719.334,Z11,2,0.000
540,axial,0.006,0.000e0,-626.509,-630.489,9766.731,Z11,2,90,-628.444,-634.777,9770.455,Z11,3,90
541,radial,0.024,0.000e0,-628.444,-634.777,9770.455,Z11,3,0.000,-605.441,-642.733,9773.251,Z11,3,0.000
542,hinge,0.028,0.000e0,-605.441,-642.733,9773.251,Z11,3,0.000,-586.893,-627.315,9758.068,Z11,3,0.000
543,axial,0.006,0.000e0,-628.444,-634.777,9770.455,Z11,3,90,-630.380,-639.065,9774.179,Z11,4,90
544,radial,0.024,0.000e0,-630.380,-639.065,9774.179,Z11,4,0.000,-652.539,-628.627,9774.680,Z11,4,0.000
545,hinge,0.028,0.000e0,-652.539,-628.627,9774.680,Z11,4,0.000,-662.512,-605.289,9761.713,Z11,4,0.000
546,axial,0.008,0.000e0,470.229,504.702,7636.199,Z8,0,90,471.798,511.262,7631.027,Z8,1,90
547,radial,0.025,0.000e0,471.798,511.262,7631.027,Z8,1,0.000,488.158,497.719,7618.812,Z8,1,0.000
548,hinge,0.029,0.000e0,488.158,497.719,7618.812,Z8,1,0.000,507.868,486.882,7601.309,Z8,1,0.000
549,axial,0.006,0.000e0,471.798,511.262,7631.027,Z8,1,90,472.906,515.893,7627.376,Z8,2,90
550,radial,0.024,0.000e0,472.906,515.893,7627.376,Z8,2,0.000,473.752,530.927,7646.703,Z8,2,0.000
551,hinge,0.028,0.000e0,473.752,530.927,7646.703,Z8,2,0.000,473.620,543.459,7672.299,Z8,2,0.000
552,axial,0.006,0.000e0,472.906,515.893,7627.376,Z8,2,90,474.015,520.524,7623.726,Z8,3,90
553,radial,0.025,0.000e0,474.015,520.524,7623.726,Z8,3,0.000,469.721,506.233,7604.294,Z8,3,0.000
554,hinge,0.029,0.000e0,469.721,506.233,7604.294,Z8,3,0.000,462.971,479.610,7611.904,Z8,3,0.000
555,axial,0.006,0.000e0,474.015,520.524,7623.726,Z8,3,90,475.123,525.155,7620.075,Z8,4,90
556,radial,0.025,0.000e0,475.123,525.155,7620.075,Z8,4,0.000,451.045,528.606,7617.145,Z8,4,0.000
557,hinge,0.028,0.000e0,451.045,528.606,7617.145,Z8,4,0.000,428.697,514.639,7627.996,Z8,4,0.000
558,axial,0.008,0.000e0,202.675,-658.748,7636.234,Z4,0,90,207.571,-663.387,7631.062,Z4,1,90
559,radial,0.025,0.000e0,207.571,-663.387,7631.062,Z4,1,0.000,187.665,-670.767,7618.834,Z4,1,0.000
560,hinge,0.028,0.000e0,187.665,-670.767,7618.834,Z4,1,0.000,168.429,-682.398,7601.315,Z4,1,0.000
561,axial,0.006,0.000e0,207.571,-663.387,7631.062,Z4,1,90,211.028,-666.662,7627.412,Z4,2,90
562,radial,0.024,0.000e0,211.028,-666.662,7627.412,Z4,2,0.000,223.625,-674.910,7646.739,Z4,2,0.000
563,hinge,0.028,0.000e0,223.625,-674.910,7646.739,Z4,2,0.000,234.544,-681.061,7672.335,Z4,2,0.000
564,axial,0.006,0.000e0,211.028,-666.662,7627.412,Z4,2,90,214.485,-669.938,7623.761,Z4,3,90
565,radial,0.025,0.000e0,214.485,-669.938,7623.761,Z4,3,0.000,204.254,-659.076,7604.329,Z4,3,0.000
566,hinge,0.029,0.000e0,204.254,-659.076,7604.329,Z4,3,0.000,184.573,-639.918,7611.938,Z4,3,0.000
567,axial,0.006,0.000e0,214.485,-669.938,7623.761,Z4,3,90,217.941,-673.213,7620.111,Z4,4,90
568,radial,0.025,0.000e0,217.941,-673.213,7620.111,Z4,4,0.000,232.963,-654.082,7617.172,Z4,4,0.000
569,hinge,0.028,0.000e0,232.963,-654.082,7617.172,Z4,4,0.000,232.035,-627.742,7628.015,Z4,4,0.000
570,axial,0.008,0.000e0,1626.935,1067.835,8157.680,CX2Z0,0,90,1624.556,1073.406,8163.643,CX2Z0,1,90
571,radial,0.024,0.000e0,1624.556,1073.406,8163.643,CX2Z0,1,0.000,1615.452,1055.086,8177.124,CX2Z0,1,0.000
572,hinge,0.028,0.000e0,1615.452,1055.086,8177.124,CX2Z0,1,0.000,1602.293,1045.968,8200.703,CX2Z0,1,0.000
573,axial,0.006,0.000e0,1624.556,1073.406,8163.643,CX2Z0,1,90,1622.877,1077.338,8167.853,CX2Z0,2,90
574,radial,0.025,0.000e0,1622.877,1077.338,8167.853,CX2Z0,2,0.000,1633.387,1063.412,8185.053,CX2Z0,2,0.000
575,hinge,0.029,0.000e0,1633.387,1063.412,8185.053,CX2Z0,2,0.000,1647.428,1038.688,8183.089,CX2Z0,2,0.000
576,axial,0.006,0.000e0,1622.877,1077.338,8167.853,CX2Z0,2,90,1621.198,1081.270,8172.062,CX2Z0,3,90
577,radial,0.024,0.000e0,1621.198,1081.270,8172.062,CX2Z0,3,0.000,1604.808,1090.851,8156.575,CX2Z0,3,0.000
578,hinge,0.029,0.000e0,1604.808,1090.851,8156.575,CX2Z0,3,0.000,1592.285,1091.164,8130.976,CX2Z0,3,0.000
579,axial,0.006,0.000e0,1621.198,1081.270,8172.062,CX2Z0,3,90,1619.519,1085.202,8176.271,CX2Z0,4,90
580,radial,0.024,0.000e0,1619.519,1085.202,8176.271,CX2Z0,4,0.000,1637.466,1100.345,8169.285,CX2Z0,4,0.000
581,hinge,0.028,0.000e0,1637.466,1100.345,8169.285,CX2Z0,4,0.000,1657.182,1097.807,8148.863,CX2Z0,4,0.000
582,axial,0.008,0.000e0,111.981,-1942.021,8157.801,BX2Z0,0,90,117.992,-1942.746,8163.766,BX2Z0,1,90
583,radial,0.025,0.000e0,117.992,-1942.746,8163.766,BX2Z0,1,0.000,106.677,-1925.697,8177.240,BX2Z0,1,0.000
584,hinge,0.028,0.000e0,106.677,-1925.697,8177.240,BX2Z0,1,0.000,105.356,-1909.737,8200.815,BX2Z0,1,0.000
585,axial,0.006,0.000e0,117.992,-1942.746,8163.766,BX2Z0,1,90,122.236,-1943.257,8167.978,BX2Z0,2,90
586,radial,0.025,0.000e0,122.236,-1943.257,8167.978,BX2Z0,2,0.000,104.915,-1945.398,8185.172,BX2Z0,2,0.000
587,hinge,0.028,0.000e0,104.915,-1945.398,8185.172,BX2Z0,2,0.000,76.484,-1945.197,8183.199,BX2Z0,2,0.000
588,axial,0.006,0.000e0,122.236,-1943.257,8167.978,BX2Z0,2,90,126.479,-1943.769,8172.188,BX2Z0,3,90
589,radial,0.025,0.000e0,126.479,-1943.769,8172.188,BX2Z0,3,0.000,142.975,-1934.363,8156.707,BX2Z0,3,0.000
590,hinge,0.029,0.000e0,142.975,-1934.363,8156.707,BX2Z0,3,0.000,149.516,-1923.672,8131.110,BX2Z0,3,0.000
591,axial,0.006,0.000e0,126.479,-1943.769,8172.188,BX2Z0,3,90,130.722,-1944.281,8176.399,BX2Z0,4,90
592,radial,0.025,0.000e0,130.722,-1944.281,8176.399,BX2Z0,4,0.000,134.863,-1967.397,8169.417,BX2Z0,4,0.000
593,hinge,0.029,0.000e0,134.863,-1967.397,8169.417,BX2Z0,4,0.000,122.811,-1983.205,8148.994,BX2Z0,4,0.000
594,axial,0.009,0.000e0,2565.133,1421.965,6375.867,CX4Z0,0,90,2562.867,1427.527,6381.883,CX4Z0,1,90
595,radial,0.025,0.000e0,2562.867,1427.527,6381.883,CX4Z0,1,0.000,2566.440,1410.414,6399.049,CX4Z0,1,0.000
596,hinge,0.028,0.000e0,2566.440,1410.414,6399.049,CX4Z0,1,0.000,2568.925,1394.820,6422.774,CX4Z0,1,0.000
597,axial,0.006,0.000e0,2562.867,1427.527,6381.883,CX4Z0,1,90,2561.268,1431.452,6386.129,CX4Z0,2,90
598,radial,0.024,0.000e0,2561.268,1431.452,6386.129,CX4Z0,2,0.000,2579.641,1423.600,6400.308,CX4Z0,2,0.000
599,hinge,0.028,0.000e0,2579.641,1423.600,6400.308,CX4Z0,2,0.000,2594.690,1402.890,6387.785,CX4Z0,2,0.000
600,axial,0.006,0.000e0,2561.268,1431.452,6386.129,CX4Z0,2,90,2559.669,1435.378,6390.375,CX4Z0,3,90
601,radial,0.024,0.000e0,2559.669,1435.378,6390.375,CX4Z0,3,0.000,2560.847,1453.567,6374.004,CX4Z0,3,0.000
602,hinge,0.029,0.000e0,2560.847,1453.567,6374.004,CX4Z0,3,0.000,2567.479,1453.375,6346.287,CX4Z0,3,0.000
603,axial,0.006,0.000e0,2559.669,1435.378,6390.375,CX4Z0,3,90,2558.070,1439.304,6394.623,CX4Z0,4,90
604,radial,0.024,0.000e0,2558.070,1439.304,6394.623,CX4Z0,4,0.000,2537.601,1444.432,6382.173,CX4Z0,4,0.000
605,hinge,0.029,0.000e0,2537.601,1444.432,6382.173,CX4Z0,4,0.000,2520.779,1440.274,6359.546,CX4Z0,4,0.000
606,axial,0.008,0.000e0,2961.228,891.089,3777.240,CX4YZ1,0,90,2963.557,891.843,3769.100,CX4YZ1,1,90
607,radial,0.025,0.000e0,2963.557,891.843,3769.100,CX4YZ1,1,0.000,2977.654,871.925,3771.290,CX4YZ1,1,0.000
608,hinge,0.028,0.000e0,2977.654,871.925,3771.290,CX4YZ1,1,0.000,2982.519,854.817,3793.559,CX4YZ1,1,0.000
609,axial,0.006,0.000e0,2963.557,891.843,3769.100,CX4YZ1,1,90,2965.201,892.375,3763.354,CX4YZ1,2,90
610,radial,0.025,0.000e0,2965.201,892.375,3763.354,CX4YZ1,2,0.000,2942.326,887.125,3756.324,CX4YZ1,2,0.000
611,hinge,0.029,0.000e0,2942.326,887.125,3756.324,CX4YZ1,2,0.000,2918.975,881.212,3771.557,CX4YZ1,2,0.000
612,axial,0.006,0.000e0,2965.201,892.375,3763.354,CX4YZ1,2,90,2966.844,892.907,3757.608,CX4YZ1,3,90
613,radial,0.024,0.000e0,2966.844,892.907,3757.608,CX4YZ1,3,0.000,2974.067,915.938,3761.806,CX4YZ1,3,0.000
614,hinge,0.028,0.000e0,2974.067,915.938,3761.806,CX4YZ1,3,0.000,2973.686,931.609,3785.609,CX4YZ1,3,0.000
615,axial,0.008,0.000e0,-2749.152,1720.506,5056.905,AX4Z3,0,90,-2755.941,1723.253,5052.592,AX4Z3,1,90
616,radial,0.024,0.000e0,-2755.941,1723.253,5052.592,AX4Z3,1,0.000,-2741.686,1728.164,5033.281,AX4Z3,1,0.000
617,hinge,0.029,0.000e0,-2741.686,1728.164,5033.281,AX4Z3,1,0.000,-2730.199,1735.667,5008.301,AX4Z3,1,0.000
618,axial,0.006,0.000e0,-2755.941,1723.253,5052.592,AX4Z3,1,90,-2760.734,1725.192,5049.547,AX4Z3,2,90
619,radial,0.025,0.000e0,-2760.734,1725.192,5049.547,AX4Z3,2,0.000,-2773.177,1727.396,5070.537,AX4Z3,2,0.000
620,hinge,0.029,0.000e0,-2773.177,1727.396,5070.537,AX4Z3,2,0.000,-2765.492,1722.127,5097.471,AX4Z3,2,0.000
621,axial,0.006,0.000e0,-2760.734,1725.192,5049.547,AX4Z3,2,90,-2765.527,1727.131,5046.502,AX4Z3,3,90
622,radial,0.025,0.000e0,-2765.527,1727.131,5046.502,AX4Z3,3,0.000,-2755.467,1749.410,5044.857,AX4Z3,3,0.000
623,hinge,0.029,0.000e0,-2755.467,1749.410,5044.857,AX4Z3,3,0.000,-2729.976,1750.578,5057.550,AX4Z3,3,0.000
624,axial,0.006,0.000e0,-2765.527,1727.131,5046.502,AX4Z3,3,90,-2770.319,1729.071,5043.458,AX4Z3,4,90
625,radial,0.025,0.000e0,-2770.319,1729.071,5043.458,AX4Z3,4,0.000,-2784.034,1711.717,5053.993,AX4Z3,4,0.000
626,hinge,0.029,0.000e0,-2784.034,1711.717,5053.993,AX4Z3,4,0.000,-2768.903,1695.614,5071.994,AX4Z3,4,0.000
627,axial,0.009,0.000e0,-1316.811,1620.491,8219.872,AX1Z5,0,90,-1323.277,1625.585,8221.989,AX1Z5,1,90
628,radial,0.024,0.000e0,-1323.277,1625.585,8221.989,AX1Z5,1,0.000,-1322.506,1635.810,8199.738,AX1Z5,1,0.000
629,hinge,0.028,0.000e0,-1322.506,1635.810,8199.738,AX1Z5,1,0.000,-1326.137,1650.995,8175.896,AX1Z5,1,0.000
630,axial,0.006,0.000e0,-1323.277,1625.585,8221.989,AX1Z5,1,90,-1327.842,1629.181,8223.483,AX1Z5,2,90
631,radial,0.024,0.000e0,-1327.842,1629.181,8223.483,AX1Z5,2,0.000,-1343.151,1610.069,8222.711,AX1Z5,2,0.000
632,hinge,0.028,0.000e0,-1343.151,1610.069,8222.711,AX1Z5,2,0.000,-1356.063,1584.771,8220.356,AX1Z5,2,0.000
633,axial,0.006,0.000e0,-1327.842,1629.181,8223.483,AX1Z5,2,90,-1332.406,1632.777,8224.978,AX1Z5,3,90
634,radial,0.025,0.000e0,-1332.406,1632.777,8224.978,AX1Z5,3,0.000,-1326.024,1631.076,8248.570,AX1Z5,3,0.000
635,hinge,0.028,0.000e0,-1326.024,1631.076,8248.570,AX1Z5,3,0.000,-1304.790,1616.886,8261.219,AX1Z5,3,0.000
636,axial,0.006,0.000e0,-1332.406,1632.777,8224.978,AX1Z5,3,90,-1336.971,1636.373,8226.472,AX1Z5,4,90
637,radial,0.025,0.000e0,-1336.971,1636.373,8226.472,AX1Z5,4,0.000,-1322.552,1655.945,8223.418,AX1Z5,4,0.000
638,hinge,0.028,0.000e0,-1322.552,1655.945,8223.418,AX1Z5,4,0.000,-1295.185,1657.989,8215.731,AX1Z5,4,0.000
639,axial,0.008,0.000e0,-462.318,-4.536,7714.058,BX1Z4,0,90,-461.139,3.612,7711.941,BX1Z4,1,90
640,radial,0.024,0.000e0,-461.139,3.612,7711.941,BX1Z4,1,0.000,-485.125,5.933,7707.517,BX1Z4,1,0.000
641,hinge,0.028,0.000e0,-485.125,5.933,7707.517,BX1Z4,1,0.000,-507.311,21.929,7699.511,BX1Z4,1,0.000
642,axial,0.006,0.000e0,-461.139,3.612,7711.941,BX1Z4,1,90,-460.307,9.363,7710.446,BX1Z4,2,90
643,radial,0.024,0.000e0,-460.307,9.363,7710.446,BX1Z4,2,0.000,-467.778,4.512,7687.623,BX1Z4,2,0.000
644,hinge,0.029,0.000e0,-467.778,4.512,7687.623,BX1Z4,2,0.000,-476.463,-19.806,7675.562,BX1Z4,2,0.000
645,axial,0.006,0.000e0,-460.307,9.363,7710.446,BX1Z4,2,90,-459.475,15.114,7708.952,BX1Z4,3,90
646,radial,0.025,0.000e0,-459.475,15.114,7708.952,BX1Z4,3,0.000,-477.515,21.680,7724.173,BX1Z4,3,0.000
647,hinge,0.029,0.000e0,-477.515,21.680,7724.173,BX1Z4,3,0.000,-494.265,6.075,7741.148,BX1Z4,3,0.000
648,axial,0.006,0.000e0,-459.475,15.114,7708.952,BX1Z4,3,90,-458.643,20.865,7707.457,BX1Z4,4,90
649,radial,0.024,0.000e0,-458.643,20.865,7707.457,BX1Z4,4,0.000,-435.551,15.843,7700.991,BX1Z4,4,0.000
650,hinge,0.028,0.000e0,-435.551,15.843,7700.991,BX1Z4,4,0.000,-414.265,-2.875,7698.027,BX1Z4,4,0.000
651,axial,0.009,0.000e0,-675.058,1194.247,6721.859,AX3Z4,0,90,-668.711,1189.606,6725.088,AX3Z4,1,90
652,radial,0.024,0.000e0,-668.711,1189.606,6725.088,AX3Z4,1,0.000,-668.669,1203.637,6745.172,AX3Z4,1,0.000
653,hinge,0.028,0.000e0,-668.669,1203.637,6745.172,AX3Z4,1,0.000,-657.987,1209.991,6770.819,AX3Z4,1,0.000
654,axial,0.006,0.000e0,-668.711,1189.606,6725.088,AX3Z4,1,90,-664.231,1186.330,6727.367,AX3Z4,2,90
655,radial,0.024,0.000e0,-664.231,1186.330,6727.367,AX3Z4,2,0.000,-676.900,1165.854,6722.840,AX3Z4,2,0.000
656,hinge,0.028,0.000e0,-676.900,1165.854,6722.840,AX3Z4,2,0.000,-700.304,1153.008,6712.866,AX3Z4,2,0.000
657,axial,0.006,0.000e0,-664.231,1186.330,6727.367,AX3Z4,2,90,-659.751,1183.053,6729.646,AX3Z4,3,90
658,radial,0.024,0.000e0,-659.751,1183.053,6729.646,AX3Z4,3,0.000,-649.054,1182.354,6707.616,AX3Z4,3,0.000
659,hinge,0.028,0.000e0,-649.054,1182.354,6707.616,AX3Z4,3,0.000,-656.951,1193.565,6682.632,AX3Z4,3,0.000
660,axial,0.006,0.000e0,-659.751,1183.053,6729.646,AX3Z4,3,90,-655.270,1179.777,6731.926,AX3Z4,4,90
661,radial,0.025,0.000e0,-655.270,1179.777,6731.926,AX3Z4,4,0.000,-645.067,1200.090,6741.066,AX3Z4,4,0.000
662,hinge,0.028,0.000e0,-645.067,1200.090,6741.066,AX3Z4,4,0.000,-653.341,1227.336,6739.871,AX3Z4,4,0.000
663,axial,0.009,0.000e0,2062.583,331.022,8220.256,CX1Z5,0,90,2070.227,334.075,8222.375,CX1Z5,1,90
664,radial,0.024,0.000e0,2070.227,334.075,8222.375,CX1Z5,1,0.000,2078.701,328.298,8200.125,CX1Z5,1,0.000
665,hinge,0.028,0.000e0,2078.701,328.298,8200.125,CX1Z5,1,0.000,2093.672,323.853,8176.285,CX1Z5,1,0.000
666,axial,0.006,0.000e0,2070.227,334.075,8222.375,CX1Z5,1,90,2075.623,336.230,8223.870,CX1Z5,2,90
667,radial,0.024,0.000e0,2075.623,336.230,8223.870,CX1Z5,2,0.000,2066.728,359.045,8223.089,CX1Z5,2,0.000
668,hinge,0.028,0.000e0,2066.728,359.045,8223.089,CX1Z5,2,0.000,2051.278,382.877,8220.724,CX1Z5,2,0.000
669,axial,0.006,0.000e0,2075.623,336.230,8223.870,CX1Z5,2,90,2081.020,338.385,8225.365,CX1Z5,3,90
670,radial,0.024,0.000e0,2081.020,338.385,8225.365,CX1Z5,3,0.000,2076.350,333.706,8248.957,CX1Z5,3,0.000
671,hinge,0.028,0.000e0,2076.350,333.706,8248.957,CX1Z5,3,0.000,2053.442,322.409,8261.600,CX1Z5,3,0.000
672,axial,0.006,0.000e0,2081.020,338.385,8225.365,CX1Z5,3,90,2086.416,340.540,8226.861,CX1Z5,4,90
673,radial,0.025,0.000e0,2086.416,340.540,8226.861,CX1Z5,4,0.000,2096.161,318.273,8223.786,CX1Z5,4,0.000
674,hinge,0.029,0.000e0,2096.161,318.273,8223.786,CX1Z5,4,0.000,2084.253,293.554,8216.079,CX1Z5,4,0.000
675,axial,0.008,0.000e0,2610.162,1018.869,7190.867,CX2Z3,0,90,2618.152,1021.583,7189.849,CX2Z3,1,90
676,radial,0.024,0.000e0,2618.152,1021.583,7189.849,CX2Z3,1,0.000,2612.161,1031.045,7168.059,CX2Z3,1,0.000
677,hinge,0.029,0.000e0,2612.161,1031.045,7168.059,CX2Z3,1,0.000,2610.914,1043.704,7142.554,CX2Z3,1,0.000
678,axial,0.006,0.000e0,2618.152,1021.583,7189.849,CX2Z3,1,90,2623.792,1023.498,7189.129,CX2Z3,2,90
679,radial,0.024,0.000e0,2623.792,1023.498,7189.129,CX2Z3,2,0.000,2631.804,1000.380,7190.394,CX2Z3,2,0.000
680,hinge,0.029,0.000e0,2631.804,1000.380,7190.394,CX2Z3,2,0.000,2635.350,972.183,7192.542,CX2Z3,2,0.000
681,axial,0.006,0.000e0,2623.792,1023.498,7189.129,CX2Z3,2,90,2629.433,1025.414,7188.410,CX2Z3,3,90
682,radial,0.025,0.000e0,2629.433,1025.414,7188.410,CX2Z3,3,0.000,2628.900,1035.382,7210.785,CX2Z3,3,0.000
683,hinge,0.028,0.000e0,2628.900,1035.382,7210.785,CX2Z3,3,0.000,2608.273,1036.123,7230.438,CX2Z3,3,0.000
684,axial,0.006,0.000e0,2629.433,1025.414,7188.410,CX2Z3,3,90,2635.073,1027.329,7187.691,CX2Z3,4,90
685,radial,0.024,0.000e0,2635.073,1027.329,7187.691,CX2Z3,4,0.000,2626.720,1048.766,7179.270,CX2Z3,4,0.000
686,hinge,0.028,0.000e0,2626.720,1048.766,7179.270,CX2Z3,4,0.000,2600.125,1058.260,7175.420,CX2Z3,4,0.000
687,axial,0.008,0.000e0,10.943,-2451.981,5662.799,BX3Z3,0,90,16.124,-2452.057,5656.061,BX3Z3,1,90
688,radial,0.024,0.000e0,16.124,-2452.057,5656.061,BX3Z3,1,0.000,6.048,-2473.090,5648.553,BX3Z3,1,0.000
689,hinge,0.028,0.000e0,6.048,-2473.090,5648.553,BX3Z3,1,0.000,4.584,-2494.407,5629.693,BX3Z3,1,0.000
690,axial,0.006,0.000e0,16.124,-2452.057,5656.061,BX3Z3,1,90,19.780,-2452.111,5651.304,BX3Z3,2,90
691,radial,0.025,0.000e0,19.780,-2452.111,5651.304,BX3Z3,2,0.000,38.563,-2445.704,5665.671,BX3Z3,2,0.000
692,hinge,0.028,0.000e0,38.563,-2445.704,5665.671,BX3Z3,2,0.000,39.787,-2440.621,5693.688,BX3Z3,2,0.000
693,axial,0.006,0.000e0,19.780,-2452.111,5651.304,BX3Z3,2,90,23.437,-2452.165,5646.547,BX3Z3,3,90
694,radial,0.024,0.000e0,23.437,-2452.165,5646.547,BX3Z3,3,0.000,35.423,-2471.339,5655.979,BX3Z3,3,0.000
695,hinge,0.028,0.000e0,35.423,-2471.339,5655.979,BX3Z3,3,0.000,31.461,-2485.778,5680.229,BX3Z3,3,0.000
696,axial,0.006,0.000e0,23.437,-2452.165,5646.547,BX3Z3,3,90,27.094,-2452.219,5641.791,BX3Z3,4,90
697,radial,0.024,0.000e0,27.094,-2452.219,5641.791,BX3Z3,4,0.000,25.866,-2427.781,5640.569,BX3Z3,4,0.000
698,hinge,0.028,0.000e0,25.866,-2427.781,5640.569,BX3Z3,4,0.000,15.943,-2403.033,5650.635,BX3Z3,4,0.000
699,axial,0.008,0.000e0,1116.271,685.491,9065.948,Z1,0,90,1122.738,687.412,9071.120,Z1,1,90
700,radial,0.024,0.000e0,1122.738,687.412,9071.120,Z1,1,0.000,1120.599,711.043,9065.019,Z1,1,0.000
701,hinge,0.028,0.000e0,1120.599,711.043,9065.019,Z1,1,0.000,1099.565,715.370,9046.281,Z1,1,0.000
702,axial,0.006,0.000e0,1122.738,687.412,9071.120,Z1,1,90,1127.302,688.768,9074.771,Z1,2,90
703,radial,0.025,0.000e0,1127.302,688.768,9074.771,Z1,2,0.000,1111.430,693.820,9092.738,Z1,2,0.000
704,hinge,0.029,0.000e0,1111.430,693.820,9092.738,Z1,2,0.000,1084.600,695.690,9102.168,Z1,2,0.000
705,axial,0.006,0.000e0,1127.302,688.768,9074.771,Z1,2,90,1131.866,690.123,9078.423,Z1,3,90
706,radial,0.025,0.000e0,1131.866,690.123,9078.423,Z1,3,0.000,1136.415,666.260,9081.598,Z1,3,0.000
707,hinge,0.028,0.000e0,1136.415,666.260,9081.598,Z1,3,0.000,1130.158,638.999,9076.125,Z1,3,0.000
708,axial,0.006,0.000e0,1131.866,690.123,9078.423,Z1,3,90,1136.431,691.479,9082.073,Z1,4,90
709,radial,0.024,0.000e0,1136.431,691.479,9082.073,Z1,4,0.000,1149.040,700.329,9063.022,Z1,4,0.000
710,hinge,0.029,0.000e0,1149.040,700.329,9063.022,Z1,4,0.000,1158.880,709.059,9037.740,Z1,4,0.000
711,axial,0.008,0.000e0,-422.017,-2769.023,7190.796,BX2Z3,0,90,-423.662,-2777.300,7189.777,BX2Z3,1,90
712,radial,0.025,0.000e0,-423.662,-2777.300,7189.777,BX2Z3,1,0.000,-412.477,-2776.841,7167.984,BX2Z3,1,0.000
713,hinge,0.028,0.000e0,-412.477,-2776.841,7167.984,BX2Z3,1,0.000,-400.898,-2782.089,7142.477,BX2Z3,1,0.000
714,axial,0.006,0.000e0,-423.662,-2777.300,7189.777,BX2Z3,1,90,-424.823,-2783.142,7189.058,BX2Z3,2,90
715,radial,0.024,0.000e0,-424.823,-2783.142,7189.058,BX2Z3,2,0.000,-448.850,-2778.522,7190.326,BX2Z3,2,0.000
716,hinge,0.029,0.000e0,-448.850,-2778.522,7190.326,BX2Z3,2,0.000,-475.042,-2767.495,7192.479,BX2Z3,2,0.000
717,axial,0.006,0.000e0,-424.823,-2783.142,7189.058,BX2Z3,2,90,-425.985,-2788.985,7188.339,BX2Z3,3,90
718,radial,0.024,0.000e0,-425.985,-2788.985,7188.339,BX2Z3,3,0.000,-417.088,-2793.507,7210.714,BX2Z3,3,0.000
719,hinge,0.029,0.000e0,-417.088,-2793.507,7210.714,BX2Z3,3,0.000,-406.135,-2776.014,7230.368,BX2Z3,3,0.000
720,axial,0.006,0.000e0,-425.985,-2788.985,7188.339,BX2Z3,3,90,-427.146,-2794.827,7187.620,BX2Z3,4,90
721,radial,0.024,0.000e0,-427.146,-2794.827,7187.620,BX2Z3,4,0.000,-404.405,-2798.311,7179.196,BX2Z3,4,0.000
722,hinge,0.028,0.000e0,-404.405,-2798.311,7179.196,BX2Z3,4,0.000,-382.887,-2780.025,7175.344,BX2Z3,4,0.000
723,axial,0.008,0.000e0,-1535.798,593.771,7370.381,AX1Z3,0,90,-1540.685,592.064,7363.638,AX1Z3,1,90
724,radial,0.024,0.000e0,-1540.685,592.064,7363.638,AX1Z3,1,0.000,-1552.023,613.606,7366.400,AX1Z3,1,0.000
725,hinge,0.029,0.000e0,-1552.023,613.606,7366.400,AX1Z3,1,0.000,-1573.040,625.727,7351.446,AX1Z3,1,0.000
726,axial,0.006,0.000e0,-1540.685,592.064,7363.638,AX1Z3,1,90,-1544.134,590.859,7358.879,AX1Z3,2,90
727,radial,0.025,0.000e0,-1544.134,590.859,7358.879,AX1Z3,2,0.000,-1564.031,597.193,7371.694,AX1Z3,2,0.000
728,hinge,0.029,0.000e0,-1564.031,597.193,7371.694,AX1Z3,2,0.000,-1566.851,606.347,7398.537,AX1Z3,2,0.000
729,axial,0.006,0.000e0,-1544.134,590.859,7358.879,AX1Z3,2,90,-1547.583,589.654,7354.120,AX1Z3,3,90
730,radial,0.024,0.000e0,-1547.583,589.654,7354.120,AX1Z3,3,0.000,-1550.481,566.653,7362.044,AX1Z3,3,0.000
731,hinge,0.029,0.000e0,-1550.481,566.653,7362.044,AX1Z3,3,0.000,-1540.328,553.419,7385.153,AX1Z3,3,0.000
732,axial,0.006,0.000e0,-1547.583,589.654,7354.120,AX1Z3,3,90,-1551.032,588.449,7349.360,AX1Z3,4,90
733,radial,0.025,0.000e0,-1551.032,588.449,7349.360,AX1Z3,4,0.000,-1531.638,579.088,7337.676,AX1Z3,4,0.000
734,hinge,0.028,0.000e0,-1531.638,579.088,7337.676,AX1Z3,4,0.000,-1503.909,572.519,7337.209,AX1Z3,4,0.000
735,axial,0.009,0.000e0,1372.767,-11.488,6721.685,CX3Z4,0,90,1365.575,-14.665,6724.915,CX3Z4,1,90
736,radial,0.025,0.000e0,1365.575,-14.665,6724.915,CX3Z4,1,0.000,1377.711,-21.721,6744.994,CX3Z4,1,0.000
737,hinge,0.028,0.000e0,1377.711,-21.721,6744.994,CX3Z4,1,0.000,1377.879,-34.155,6770.638,CX3Z4,1,0.000
738,axial,0.006,0.000e0,1365.575,-14.665,6724.915,CX3Z4,1,90,1360.499,-16.907,6727.195,CX3Z4,2,90
739,radial,0.024,0.000e0,1360.499,-16.907,6727.195,CX3Z4,2,0.000,1349.098,4.301,6722.669,CX3Z4,2,0.000
740,hinge,0.029,0.000e0,1349.098,4.301,6722.669,CX3Z4,2,0.000,1349.670,30.993,6712.695,CX3Z4,2,0.000
741,axial,0.006,0.000e0,1360.499,-16.907,6727.195,CX3Z4,2,90,1355.422,-19.149,6729.475,CX3Z4,3,90
742,radial,0.025,0.000e0,1355.422,-19.149,6729.475,CX3Z4,3,0.000,1349.466,-28.065,6707.446,CX3Z4,3,0.000
743,hinge,0.029,0.000e0,1349.466,-28.065,6707.446,CX3Z4,3,0.000,1363.120,-26.830,6682.459,CX3Z4,3,0.000
744,axial,0.006,0.000e0,1355.422,-19.149,6729.475,CX3Z4,3,90,1350.345,-21.392,6731.755,CX3Z4,4,90
745,radial,0.024,0.000e0,1350.345,-21.392,6731.755,CX3Z4,4,0.000,1362.837,-40.387,6740.886,CX3Z4,4,0.000
746,hinge,0.028,0.000e0,1362.837,-40.387,6740.886,CX3Z4,4,0.000,1390.570,-46.845,6739.681,CX3Z4,4,0.000
747,axial,0.008,0.000e0,1567.940,509.297,6025.968,CX4Z2,0,90,1562.168,504.791,6030.284,CX4Z2,1,90
748,radial,0.025,0.000e0,1562.168,504.791,6030.284,CX4Z2,1,0.000,1560.122,522.995,6046.553,CX4Z2,1,0.000
749,hinge,0.028,0.000e0,1560.122,522.995,6046.553,CX4Z2,1,0.000,1553.769,540.567,6068.072,CX4Z2,1,0.000
750,axial,0.006,0.000e0,1562.168,504.791,6030.284,CX4Z2,1,90,1558.094,501.610,6033.331,CX4Z2,2,90
751,radial,0.025,0.000e0,1558.094,501.610,6033.331,CX4Z2,2,0.000,1550.201,491.655,6012.382,CX4Z2,2,0.000
752,hinge,0.029,0.000e0,1550.201,491.655,6012.382,CX4Z2,2,0.000,1558.784,495.460,5985.473,CX4Z2,2,0.000
753,axial,0.006,0.000e0,1558.094,501.610,6033.331,CX4Z2,2,90,1554.019,498.429,6036.377,CX4Z2,3,90
754,radial,0.025,0.000e0,1554.019,498.429,6036.377,CX4Z2,3,0.000,1545.861,518.983,6046.925,CX4Z2,3,0.000
755,hinge,0.028,0.000e0,1545.861,518.983,6046.925,CX4Z2,3,0.000,1560.250,541.948,6038.103,CX4Z2,3,0.000
756,axial,0.006,0.000e0,1554.019,498.429,6036.377,CX4Z2,3,90,1549.945,495.249,6039.424,CX4Z2,4,90
757,radial,0.024,0.000e0,1549.945,495.249,6039.424,CX4Z2,4,0.000,1559.422,474.514,6030.452,CX4Z2,4,0.000
758,hinge,0.028,0.000e0,1559.422,474.514,6030.452,CX4Z2,4,0.000,1578.647,461.180,6014.177,CX4Z2,4,0.000
759,axial,0.009,0.000e0,0.597,0.063,9166.120,YZ0,0,90,0.596,0.064,9157.620,YZ0,1,90
760,radial,0.024,0.000e0,0.596,0.064,9157.620,YZ0,1,0.000,-5.703,23.741,9157.624,YZ0,1,0.000
761,hinge,0.029,0.000e0,-5.703,23.741,9157.624,YZ0,1,0.000,-12.048,47.591,9171.878,YZ0,1,0.000
762,axial,0.006,0.000e0,0.596,0.064,9157.620,YZ0,1,90,0.595,0.065,9151.621,YZ0,2,90
763,radial,0.025,0.000e0,0.595,0.065,9151.621,YZ0,2,0.000,24.248,-6.322,9151.617,YZ0,2,0.000
764,hinge,0.029,0.000e0,24.248,-6.322,9151.617,YZ0,2,0.000,48.078,-12.758,9165.864,YZ0,2,0.000
765,axial,0.006,0.000e0,0.595,0.065,9151.621,YZ0,2,90,0.594,0.066,9145.620,YZ0,3,90
766,radial,0.024,0.000e0,0.594,0.066,9145.620,YZ0,3,0.000,-16.763,-17.225,9145.620,YZ0,3,0.000
767,hinge,0.028,0.000e0,-16.763,-17.225,9145.620,YZ0,3,0.000,-34.247,-34.646,9159.870,YZ0,3,0.000
768,axial,0.009,0.000e0,-1416.334,-2743.892,4995.814,BX4Z1,0,90,-1422.285,-2743.075,4989.800,BX4Z1,1,90
769,radial,0.025,0.000e0,-1422.285,-2743.075,4989.800,BX4Z1,1,0.000,-1405.635,-2748.323,4972.610,BX4Z1,1,0.000
770,hinge,0.029,0.000e0,-1405.635,-2748.323,4972.610,BX4Z1,1,0.000,-1390.839,-2753.726,4948.859,BX4Z1,1,0.000
771,axial,0.006,0.000e0,-1422.285,-2743.075,4989.800,BX4Z1,1,90,-1426.486,-2742.498,4985.556,BX4Z1,2,90
772,radial,0.025,0.000e0,-1426.486,-2742.498,4985.556,BX4Z1,2,0.000,-1415.075,-2722.589,4976.971,BX4Z1,2,0.000
773,hinge,0.028,0.000e0,-1415.075,-2722.589,4976.971,BX4Z1,2,0.000,-1391.602,-2716.455,4991.926,BX4Z1,2,0.000
774,axial,0.006,0.000e0,-1426.486,-2742.498,4985.556,BX4Z1,2,90,-1430.686,-2741.920,4981.311,BX4Z1,3,90
775,radial,0.024,0.000e0,-1430.686,-2741.920,4981.311,BX4Z1,3,0.000,-1445.521,-2731.015,4997.473,BX4Z1,3,0.000
776,hinge,0.029,0.000e0,-1445.521,-2731.015,4997.473,BX4Z1,3,0.000,-1441.783,-2724.761,5025.026,BX4Z1,3,0.000
777,axial,0.006,0.000e0,-1430.686,-2741.920,4981.311,BX4Z1,3,90,-1434.887,-2741.343,4977.065,BX4Z1,4,90
778,radial,0.025,0.000e0,-1434.887,-2741.343,4977.065,BX4Z1,4,0.000,-1450.867,-2753.332,4991.249,BX4Z1,4,0.000
779,hinge,0.028,0.000e0,-1450.867,-2753.332,4991.249,BX4Z1,4,0.000,-1439.330,-2761.098,5016.125,BX4Z1,4,0.000
780,axial,0.008,0.000e0,-743.954,-1950.918,8219.906,BX1Z5,0,90,-745.133,-1959.066,8222.023,BX1Z5,1,90
781,radial,0.024,0.000e0,-745.133,-1959.066,8222.023,BX1Z5,1,0.000,-754.375,-1963.511,8199.772,BX1Z5,1,0.000
782,hinge,0.029,0.000e0,-754.375,-1963.511,8199.772,BX1Z5,1,0.000,-765.712,-1974.249,8175.931,BX1Z5,1,0.000
783,axial,0.006,0.000e0,-745.133,-1959.066,8222.023,BX1Z5,1,90,-745.965,-1964.817,8223.518,BX1Z5,2,90
784,radial,0.025,0.000e0,-745.965,-1964.817,8223.518,BX1Z5,2,0.000,-721.759,-1968.519,8222.749,BX1Z5,2,0.000
785,hinge,0.028,0.000e0,-721.759,-1968.519,8222.749,BX1Z5,2,0.000,-693.394,-1967.052,8220.398,BX1Z5,2,0.000
786,axial,0.006,0.000e0,-745.965,-1964.817,8223.518,BX1Z5,2,90,-746.797,-1970.568,8225.013,BX1Z5,3,90
787,radial,0.024,0.000e0,-746.797,-1970.568,8225.013,BX1Z5,3,0.000,-748.516,-1964.188,8248.604,BX1Z5,3,0.000
788,hinge,0.028,0.000e0,-748.516,-1964.188,8248.604,BX1Z5,3,0.000,-746.845,-1938.702,8261.251,BX1Z5,3,0.000
789,axial,0.006,0.000e0,-746.797,-1970.568,8225.013,BX1Z5,3,90,-747.629,-1976.319,8226.507,BX1Z5,4,90
790,radial,0.025,0.000e0,-747.629,-1976.319,8226.507,BX1Z5,4,0.000,-771.787,-1973.618,8223.447,BX1Z5,4,0.000
791,hinge,0.029,0.000e0,-771.787,-1973.618,8223.447,BX1Z5,4,0.000,-787.240,-1950.941,8215.754,BX1Z5,4,0.000
792,axial,0.009,0.000e0,848.934,-229.060,9757.787,Z3,0,90,855.566,-228.399,9763.062,Z3,1,90
793,radial,0.024,0.000e0,855.566,-228.399,9763.062,Z3,1,0.000,840.262,-224.745,9781.842,Z3,1,0.000
794,hinge,0.028,0.000e0,840.262,-224.745,9781.842,Z3,1,0.000,827.471,-220.126,9806.889,Z3,1,0.000
795,axial,0.006,0.000e0,855.566,-228.399,9763.062,Z3,1,90,860.247,-227.932,9766.786,Z3,2,90
796,radial,0.024,0.000e0,860.247,-227.932,9766.786,Z3,2,0.000,875.320,-225.884,9747.581,Z3,2,0.000
797,hinge,0.029,0.000e0,875.320,-225.884,9747.581,Z3,2,0.000,879.388,-224.931,9719.389,Z3,2,0.000
798,axial,0.006,0.000e0,860.247,-227.932,9766.786,Z3,2,90,864.928,-227.465,9770.510,Z3,3,90
799,radial,0.024,0.000e0,864.928,-227.465,9770.510,Z3,3,0.000,860.322,-203.564,9773.303,Z3,3,0.000
800,hinge,0.029,0.000e0,860.322,-203.564,9773.303,Z3,3,0.000,837.697,-195.206,9758.119,Z3,3,0.000
801,axial,0.006,0.000e0,864.928,-227.465,9770.510,Z3,3,90,869.609,-226.998,9774.233,Z3,4,90
802,radial,0.025,0.000e0,869.609,-226.998,9774.233,Z3,4,0.000,871.648,-251.408,9774.732,Z3,4,0.000
803,hinge,0.028,0.000e0,871.648,-251.408,9774.732,Z3,4,0.000,856.422,-271.711,9761.764,Z3,4,0.000
804,axial,0.009,0.000e0,-225.276,849.203,9757.895,Z7,0,90,-229.165,854.615,9763.171,Z7,1,90
805,radial,0.025,0.000e0,-229.165,854.615,9763.171,Z7,1,0.000,-224.675,839.532,9781.949,Z7,1,0.000
806,hinge,0.029,0.000e0,-224.675,839.532,9781.949,Z7,1,0.000,-222.278,826.142,9806.993,Z7,1,0.000
807,axial,0.006,0.000e0,-229.165,854.615,9763.171,Z7,1,90,-231.910,858.435,9766.896,Z7,2,90
808,radial,0.024,0.000e0,-231.910,858.435,9766.896,Z7,2,0.000,-250.301,842.491,9769.691,Z7,2,0.000
809,hinge,0.029,0.000e0,-250.301,842.491,9769.691,Z7,2,0.000,-246.225,818.720,9754.506,Z7,2,0.000
810,axial,0.006,0.000e0,-231.910,858.435,9766.896,Z7,2,90,-234.655,862.254,9770.620,Z7,3,90
811,radial,0.024,0.000e0,-234.655,862.254,9770.620,Z7,3,0.000,-243.959,874.293,9751.417,Z7,3,0.000
812,hinge,0.028,0.000e0,-243.959,874.293,9751.417,Z7,3,0.000,-246.811,877.350,9723.226,Z7,3,0.000
813,axial,0.006,0.000e0,-234.655,862.254,9770.620,Z7,3,90,-237.401,866.074,9774.346,Z7,4,90
814,radial,0.024,0.000e0,-237.401,866.074,9774.346,Z7,4,0.000,-217.280,880.044,9774.849,Z7,4,0.000
815,hinge,0.029,0.000e0,-217.280,880.044,9774.849,Z7,4,0.000,-192.083,877.011,9761.881,Z7,4,0.000
816,axial,0.009,0.000e0,-2168.117,2286.061,5962.241,AX3Z5,0,90,-2174.464,2290.702,5959.012,AX3Z5,1,90
817,radial,0.024,0.000e0,-2174.464,2290.702,5959.012,AX3Z5,1,0.000,-2160.836,2295.588,5939.247,AX3Z5,1,0.000
818,hinge,0.029,0.000e0,-2160.836,2295.588,5939.247,AX3Z5,1,0.000,-2149.753,2304.382,5914.506,AX3Z5,1,0.000
819,axial,0.006,0.000e0,-2174.464,2290.702,5959.012,AX3Z5,1,90,-2178.944,2293.979,5956.732,AX3Z5,2,90
820,radial,0.024,0.000e0,-2178.944,2293.979,5956.732,AX3Z5,2,0.000,-2195.130,2277.436,5964.769,AX3Z5,2,0.000
821,hinge,0.028,0.000e0,-2195.130,2277.436,5964.769,AX3Z5,2,0.000,-2200.796,2252.989,5978.279,AX3Z5,2,0.000
822,axial,0.006,0.000e0,-2178.944,2293.979,5956.732,AX3Z5,2,90,-2183.424,2297.255,5954.453,AX3Z5,3,90
823,radial,0.025,0.000e0,-2183.424,2297.255,5954.453,AX3Z5,3,0.000,-2185.240,2309.487,5975.603,AX3Z5,3,0.000
824,hinge,0.028,0.000e0,-2185.240,2309.487,5975.603,AX3Z5,3,0.000,-2170.565,2307.078,5999.915,AX3Z5,3,0.000
825,axial,0.006,0.000e0,-2183.424,2297.255,5954.453,AX3Z5,3,90,-2187.904,2300.531,5952.174,AX3Z5,4,90
826,radial,0.024,0.000e0,-2187.904,2300.531,5952.174,AX3Z5,4,0.000,-2174.992,2320.966,5956.166,AX3Z5,4,0.000
827,hinge,0.028,0.000e0,-2174.992,2320.966,5956.166,AX3Z5,4,0.000,-2149.077,2324.816,5967.383,AX3Z5,4,0.000
828,axial,0.009,0.000e0,-1979.600,898.665,7089.953,AX3Z0,0,90,-1982.974,894.730,7096.689,AX3Z0,1,90
829,radial,0.024,0.000e0,-1982.974,894.730,7096.689,AX3Z0,1,0.000,-1960.993,885.473,7102.290,AX3Z0,1,0.000
830,hinge,0.029,0.000e0,-1960.993,885.473,7102.290,AX3Z0,1,0.000,-1938.333,872.196,7113.359,AX3Z0,1,0.000
831,axial,0.006,0.000e0,-1982.974,894.730,7096.689,AX3Z0,1,90,-1985.356,891.952,7101.444,AX3Z0,2,90
832,radial,0.025,0.000e0,-1985.356,891.952,7101.444,AX3Z0,2,0.000,-1972.665,871.720,7095.981,AX3Z0,2,0.000
833,hinge,0.028,0.000e0,-1972.665,871.720,7095.981,AX3Z0,2,0.000,-1956.647,875.136,7072.658,AX3Z0,2,0.000
834,axial,0.006,0.000e0,-1985.356,891.952,7101.444,AX3Z0,2,90,-1987.737,889.174,7106.200,AX3Z0,3,90
835,radial,0.025,0.000e0,-1987.737,889.174,7106.200,AX3Z0,3,0.000,-2006.637,881.834,7092.446,AX3Z0,3,0.000
836,hinge,0.028,0.000e0,-2006.637,881.834,7092.446,AX3Z0,3,0.000,-2012.524,886.189,7064.903,AX3Z0,3,0.000
837,axial,0.006,0.000e0,-1987.737,889.174,7106.200,AX3Z0,3,90,-1990.119,886.397,7110.955,AX3Z0,4,90
838,radial,0.025,0.000e0,-1990.119,886.397,7110.955,AX3Z0,4,0.000,-1998.719,907.820,7119.162,AX3Z0,4,0.000
839,hinge,0.029,0.000e0,-1998.719,907.820,7119.162,AX3Z0,4,0.000,-2006.152,934.939,7123.804,AX3Z0,4,0.000
840,axial,0.008,0.000e0,-894.762,-3020.792,5961.753,BX3Z5,0,90,-895.608,-3028.609,5958.523,BX3Z5,1,90
841,radial,0.024,0.000e0,-895.608,-3028.609,5958.523,BX3Z5,1,0.000,-906.658,-3019.245,5938.763,BX3Z5,1,0.000
842,hinge,0.029,0.000e0,-906.658,-3019.245,5938.763,BX3Z5,1,0.000,-919.821,-3014.039,5914.026,BX3Z5,1,0.000
843,axial,0.006,0.000e0,-895.608,-3028.609,5958.523,BX3Z5,1,90,-896.206,-3034.126,5956.242,BX3Z5,2,90
844,radial,0.025,0.000e0,-896.206,-3034.126,5956.242,BX3Z5,2,0.000,-873.788,-3039.876,5964.281,BX3Z5,2,0.000
845,hinge,0.028,0.000e0,-873.788,-3039.876,5964.281,BX3Z5,2,0.000,-849.784,-3032.565,5977.794,BX3Z5,2,0.000
846,axial,0.006,0.000e0,-896.206,-3034.126,5956.242,BX3Z5,2,90,-896.803,-3039.644,5953.961,BX3Z5,3,90
847,radial,0.025,0.000e0,-896.803,-3039.644,5953.961,BX3Z5,3,0.000,-920.954,-3038.686,5957.973,BX3Z5,3,0.000
848,hinge,0.028,0.000e0,-920.954,-3038.686,5957.973,BX3Z5,3,0.000,-937.243,-3018.176,5969.208,BX3Z5,3,0.000
849,axial,0.006,0.000e0,-896.803,-3039.644,5953.961,BX3Z5,3,90,-897.401,-3045.161,5951.681,BX3Z5,4,90
850,radial,0.025,0.000e0,-897.401,-3045.161,5951.681,BX3Z5,4,0.000,-907.088,-3052.853,5972.829,BX3Z5,4,0.000
851,hinge,0.029,0.000e0,-907.088,-3052.853,5972.829,BX3Z5,4,0.000,-912.339,-3038.944,5997.144,BX3Z5,4,0.000
852,axial,0.009,0.000e0,-1192.740,1816.446,5518.752,AX3Z1,0,90,-1189.367,1820.381,5512.015,AX3Z1,1,90
853,radial,0.025,0.000e0,-1189.367,1820.381,5512.015,AX3Z1,1,0.000,-1200.158,1804.175,5497.144,AX3Z1,1,0.000
854,hinge,0.028,0.000e0,-1200.158,1804.175,5497.144,AX3Z1,1,0.000,-1210.086,1788.478,5475.527,AX3Z1,1,0.000
855,axial,0.006,0.000e0,-1189.367,1820.381,5512.015,AX3Z1,1,90,-1186.985,1823.159,5507.260,AX3Z1,2,90
856,radial,0.025,0.000e0,-1186.985,1823.159,5507.260,AX3Z1,2,0.000,-1187.418,1844.405,5519.454,AX3Z1,2,0.000
857,hinge,0.028,0.000e0,-1187.418,1844.405,5519.454,AX3Z1,2,0.000,-1193.509,1859.211,5543.032,AX3Z1,2,0.000
858,axial,0.006,0.000e0,-1186.985,1823.159,5507.260,AX3Z1,2,90,-1184.604,1825.937,5502.505,AX3Z1,3,90
859,radial,0.025,0.000e0,-1184.604,1825.937,5502.505,AX3Z1,3,0.000,-1162.169,1822.495,5511.729,AX3Z1,3,0.000
860,hinge,0.028,0.000e0,-1162.169,1822.495,5511.729,AX3Z1,3,0.000,-1153.585,1809.910,5535.816,AX3Z1,3,0.000
861,axial,0.006,0.000e0,-1184.604,1825.937,5502.505,AX3Z1,3,90,-1182.222,1828.715,5497.750,AX3Z1,4,90
862,radial,0.025,0.000e0,-1182.222,1828.715,5497.750,AX3Z1,4,0.000,-1168.175,1809.131,5493.345,AX3Z1,4,0.000
863,hinge,0.028,0.000e0,-1168.175,1809.131,5493.345,AX3Z1,4,0.000,-1172.542,1788.363,5512.368,AX3Z1,4,0.000
864,axial,0.009,0.000e0,-2186.150,1750.524,7190.905,AX2Z3,0,90,-2192.496,1756.087,7189.886,AX2Z3,1,90
865,radial,0.025,0.000e0,-2192.496,1756.087,7189.886,AX2Z3,1,0.000,-2197.693,1746.169,7168.095,AX2Z3,1,0.000
866,hinge,0.029,0.000e0,-2197.693,1746.169,7168.095,AX2Z3,1,0.000,-2208.030,1738.761,7142.589,AX2Z3,1,0.000
867,axial,0.006,0.000e0,-2192.496,1756.087,7189.886,AX2Z3,1,90,-2196.975,1760.014,7189.167,AX2Z3,2,90
868,radial,0.025,0.000e0,-2196.975,1760.014,7189.167,AX2Z3,2,0.000,-2180.961,1778.512,7190.435,AX2Z3,2,0.000
869,hinge,0.029,0.000e0,-2180.961,1778.512,7190.435,AX2Z3,2,0.000,-2158.316,1795.682,7192.588,AX2Z3,2,0.000
870,axial,0.006,0.000e0,-2196.975,1760.014,7189.167,AX2Z3,2,90,-2201.454,1763.941,7188.448,AX2Z3,3,90
871,radial,0.025,0.000e0,-2201.454,1763.941,7188.448,AX2Z3,3,0.000,-2209.820,1758.495,7210.823,AX2Z3,3,0.000
872,hinge,0.028,0.000e0,-2209.820,1758.495,7210.823,AX2Z3,3,0.000,-2200.147,1740.262,7230.476,AX2Z3,3,0.000
873,axial,0.006,0.000e0,-2201.454,1763.941,7188.448,AX2Z3,3,90,-2205.933,1767.868,7187.729,AX2Z3,4,90
874,radial,0.025,0.000e0,-2205.933,1767.868,7187.729,AX2Z3,4,0.000,-2220.321,1749.914,7179.308,AX2Z3,4,0.000
875,hinge,0.029,0.000e0,-2220.321,1749.914,7179.308,AX2Z3,4,0.000,-2215.244,1722.135,7175.459,AX2Z3,4,0.000
876,axial,0.008,0.000e0,-1380.486,2386.412,6304.622,AX4Z4,0,90,-1380.029,2391.055,6311.727,AX4Z4,1,90
877,radial,0.024,0.000e0,-1380.029,2391.055,6311.727,AX4Z4,1,0.000,-1362.995,2375.831,6320.578,AX4Z4,1,0.000
878,hinge,0.028,0.000e0,-1362.995,2375.831,6320.578,AX4Z4,1,0.000,-1343.295,2361.746,6335.603,AX4Z4,1,0.000
879,axial,0.006,0.000e0,-1380.029,2391.055,6311.727,AX4Z4,1,90,-1379.706,2394.332,6316.743,AX4Z4,2,90
880,radial,0.024,0.000e0,-1379.706,2394.332,6316.743,AX4Z4,2,0.000,-1385.910,2414.354,6304.060,AX4Z4,2,0.000
881,hinge,0.028,0.000e0,-1385.910,2414.354,6304.060,AX4Z4,2,0.000,-1391.801,2417.886,6276.399,AX4Z4,2,0.000
882,axial,0.006,0.000e0,-1379.706,2394.332,6316.743,AX4Z4,2,90,-1379.384,2397.609,6321.758,AX4Z4,3,90
883,radial,0.025,0.000e0,-1379.384,2397.609,6321.758,AX4Z4,3,0.000,-1355.382,2392.931,6323.271,AX4Z4,3,0.000
884,hinge,0.028,0.000e0,-1355.382,2392.931,6323.271,AX4Z4,3,0.000,-1346.344,2376.459,6301.841,AX4Z4,3,0.000
885,axial,0.006,0.000e0,-1379.384,2397.609,6321.758,AX4Z4,3,90,-1379.061,2400.886,6326.774,AX4Z4,4,90
886,radial,0.025,0.000e0,-1379.061,2400.886,6326.774,AX4Z4,4,0.000,-1403.308,2404.333,6326.081,AX4Z4,4,0.000
887,hinge,0.029,0.000e0,-1403.308,2404.333,6326.081,AX4Z4,4,0.000,-1428.500,2400.022,6313.471,AX4Z4,4,0.000
888,axial,0.008,0.000e0,-691.457,-812.124,8997.030,BX1Z2,0,90,-695.378,-808.747,9003.772,BX1Z2,1,90
889,radial,0.025,0.000e0,-695.378,-808.747,9003.772,BX1Z2,1,0.000,-675.246,-812.318,9017.271,BX1Z2,1,0.000
890,hinge,0.029,0.000e0,-675.246,-812.318,9017.271,BX1Z2,1,0.000,-669.806,-806.496,9044.635,BX1Z2,1,0.000
891,axial,0.006,0.000e0,-695.378,-808.747,9003.772,BX1Z2,1,90,-698.147,-806.362,9008.532,BX1Z2,2,90
892,radial,0.025,0.000e0,-698.147,-806.362,9008.532,BX1Z2,2,0.000,-711.235,-791.922,8993.686,BX1Z2,2,0.000
893,hinge,0.028,0.000e0,-711.235,-791.922,8993.686,BX1Z2,2,0.000,-723.394,-777.846,8972.093,BX1Z2,2,0.000
894,axial,0.006,0.000e0,-698.147,-806.362,9008.532,BX1Z2,2,90,-700.915,-803.978,9013.291,BX1Z2,3,90
895,radial,0.024,0.000e0,-700.915,-803.978,9013.291,BX1Z2,3,0.000,-715.448,-823.652,9014.695,BX1Z2,3,0.000
896,hinge,0.028,0.000e0,-715.448,-823.652,9014.695,BX1Z2,3,0.000,-716.615,-847.214,8998.705,BX1Z2,3,0.000
897,axial,0.006,0.000e0,-700.915,-803.978,9013.291,BX1Z2,3,90,-703.683,-801.593,9018.051,BX1Z2,4,90
898,radial,0.024,0.000e0,-703.683,-801.593,9018.051,BX1Z2,4,0.000,-686.964,-811.698,9032.837,BX1Z2,4,0.000
899,hinge,0.029,0.000e0,-686.964,-811.698,9032.837,BX1Z2,4,0.000,-663.547,-827.541,9036.430,BX1Z2,4,0.000
900,axial,0.009,0.000e0,3084.953,145.903,4995.561,CX4Z1,0,90,3087.218,140.342,4989.545,CX4Z1,1,90
901,radial,0.025,0.000e0,3087.218,140.342,4989.545,CX4Z1,1,0.000,3083.438,157.390,4972.361,CX4Z1,1,0.000
902,hinge,0.028,0.000e0,3083.438,157.390,4972.361,CX4Z1,1,0.000,3080.716,172.912,4948.614,CX4Z1,1,0.000
903,axial,0.006,0.000e0,3087.218,140.342,4989.545,CX4Z1,1,90,3088.818,136.416,4985.299,CX4Z1,2,90
904,radial,0.025,0.000e0,3088.818,136.416,4985.299,CX4Z1,2,0.000,3086.802,118.113,5001.460,CX4Z1,2,0.000
905,hinge,0.028,0.000e0,3086.802,118.113,5001.460,CX4Z1,2,0.000,3079.531,118.218,5029.017,CX4Z1,2,0.000
906,axial,0.006,0.000e0,3088.818,136.416,4985.299,CX4Z1,2,90,3090.417,132.490,4981.053,CX4Z1,3,90
907,radial,0.025,0.000e0,3090.417,132.490,4981.053,CX4Z1,3,0.000,3067.468,132.420,4972.475,CX4Z1,3,0.000
908,hinge,0.029,0.000e0,3067.468,132.420,4972.475,CX4Z1,3,0.000,3050.424,149.678,4987.438,CX4Z1,3,0.000
909,axial,0.006,0.000e0,3090.417,132.490,4981.053,CX4Z1,3,90,3092.016,128.565,4976.806,CX4Z1,4,90
910,radial,0.024,0.000e0,3092.016,128.565,4976.806,CX4Z1,4,0.000,3110.389,120.712,4990.984,CX4Z1,4,0.000
911,hinge,0.028,0.000e0,3110.389,120.712,4990.984,CX4Z1,4,0.000,3111.352,134.580,5015.864,CX4Z1,4,0.000
912,axial,0.009,0.000e0,-2512.702,1510.311,6376.195,AX4Z0,0,90,-2516.383,1505.565,6382.210,AX4Z0,1,90
913,radial,0.024,0.000e0,-2516.383,1505.565,6382.210,AX4Z0,1,0.000,-2503.349,1517.211,6399.377,AX4Z0,1,0.000
914,hinge,0.028,0.000e0,-2503.349,1517.211,6399.377,AX4Z0,1,0.000,-2491.084,1527.155,6423.104,AX4Z0,1,0.000
915,axial,0.006,0.000e0,-2516.383,1505.565,6382.210,AX4Z0,1,90,-2518.982,1502.215,6386.455,AX4Z0,2,90
916,radial,0.025,0.000e0,-2518.982,1502.215,6386.455,AX4Z0,2,0.000,-2521.365,1522.046,6400.644,AX4Z0,2,0.000
917,hinge,0.029,0.000e0,-2521.365,1522.046,6400.644,AX4Z0,2,0.000,-2510.959,1545.441,6388.128,AX4Z0,2,0.000
918,axial,0.006,0.000e0,-2518.982,1502.215,6386.455,AX4Z0,2,90,-2521.581,1498.865,6390.701,AX4Z0,3,90
919,radial,0.025,0.000e0,-2521.581,1498.865,6390.701,AX4Z0,3,0.000,-2537.928,1490.799,6374.331,AX4Z0,3,0.000
920,hinge,0.028,0.000e0,-2537.928,1490.799,6374.331,AX4Z0,3,0.000,-2541.088,1496.653,6346.618,AX4Z0,3,0.000
921,axial,0.006,0.000e0,-2521.581,1498.865,6390.701,AX4Z0,3,90,-2524.179,1495.515,6394.947,AX4Z0,4,90
922,radial,0.025,0.000e0,-2524.179,1495.515,6394.947,AX4Z0,4,0.000,-2518.392,1475.231,6382.484,AX4Z0,4,0.000
923,hinge,0.028,0.000e0,-2518.392,1475.231,6382.484,AX4Z0,4,0.000,-2506.391,1462.752,6359.846,AX4Z0,4,0.000
924,axial,0.008,0.000e0,2198.174,-269.854,6725.609,CX2Z1,0,90,2200.553,-275.424,6719.646,CX2Z1,1,90
925,radial,0.024,0.000e0,2200.553,-275.424,6719.646,CX2Z1,1,0.000,2217.450,-259.607,6711.612,CX2Z1,1,0.000
926,hinge,0.028,0.000e0,2217.450,-259.607,6711.612,CX2Z1,1,0.000,2238.461,-253.011,6693.521,CX2Z1,1,0.000
927,axial,0.006,0.000e0,2200.553,-275.424,6719.646,CX2Z1,1,90,2202.232,-279.356,6715.437,CX2Z1,2,90
928,radial,0.025,0.000e0,2202.232,-279.356,6715.437,CX2Z1,2,0.000,2194.581,-297.809,6729.622,CX2Z1,2,0.000
929,hinge,0.028,0.000e0,2194.581,-297.809,6729.622,CX2Z1,2,0.000,2182.723,-297.796,6755.537,CX2Z1,2,0.000
930,axial,0.006,0.000e0,2202.232,-279.356,6715.437,CX2Z1,2,90,2203.911,-283.288,6711.227,CX2Z1,3,90
931,radial,0.024,0.000e0,2203.911,-283.288,6711.227,CX2Z1,3,0.000,2227.384,-279.760,6717.294,CX2Z1,3,0.000
932,hinge,0.028,0.000e0,2227.384,-279.760,6717.294,CX2Z1,3,0.000,2247.044,-266.867,6733.404,CX2Z1,3,0.000
933,axial,0.006,0.000e0,2203.911,-283.288,6711.227,CX2Z1,3,90,2205.590,-287.220,6707.018,CX2Z1,4,90
934,radial,0.024,0.000e0,2205.590,-287.220,6707.018,CX2Z1,4,0.000,2182.812,-287.289,6697.996,CX2Z1,4,0.000
935,hinge,0.029,0.000e0,2182.812,-287.289,6697.996,CX2Z1,4,0.000,2155.876,-278.020,6698.905,CX2Z1,4,0.000
936,axial,0.008,0.000e0,3064.428,735.731,5961.898,CX3Z5,0,90,3071.620,738.908,5958.668,CX3Z5,1,90
937,radial,0.024,0.000e0,3071.620,738.908,5958.668,CX3Z5,1,0.000,3069.032,724.668,5938.900,CX3Z5,1,0.000
938,hinge,0.028,0.000e0,3069.032,724.668,5938.900,CX3Z5,1,0.000,3071.100,710.679,5914.155,CX3Z5,1,0.000
939,axial,0.006,0.000e0,3071.620,738.908,5958.668,CX3Z5,1,90,3076.697,741.150,5956.388,CX3Z5,2,90
940,radial,0.024,0.000e0,3076.697,741.150,5956.388,CX3Z5,2,0.000,3070.463,763.438,5964.427,CX3Z5,2,0.000
941,hinge,0.028,0.000e0,3070.463,763.438,5964.427,CX3Z5,2,0.000,3052.125,780.566,5977.940,CX3Z5,2,0.000
942,axial,0.006,0.000e0,3076.697,741.150,5956.388,CX3Z5,2,90,3081.774,743.393,5954.107,CX3Z5,3,90
943,radial,0.024,0.000e0,3081.774,743.393,5954.107,CX3Z5,3,0.000,3093.017,721.992,5958.093,CX3Z5,3,0.000
944,hinge,0.029,0.000e0,3093.017,721.992,5958.093,CX3Z5,3,0.000,3083.397,697.622,5969.309,CX3Z5,3,0.000
945,axial,0.006,0.000e0,3081.774,743.393,5954.107,CX3Z5,3,90,3086.851,745.635,5951.828,CX3Z5,4,90
946,radial,0.025,0.000e0,3086.851,745.635,5951.828,CX3Z5,4,0.000,3098.357,741.086,5972.974,CX3Z5,4,0.000
947,hinge,0.029,0.000e0,3098.357,741.086,5972.974,CX3Z5,4,0.000,3088.939,729.576,5997.286,CX3Z5,4,0.000
948,axial,0.009,0.000e0,-114.576,-3240.950,5056.492,BX4Z3,0,90,-113.563,-3248.203,5052.177,BX4Z3,1,90
949,radial,0.025,0.000e0,-113.563,-3248.203,5052.177,BX4Z3,1,0.000,-124.942,-3238.307,5032.869,BX4Z3,1,0.000
950,hinge,0.028,0.000e0,-124.942,-3238.307,5032.869,BX4Z3,1,0.000,-137.184,-3232.103,5007.891,BX4Z3,1,0.000
951,axial,0.006,0.000e0,-113.563,-3248.203,5052.177,BX4Z3,1,90,-112.847,-3253.323,5049.132,BX4Z3,2,90
952,radial,0.024,0.000e0,-112.847,-3253.323,5049.132,BX4Z3,2,0.000,-108.539,-3265.206,5070.119,BX4Z3,2,0.000
953,hinge,0.028,0.000e0,-108.539,-3265.206,5070.119,BX4Z3,2,0.000,-107.817,-3255.921,5097.055,BX4Z3,2,0.000
954,axial,0.006,0.000e0,-112.847,-3253.323,5049.132,BX4Z3,2,90,-112.132,-3258.442,5046.086,BX4Z3,3,90
955,radial,0.025,0.000e0,-112.132,-3258.442,5046.086,BX4Z3,3,0.000,-136.456,-3260.864,5044.442,BX4Z3,3,0.000
956,hinge,0.028,0.000e0,-136.456,-3260.864,5044.442,BX4Z3,3,0.000,-150.207,-3239.371,5057.139,BX4Z3,3,0.000
957,axial,0.006,0.000e0,-112.132,-3258.442,5046.086,BX4Z3,3,90,-111.416,-3263.562,5043.040,BX4Z3,4,90
958,radial,0.025,0.000e0,-111.416,-3263.562,5043.040,BX4Z3,4,0.000,-89.533,-3266.774,5053.580,BX4Z3,4,0.000
959,hinge,0.028,0.000e0,-89.533,-3266.774,5053.580,BX4Z3,4,0.000,-83.149,-3245.625,5071.586,BX4Z3,4,0.000
960,axial,0.008,0.000e0,2864.589,1521.524,5056.416,CX4Z3,0,90,2870.361,1526.030,5052.100,CX4Z3,1,90
961,radial,0.024,0.000e0,2870.361,1526.030,5052.100,CX4Z3,1,0.000,2867.479,1511.227,5032.791,CX4Z3,1,0.000
962,hinge,0.029,0.000e0,2867.479,1511.227,5032.791,CX4Z3,1,0.000,2868.223,1497.525,5007.812,CX4Z3,1,0.000
963,axial,0.006,0.000e0,2870.361,1526.030,5052.100,CX4Z3,1,90,2874.436,1529.211,5049.053,CX4Z3,2,90
964,radial,0.024,0.000e0,2874.436,1529.211,5049.053,CX4Z3,2,0.000,2882.577,1538.883,5070.039,CX4Z3,2,0.000
965,hinge,0.028,0.000e0,2882.577,1538.883,5070.039,CX4Z3,2,0.000,2874.184,1534.862,5096.976,CX4Z3,2,0.000
966,axial,0.006,0.000e0,2874.436,1529.211,5049.053,CX4Z3,2,90,2878.510,1532.391,5046.006,CX4Z3,3,90
967,radial,0.024,0.000e0,2878.510,1532.391,5046.006,CX4Z3,3,0.000,2892.779,1512.543,5044.367,CX4Z3,3,0.000
968,hinge,0.028,0.000e0,2892.779,1512.543,5044.367,CX4Z3,3,0.000,2881.052,1489.886,5057.071,CX4Z3,3,0.000
969,axial,0.006,0.000e0,2878.510,1532.391,5046.006,CX4Z3,3,90,2882.584,1535.572,5042.959,CX4Z3,4,90
970,radial,0.025,0.000e0,2882.584,1535.572,5042.959,CX4Z3,4,0.000,2874.426,1556.125,5053.507,CX4Z3,4,0.000
971,hinge,0.029,0.000e0,2874.426,1556.125,5053.507,CX4Z3,4,0.000,2852.926,1551.074,5071.521,CX4Z3,4,0.000
972,axial,0.009,0.000e0,-342.286,-1611.544,6025.814,BX4Z2,0,90,-343.300,-1604.291,6030.129,BX4Z2,1,90
973,radial,0.024,0.000e0,-343.300,-1604.291,6030.129,BX4Z2,1,0.000,-326.518,-1611.626,6046.402,BX4Z2,1,0.000
974,hinge,0.028,0.000e0,-326.518,-1611.626,6046.402,BX4Z2,1,0.000,-308.129,-1614.917,6067.926,BX4Z2,1,0.000
975,axial,0.006,0.000e0,-343.300,-1604.291,6030.129,BX4Z2,1,90,-344.015,-1599.171,6033.175,BX4Z2,2,90
976,radial,0.024,0.000e0,-344.015,-1599.171,6033.175,BX4Z2,2,0.000,-348.698,-1587.363,6012.226,BX4Z2,2,0.000
977,hinge,0.028,0.000e0,-348.698,-1587.363,6012.226,BX4Z2,2,0.000,-349.707,-1596.704,5985.319,BX4Z2,2,0.000
978,axial,0.006,0.000e0,-344.015,-1599.171,6033.175,BX4Z2,2,90,-344.731,-1594.051,6036.221,BX4Z2,3,90
979,radial,0.025,0.000e0,-344.731,-1594.051,6036.221,BX4Z2,3,0.000,-322.848,-1597.263,6046.760,BX4Z2,3,0.000
980,hinge,0.029,0.000e0,-322.848,-1597.263,6046.760,BX4Z2,3,0.000,-310.161,-1621.210,6037.939,BX4Z2,3,0.000
981,axial,0.006,0.000e0,-344.731,-1594.051,6036.221,BX4Z2,3,90,-345.446,-1588.931,6039.267,BX4Z2,4,90
982,radial,0.024,0.000e0,-345.446,-1588.931,6039.267,BX4Z2,4,0.000,-368.144,-1586.769,6030.301,BX4Z2,4,0.000
983,hinge,0.028,0.000e0,-368.144,-1586.769,6030.301,BX4Z2,4,0.000,-389.311,-1596.751,6014.035,BX4Z2,4,0.000
984,axial,0.008,0.000e0,-1146.995,-1204.812,7976.913,BX2Z4,0,90,-1151.764,-1202.803,7983.655,BX2Z4,1,90
985,radial,0.025,0.000e0,-1151.764,-1202.803,7983.655,BX2Z4,1,0.000,-1141.689,-1180.476,7984.129,BX2Z4,1,0.000
986,hinge,0.029,0.000e0,-1141.689,-1180.476,7984.129,BX2Z4,1,0.000,-1139.535,-1154.615,7995.912,BX2Z4,1,0.000
987,axial,0.006,0.000e0,-1151.764,-1202.803,7983.655,BX2Z4,1,90,-1155.131,-1201.385,7988.415,BX2Z4,2,90
988,radial,0.025,0.000e0,-1155.131,-1201.385,7988.415,BX2Z4,2,0.000,-1164.873,-1182.677,7975.951,BX2Z4,2,0.000
989,hinge,0.029,0.000e0,-1164.873,-1182.677,7975.951,BX2Z4,2,0.000,-1154.292,-1180.770,7949.557,BX2Z4,2,0.000
990,axial,0.006,0.000e0,-1155.131,-1201.385,7988.415,BX2Z4,2,90,-1158.497,-1199.967,7993.175,BX2Z4,3,90
991,radial,0.024,0.000e0,-1158.497,-1199.967,7993.175,BX2Z4,3,0.000,-1178.387,-1208.403,7981.622,BX2Z4,3,0.000
992,hinge,0.029,0.000e0,-1178.387,-1208.403,7981.622,BX2Z4,3,0.000,-1181.498,-1219.924,7955.740,BX2Z4,3,0.000
993,axial,0.006,0.000e0,-1158.497,-1199.967,7993.175,BX2Z4,3,90,-1161.864,-1198.549,7997.935,BX2Z4,4,90
994,radial,0.024,0.000e0,-1161.864,-1198.549,7997.935,BX2Z4,4,0.000,-1153.704,-1218.465,8009.640,BX2Z4,4,0.000
995,hinge,0.028,0.000e0,-1153.704,-1218.465,8009.640,BX2Z4,4,0.000,-1141.094,-1242.528,8018.257,BX2Z4,4,0.000
996,axial,0.008,0.000e0,2715.851,165.387,7256.058,CX3Z2,0,90,2718.375,160.861,7262.795,CX3Z2,1,90
997,radial,0.025,0.000e0,2718.375,160.861,7262.795,CX3Z2,1,0.000,2700.192,170.502,7276.086,CX3Z2,1,0.000
998,hinge,0.028,0.000e0,2700.192,170.502,7276.086,CX3Z2,1,0.000,2686.106,172.627,7300.771,CX3Z2,1,0.000
999,axial,0.006,0.000e0,2718.375,160.861,7262.795,CX3Z2,1,90,2720.158,157.666,7267.550,CX3Z2,2,90
1000,radial,0.024,0.000e0,2720.158,157.666,7267.550,CX3Z2,2,0.000,2722.118,178.272,7280.658,CX3Z2,2,0.000
1001,hinge,0.029,0.000e0,2722.118,178.272,7280.658,CX3Z2,2,0.000,2717.225,205.450,7273.613,CX3Z2,2,0.000
1002,axial,0.006,0.000e0,2720.158,157.666,7267.550,CX3Z2,2,90,2721.940,154.471,7272.307,CX3Z2,3,90
1003,radial,0.024,0.000e0,2721.940,154.471,7272.307,CX3Z2,3,0.000,2744.138,151.904,7262.263,CX3Z2,3,0.000
1004,hinge,0.029,0.000e0,2744.138,151.904,7262.263,CX3Z2,3,0.000,2745.963,164.856,7236.941,CX3Z2,3,0.000
1005,axial,0.006,0.000e0,2721.940,154.471,7272.307,CX3Z2,3,90,2723.722,151.277,7277.062,CX3Z2,4,90
1006,radial,0.024,0.000e0,2723.722,151.277,7277.062,CX3Z2,4,0.000,2710.795,132.084,7269.013,CX3Z2,4,0.000
1007,hinge,0.029,0.000e0,2710.795,132.084,7269.013,CX3Z2,4,0.000,2693.540,120.336,7249.609,CX3Z2,4,0.000
1008,axial,0.009,0.000e0,-1023.568,-415.873,8268.227,Z2,0,90,-1030.200,-416.535,8262.951,Z2,1,90
1009,radial,0.025,0.000e0,-1030.200,-416.535,8262.951,Z2,1,0.000,-1025.779,-440.497,8260.398,Z2,1,0.000
1010,hinge,0.029,0.000e0,-1025.779,-440.497,8260.398,Z2,1,0.000,-1032.444,-465.746,8248.983,Z2,1,0.000
1011,axial,0.006,0.000e0,-1030.200,-416.535,8262.951,Z2,1,90,-1034.881,-417.002,8259.227,Z2,2,90
1012,radial,0.024,0.000e0,-1034.881,-417.002,8259.227,Z2,2,0.000,-1043.298,-436.010,8272.191,Z2,2,0.000
1013,hinge,0.029,0.000e0,-1043.298,-436.010,8272.191,Z2,2,0.000,-1032.939,-448.843,8295.435,Z2,2,0.000
1014,axial,0.006,0.000e0,-1034.881,-417.002,8259.227,Z2,2,90,-1039.562,-417.469,8255.504,Z2,3,90
1015,radial,0.024,0.000e0,-1039.562,-417.469,8255.504,Z2,3,0.000,-1026.681,-406.297,8237.910,Z2,3,0.000
1016,hinge,0.029,0.000e0,-1026.681,-406.297,8237.910,Z2,3,0.000,-1007.402,-393.124,8221.569,Z2,3,0.000
1017,axial,0.006,0.000e0,-1039.562,-417.469,8255.504,Z2,3,90,-1044.244,-417.936,8251.779,Z2,4,90
1018,radial,0.024,0.000e0,-1044.244,-417.936,8251.779,Z2,4,0.000,-1052.792,-396.433,8259.828,Z2,4,0.000
1019,hinge,0.029,0.000e0,-1052.792,-396.433,8259.828,Z2,4,0.000,-1050.286,-373.661,8276.782,Z2,4,0.000
1020,axial,0.009,0.000e0,-2251.673,2119.804,3777.518,AX4YZ1,0,90,-2253.492,2121.447,3769.379,AX4YZ1,1,90
1021,radial,0.024,0.000e0,-2253.492,2121.447,3769.379,AX4YZ1,1,0.000,-2243.295,2143.615,3771.575,AX4YZ1,1,0.000
1022,hinge,0.028,0.000e0,-2243.295,2143.615,3771.575,AX4YZ1,1,0.000,-2230.909,2156.375,3793.847,AX4YZ1,1,0.000
1023,axial,0.006,0.000e0,-2253.492,2121.447,3769.379,AX4YZ1,1,90,-2254.776,2122.607,3763.634,AX4YZ1,2,90
1024,radial,0.024,0.000e0,-2254.776,2122.607,3763.634,AX4YZ1,2,0.000,-2238.797,2105.422,3756.593,AX4YZ1,2,0.000
1025,hinge,0.029,0.000e0,-2238.797,2105.422,3756.593,AX4YZ1,2,0.000,-2221.999,2088.149,3771.815,AX4YZ1,2,0.000
1026,axial,0.006,0.000e0,-2254.776,2122.607,3763.634,AX4YZ1,2,90,-2256.060,2123.767,3757.889,AX4YZ1,3,90
1027,radial,0.024,0.000e0,-2256.060,2123.767,3757.889,AX4YZ1,3,0.000,-2279.617,2118.510,3762.092,AX4YZ1,3,0.000
1028,hinge,0.029,0.000e0,-2279.617,2118.510,3762.092,AX4YZ1,3,0.000,-2292.993,2110.339,3785.895,AX4YZ1,3,0.000
1029,axial,0.009,0.000e0,152.363,1095.029,8268.144,Z10,0,90,155.105,1101.104,8262.868,Z10,1,90
1030,radial,0.025,0.000e0,155.105,1101.104,8262.868,Z10,1,0.000,132.142,1109.257,8260.320,Z10,1,0.000
1031,hinge,0.029,0.000e0,132.142,1109.257,8260.320,Z10,1,0.000,113.606,1127.654,8248.910,Z10,1,0.000
1032,axial,0.006,0.000e0,155.105,1101.104,8262.868,Z10,1,90,157.041,1105.392,8259.144,Z10,2,90
1033,radial,0.024,0.000e0,157.041,1105.392,8259.144,Z10,2,0.000,144.786,1122.184,8272.109,Z10,2,0.000
1034,hinge,0.029,0.000e0,144.786,1122.184,8272.109,Z10,2,0.000,128.495,1119.627,8295.354,Z10,2,0.000
1035,axial,0.006,0.000e0,157.041,1105.392,8259.144,Z10,2,90,158.976,1109.680,8255.420,Z10,3,90
1036,radial,0.025,0.000e0,158.976,1109.680,8255.420,Z10,3,0.000,162.213,1092.939,8237.826,Z10,3,0.000
1037,hinge,0.029,0.000e0,162.213,1092.939,8237.826,Z10,3,0.000,163.985,1069.656,8221.485,Z10,3,0.000
1038,axial,0.006,0.000e0,158.976,1109.680,8255.420,Z10,3,90,160.912,1113.968,8251.696,Z10,4,90
1039,radial,0.025,0.000e0,160.912,1113.968,8251.696,Z10,4,0.000,183.809,1110.620,8259.743,Z10,4,0.000
1040,hinge,0.029,0.000e0,183.809,1110.620,8259.743,Z10,4,0.000,202.280,1097.063,8276.693,Z10,4,0.000
1041,axial,0.009,0.000e0,1617.997,-390.998,7976.840,CX2Z4,0,90,1618.642,-396.133,7983.583,CX2Z4,1,90
1042,radial,0.024,0.000e0,1618.642,-396.133,7983.583,CX2Z4,1,0.000,1594.269,-398.574,7984.056,CX2Z4,1,0.000
1043,hinge,0.029,0.000e0,1594.269,-398.574,7984.056,CX2Z4,1,0.000,1570.796,-409.642,7995.836,CX2Z4,1,0.000
1044,axial,0.006,0.000e0,1618.642,-396.133,7983.583,CX2Z4,1,90,1619.098,-399.757,7988.343,CX2Z4,2,90
1045,radial,0.025,0.000e0,1619.098,-399.757,7988.343,CX2Z4,2,0.000,1607.763,-417.546,7975.880,CX2Z4,2,0.000
1046,hinge,0.028,0.000e0,1607.763,-417.546,7975.880,CX2Z4,2,0.000,1600.818,-409.335,7949.487,CX2Z4,2,0.000
1047,axial,0.006,0.000e0,1619.098,-399.757,7988.343,CX2Z4,2,90,1619.553,-403.382,7993.102,CX2Z4,3,90
1048,radial,0.024,0.000e0,1619.553,-403.382,7993.102,CX2Z4,3,0.000,1636.800,-416.391,7981.545,CX2Z4,3,0.000
1049,hinge,0.029,0.000e0,1636.800,-416.391,7981.545,CX2Z4,3,0.000,1648.330,-413.325,7955.663,CX2Z4,3,0.000
1050,axial,0.006,0.000e0,1619.553,-403.382,7993.102,CX2Z4,3,90,1620.008,-407.007,7997.862,CX2Z4,4,90
1051,radial,0.024,0.000e0,1620.008,-407.007,7997.862,CX2Z4,4,0.000,1633.173,-389.980,8009.568,CX2Z4,4,0.000
1052,hinge,0.029,0.000e0,1633.173,-389.980,8009.568,CX2Z4,4,0.000,1647.703,-367.027,8018.188,CX2Z4,4,0.000
1053,axial,0.009,0.000e0,2470.864,732.441,5491.210,CX4YZ0,0,90,2468.535,731.687,5499.351,CX4YZ0,1,90
1054,radial,0.025,0.000e0,2468.535,731.687,5499.351,CX4YZ0,1,0.000,2445.660,726.438,5492.320,CX4YZ0,1,0.000
1055,hinge,0.029,0.000e0,2445.660,726.438,5492.320,CX4YZ0,1,0.000,2426.520,722.412,5471.591,CX4YZ0,1,0.000
1056,axial,0.006,0.000e0,2468.535,731.687,5499.351,CX4YZ0,1,90,2466.892,731.156,5505.097,CX4YZ0,2,90
1057,radial,0.024,0.000e0,2466.892,731.156,5505.097,CX4YZ0,2,0.000,2474.114,754.187,5509.294,CX4YZ0,2,0.000
1058,hinge,0.028,0.000e0,2474.114,754.187,5509.294,CX4YZ0,2,0.000,2485.294,778.653,5499.877,CX4YZ0,2,0.000
1059,axial,0.006,0.000e0,2466.892,731.156,5505.097,CX4YZ0,2,90,2465.248,730.624,5510.842,CX4YZ0,3,90
1060,radial,0.025,0.000e0,2465.248,730.624,5510.842,CX4YZ0,3,0.000,2479.345,710.706,5513.032,CX4YZ0,3,0.000
1061,hinge,0.029,0.000e0,2479.345,710.706,5513.032,CX4YZ0,3,0.000,2497.450,691.903,5501.591,CX4YZ0,3,0.000
1062,axial,0.008,0.000e0,-1331.419,-1767.971,6725.453,BX2Z1,0,90,-1337.431,-1767.246,6719.487,BX2Z1,1,90
1063,radial,0.025,0.000e0,-1337.431,-1767.246,6719.487,BX2Z1,1,0.000,-1332.197,-1789.798,6711.472,BX2Z1,1,0.000
1064,hinge,0.029,0.000e0,-1332.197,-1789.798,6711.472,BX2Z1,1,0.000,-1337.002,-1811.303,6693.396,BX2Z1,1,0.000
1065,axial,0.006,0.000e0,-1337.431,-1767.246,6719.487,BX2Z1,1,90,-1341.674,-1766.734,6715.276,BX2Z1,2,90
1066,radial,0.025,0.000e0,-1341.674,-1766.734,6715.276,BX2Z1,2,0.000,-1353.837,-1750.885,6729.458,BX2Z1,2,0.000
1067,hinge,0.029,0.000e0,-1353.837,-1750.885,6729.458,BX2Z1,2,0.000,-1347.906,-1740.624,6755.377,BX2Z1,2,0.000
1068,axial,0.006,0.000e0,-1341.674,-1766.734,6715.276,BX2Z1,2,90,-1345.918,-1766.223,6711.065,BX2Z1,3,90
1069,radial,0.025,0.000e0,-1345.918,-1766.223,6711.065,BX2Z1,3,0.000,-1354.609,-1788.309,6717.140,BX2Z1,3,0.000
1070,hinge,0.029,0.000e0,-1354.609,-1788.309,6717.140,BX2Z1,3,0.000,-1353.287,-1811.774,6733.261,BX2Z1,3,0.000
1071,axial,0.006,0.000e0,-1345.918,-1766.223,6711.065,BX2Z1,3,90,-1350.161,-1765.711,6706.854,BX2Z1,4,90
1072,radial,0.025,0.000e0,-1350.161,-1765.711,6706.854,BX2Z1,4,0.000,-1338.838,-1745.940,6697.846,BX2Z1,4,0.000
1073,hinge,0.029,0.000e0,-1338.838,-1745.940,6697.846,BX2Z1,4,0.000,-1317.353,-1727.237,6698.773,BX2Z1,4,0.000
1074,axial,0.009,0.000e0,701.581,370.739,7434.181,CX2Z2,0,90,693.591,368.025,7435.200,CX2Z2,1,90
1075,radial,0.024,0.000e0,693.591,368.025,7435.200,CX2Z2,1,0.000,689.562,385.967,7451.389,CX2Z2,1,0.000
1076,hinge,0.029,0.000e0,689.562,385.967,7451.389,CX2Z2,1,0.000,672.107,399.494,7469.406,CX2Z2,1,0.000
1077,axial,0.006,0.000e0,693.591,368.025,7435.200,CX2Z2,1,90,687.950,366.110,7435.919,CX2Z2,2,90
1078,radial,0.025,0.000e0,687.950,366.110,7435.919,CX2Z2,2,0.000,694.528,343.824,7428.151,CX2Z2,2,0.000
1079,hinge,0.028,0.000e0,694.528,343.824,7428.151,CX2Z2,2,0.000,714.550,325.923,7418.617,CX2Z2,2,0.000
1080,axial,0.006,0.000e0,687.950,366.110,7435.919,CX2Z2,2,90,682.310,364.194,7436.638,CX2Z2,3,90
1081,radial,0.024,0.000e0,682.310,364.194,7436.638,CX2Z2,3,0.000,678.110,367.591,7412.741,CX2Z2,3,0.000
1082,hinge,0.028,0.000e0,678.110,367.591,7412.741,CX2Z2,3,0.000,695.125,377.049,7391.925,CX2Z2,3,0.000
1083,axial,0.006,0.000e0,682.310,364.194,7436.638,CX2Z2,3,90,676.670,362.279,7437.357,CX2Z2,4,90
1084,radial,0.025,0.000e0,676.670,362.279,7437.357,CX2Z2,4,0.000,668.986,385.491,7438.919,CX2Z2,4,0.000
1085,hinge,0.029,0.000e0,668.986,385.491,7438.919,CX2Z2,4,0.000,690.479,404.041,7436.433,CX2Z2,4,0.000
1086,axial,0.008,0.000e0,-1375.156,-2388.833,6304.765,BX4Z4,0,90,-1379.403,-2390.760,6311.872,BX4Z4,1,90
1087,radial,0.025,0.000e0,-1379.403,-2390.760,6311.872,BX4Z4,1,0.000,-1374.744,-2368.393,6320.718,BX4Z4,1,0.000
1088,hinge,0.028,0.000e0,-1374.744,-2368.393,6320.718,BX4Z4,1,0.000,-1372.404,-2344.285,6335.739,BX4Z4,1,0.000
1089,axial,0.006,0.000e0,-1379.403,-2390.760,6311.872,BX4Z4,1,90,-1382.400,-2392.119,6316.888,BX4Z4,2,90
1090,radial,0.025,0.000e0,-1382.400,-2392.119,6316.888,BX4Z4,2,0.000,-1396.646,-2407.498,6304.207,BX4Z4,2,0.000
1091,hinge,0.028,0.000e0,-1396.646,-2407.498,6304.207,BX4Z4,2,0.000,-1396.772,-2414.360,6276.545,BX4Z4,2,0.000
1092,axial,0.006,0.000e0,-1382.400,-2392.119,6316.888,BX4Z4,2,90,-1385.398,-2393.479,6321.905,BX4Z4,3,90
1093,radial,0.024,0.000e0,-1385.398,-2393.479,6321.905,BX4Z4,3,0.000,-1376.269,-2416.204,6321.199,BX4Z4,3,0.000
1094,hinge,0.028,0.000e0,-1376.269,-2416.204,6321.199,BX4Z4,3,0.000,-1359.954,-2435.868,6308.574,BX4Z4,3,0.000
1095,axial,0.006,0.000e0,-1385.398,-2393.479,6321.905,BX4Z4,3,90,-1388.395,-2394.839,6326.921,BX4Z4,4,90
1096,radial,0.024,0.000e0,-1388.395,-2394.839,6326.921,BX4Z4,4,0.000,-1396.355,-2371.718,6328.433,BX4Z4,4,0.000
1097,hinge,0.029,0.000e0,-1396.355,-2371.718,6328.433,BX4Z4,4,0.000,-1386.621,-2355.653,6306.998,BX4Z4,4,0.000
1098,axial,0.008,0.000e0,1900.626,616.810,4699.900,CX4Z5,0,90,1896.831,619.527,4692.797,CX4Z5,1,90
1099,radial,0.024,0.000e0,1896.831,619.527,4692.797,CX4Z5,1,0.000,1918.722,622.211,4682.128,CX4Z5,1,0.000
1100,hinge,0.028,0.000e0,1918.722,622.211,4682.128,CX4Z5,1,0.000,1940.985,627.160,4665.037,CX4Z5,1,0.000
1101,axial,0.006,0.000e0,1896.831,619.527,4692.797,CX4Z5,1,90,1894.152,621.445,4687.782,CX4Z5,2,90
1102,radial,0.024,0.000e0,1894.152,621.445,4687.782,CX4Z5,2,0.000,1878.109,602.989,4689.295,CX4Z5,2,0.000
1103,hinge,0.028,0.000e0,1878.109,602.989,4689.295,CX4Z5,2,0.000,1882.917,586.501,4712.039,CX4Z5,2,0.000
1104,axial,0.006,0.000e0,1894.152,621.445,4687.782,CX4Z5,2,90,1891.473,623.362,4682.768,CX4Z5,3,90
1105,radial,0.024,0.000e0,1891.473,623.362,4682.768,CX4Z5,3,0.000,1871.334,628.814,4695.611,CX4Z5,3,0.000
1106,hinge,0.029,0.000e0,1871.334,628.814,4695.611,CX4Z5,3,0.000,1865.569,626.100,4723.390,CX4Z5,3,0.000
1107,axial,0.006,0.000e0,1891.473,623.362,4682.768,CX4Z5,3,90,1888.794,625.280,4677.753,CX4Z5,4,90
1108,radial,0.024,0.000e0,1888.794,625.280,4677.753,CX4Z5,4,0.000,1898.732,647.449,4680.921,CX4Z5,4,0.000
1109,hinge,0.029,0.000e0,1898.732,647.449,4680.921,CX4Z5,4,0.000,1914.861,648.663,4704.387,CX4Z5,4,0.000
1110,axial,0.008,0.000e0,-1439.715,861.303,6390.384,AX2Z5,0,90,-1443.840,858.179,6383.641,AX2Z5,1,90
1111,radial,0.024,0.000e0,-1443.840,858.179,6383.641,AX2Z5,1,0.000,-1430.417,872.372,6368.855,AX2Z5,1,0.000
1112,hinge,0.028,0.000e0,-1430.417,872.372,6368.855,AX2Z5,1,0.000,-1418.019,886.344,6347.330,AX2Z5,1,0.000
1113,axial,0.006,0.000e0,-1443.840,858.179,6383.641,AX2Z5,1,90,-1446.752,855.974,6378.880,AX2Z5,2,90
1114,radial,0.024,0.000e0,-1446.752,855.974,6378.880,AX2Z5,2,0.000,-1439.473,833.368,6384.899,AX2Z5,2,0.000
1115,hinge,0.028,0.000e0,-1439.473,833.368,6384.899,AX2Z5,2,0.000,-1423.480,824.020,6406.558,AX2Z5,2,0.000
1116,axial,0.006,0.000e0,-1446.752,855.974,6378.880,AX2Z5,2,90,-1449.664,853.769,6374.120,AX2Z5,3,90
1117,radial,0.025,0.000e0,-1449.664,853.769,6374.120,AX2Z5,3,0.000,-1470.005,851.543,6387.594,AX2Z5,3,0.000
1118,hinge,0.028,0.000e0,-1470.005,851.543,6387.594,AX2Z5,3,0.000,-1483.581,854.538,6412.473,AX2Z5,3,0.000
1119,axial,0.006,0.000e0,-1449.664,853.769,6374.120,AX2Z5,3,90,-1452.576,851.564,6369.360,AX2Z5,4,90
1120,radial,0.025,0.000e0,-1452.576,851.564,6369.360,AX2Z5,4,0.000,-1432.408,854.351,6355.732,AX2Z5,4,0.000
1121,hinge,0.029,0.000e0,-1432.408,854.351,6355.732,AX2Z5,4,0.000,-1410.795,865.277,6370.758,AX2Z5,4,0.000
1122,axial,0.008,0.000e0,-1868.649,1773.771,5491.384,AX4YZ0,0,90,-1866.830,1772.128,5499.522,AX4YZ0,1,90
1123,radial,0.025,0.000e0,-1866.830,1772.128,5499.522,AX4YZ0,1,0.000,-1856.632,1794.296,5501.719,AX4YZ0,1,0.000
1124,hinge,0.029,0.000e0,-1856.632,1794.296,5501.719,AX4YZ0,1,0.000,-1849.408,1819.384,5490.288,AX4YZ0,1,0.000
1125,axial,0.006,0.000e0,-1866.830,1772.128,5499.522,AX4YZ0,1,90,-1865.546,1770.968,5505.268,AX4YZ0,2,90
1126,radial,0.025,0.000e0,-1865.546,1770.968,5505.268,AX4YZ0,2,0.000,-1849.566,1753.783,5498.227,AX4YZ0,2,0.000
1127,hinge,0.028,0.000e0,-1849.566,1753.783,5498.227,AX4YZ0,2,0.000,-1836.517,1739.225,5477.489,AX4YZ0,2,0.000
1128,axial,0.006,0.000e0,-1865.546,1770.968,5505.268,AX4YZ0,2,90,-1864.262,1769.808,5511.013,AX4YZ0,3,90
1129,radial,0.025,0.000e0,-1864.262,1769.808,5511.013,AX4YZ0,3,0.000,-1887.819,1764.551,5515.216,AX4YZ0,3,0.000
1130,hinge,0.029,0.000e0,-1887.819,1764.551,5515.216,AX4YZ0,3,0.000,-1914.601,1762.010,5505.806,AX4YZ0,3,0.000
1131,axial,0.009,0.000e0,-1223.927,1103.370,6025.879,AX4Z2,0,90,-1217.138,1100.623,6030.192,AX4Z2,1,90
1132,radial,0.024,0.000e0,-1217.138,1100.623,6030.192,AX4Z2,1,0.000,-1231.875,1089.751,6046.466,AX4Z2,1,0.000
1133,hinge,0.028,0.000e0,-1231.875,1089.751,6046.466,AX4Z2,1,0.000,-1243.912,1075.466,6067.991,AX4Z2,1,0.000
1134,axial,0.006,0.000e0,-1217.138,1100.623,6030.192,AX4Z2,1,90,-1212.345,1098.684,6033.237,AX4Z2,2,90
1135,radial,0.025,0.000e0,-1212.345,1098.684,6033.237,AX4Z2,2,0.000,-1199.784,1096.830,6012.284,AX4Z2,2,0.000
1136,hinge,0.028,0.000e0,-1199.784,1096.830,6012.284,AX4Z2,2,0.000,-1207.378,1102.367,5985.378,AX4Z2,2,0.000
1137,axial,0.006,0.000e0,-1212.345,1098.684,6033.237,AX4Z2,2,90,-1207.553,1096.745,6036.282,AX4Z2,3,90
1138,radial,0.025,0.000e0,-1207.553,1096.745,6036.282,AX4Z2,3,0.000,-1221.267,1079.391,6046.817,AX4Z2,3,0.000
1139,hinge,0.028,0.000e0,-1221.267,1079.391,6046.817,AX4Z2,3,0.000,-1248.351,1080.369,6037.999,AX4Z2,3,0.000
1140,axial,0.006,0.000e0,-1207.553,1096.745,6036.282,AX4Z2,3,90,-1202.760,1094.805,6039.327,AX4Z2,4,90
1141,radial,0.025,0.000e0,-1202.760,1094.805,6039.327,AX4Z2,4,0.000,-1189.543,1113.380,6030.353,AX4Z2,4,0.000
1142,hinge,0.029,0.000e0,-1189.543,1113.380,6030.353,AX4Z2,4,0.000,-1187.610,1136.699,6014.081,AX4Z2,4,0.000
1143,axial,0.009,0.000e0,1282.856,1033.816,7370.590,CX1Z3,0,90,1283.821,1038.901,7363.848,CX1Z3,1,90
1144,radial,0.024,0.000e0,1283.821,1038.901,7363.848,CX1Z3,1,0.000,1308.146,1037.946,7366.609,CX1Z3,1,0.000
1145,hinge,0.029,0.000e0,1308.146,1037.946,7366.609,CX1Z3,1,0.000,1329.152,1050.085,7351.654,CX1Z3,1,0.000
1146,axial,0.006,0.000e0,1283.821,1038.901,7363.848,CX1Z3,1,90,1284.502,1042.491,7359.088,CX1Z3,2,90
1147,radial,0.024,0.000e0,1284.502,1042.491,7359.088,CX1Z3,2,0.000,1299.936,1056.555,7371.904,CX1Z3,2,0.000
1148,hinge,0.029,0.000e0,1299.936,1056.555,7371.904,CX1Z3,2,0.000,1309.273,1054.420,7398.747,CX1Z3,2,0.000
1149,axial,0.006,0.000e0,1284.502,1042.491,7359.088,CX1Z3,2,90,1285.183,1046.080,7354.329,CX1Z3,3,90
1150,radial,0.025,0.000e0,1285.183,1046.080,7354.329,CX1Z3,3,0.000,1266.711,1060.090,7362.251,CX1Z3,3,0.000
1151,hinge,0.028,0.000e0,1266.711,1060.090,7362.251,CX1Z3,3,0.000,1250.172,1057.913,7385.359,CX1Z3,3,0.000
1152,axial,0.006,0.000e0,1285.183,1046.080,7354.329,CX1Z3,3,90,1285.864,1049.670,7349.570,CX1Z3,4,90
1153,radial,0.025,0.000e0,1285.864,1049.670,7349.570,CX1Z3,4,0.000,1268.065,1037.551,7337.882,CX1Z3,4,0.000
1154,hinge,0.028,0.000e0,1268.065,1037.551,7337.882,CX1Z3,4,0.000,1248.517,1016.818,7337.413,CX1Z3,4,0.000
1155,axial,0.008,0.000e0,593.416,-888.336,8468.146,BX1Z0,0,90,599.629,-887.540,8473.891,BX1Z0,1,90
1156,radial,0.025,0.000e0,599.629,-887.540,8473.891,BX1Z0,1,0.000,613.019,-874.976,8457.669,BX1Z0,1,0.000
1157,hinge,0.029,0.000e0,613.019,-874.976,8457.669,BX1Z0,1,0.000,632.586,-860.126,8443.217,BX1Z0,1,0.000
1158,axial,0.006,0.000e0,599.629,-887.540,8473.891,BX1Z0,1,90,604.015,-886.979,8477.946,BX1Z0,2,90
1159,radial,0.024,0.000e0,604.015,-886.979,8477.946,BX1Z0,2,0.000,615.307,-870.741,8463.486,BX1Z0,2,0.000
1160,hinge,0.029,0.000e0,615.307,-870.741,8463.486,BX1Z0,2,0.000,600.910,-866.137,8439.324,BX1Z0,2,0.000
1161,axial,0.006,0.000e0,604.015,-886.979,8477.946,BX1Z0,2,90,608.401,-886.418,8482.001,BX1Z0,3,90
1162,radial,0.024,0.000e0,608.401,-886.418,8482.001,BX1Z0,3,0.000,594.363,-897.533,8498.723,BX1Z0,3,0.000
1163,hinge,0.028,0.000e0,594.363,-897.533,8498.723,BX1Z0,3,0.000,574.057,-910.734,8513.744,BX1Z0,3,0.000
1164,axial,0.006,0.000e0,608.401,-886.418,8482.001,BX1Z0,3,90,612.788,-885.856,8486.058,BX1Z0,4,90
1165,radial,0.024,0.000e0,612.788,-885.856,8486.058,BX1Z0,4,0.000,625.143,-904.020,8475.209,BX1Z0,4,0.000
1166,hinge,0.029,0.000e0,625.143,-904.020,8475.209,BX1Z0,4,0.000,618.848,-919.894,8452.392,BX1Z0,4,0.000
1167,axial,0.009,0.000e0,-1667.911,2599.326,4995.969,AX4Z1,0,90,-1664.229,2604.072,4989.955,AX4Z1,1,90
1168,radial,0.024,0.000e0,-1664.229,2604.072,4989.955,AX4Z1,1,0.000,-1677.105,2592.278,4972.768,AX4Z1,1,0.000
1169,hinge,0.029,0.000e0,-1677.105,2592.278,4972.768,AX4Z1,1,0.000,-1689.189,2582.167,4949.020,AX4Z1,1,0.000
1170,axial,0.006,0.000e0,-1664.229,2604.072,4989.955,AX4Z1,1,90,-1661.630,2607.422,4985.709,AX4Z1,2,90
1171,radial,0.024,0.000e0,-1661.630,2607.422,4985.709,AX4Z1,2,0.000,-1650.097,2587.587,4977.119,AX4Z1,2,0.000
1172,hinge,0.028,0.000e0,-1650.097,2587.587,4977.119,AX4Z1,2,0.000,-1656.516,2564.190,4992.073,AX4Z1,2,0.000
1173,axial,0.006,0.000e0,-1661.630,2607.422,4985.709,AX4Z1,2,90,-1659.032,2610.772,4981.463,AX4Z1,3,90
1174,radial,0.024,0.000e0,-1659.032,2610.772,4981.463,AX4Z1,3,0.000,-1642.168,2618.169,4997.623,AX4Z1,3,0.000
1175,hinge,0.028,0.000e0,-1642.168,2618.169,4997.623,AX4Z1,3,0.000,-1638.613,2611.807,5025.175,AX4Z1,3,0.000
1176,axial,0.006,0.000e0,-1659.032,2610.772,4981.463,AX4Z1,3,90,-1656.433,2614.122,4977.218,AX4Z1,4,90
1177,radial,0.025,0.000e0,-1656.433,2614.122,4977.218,AX4Z1,4,0.000,-1658.816,2633.953,4991.406,AX4Z1,4,0.000
1178,hinge,0.029,0.000e0,-1658.816,2633.953,4991.406,AX4Z1,4,0.000,-1671.299,2627.841,5016.287,AX4Z1,4,0.000
1179,axial,0.009,0.000e0,1050.060,-192.954,8997.185,CX1Z2,0,90,1049.095,-198.039,9003.927,CX1Z2,1,90
1180,radial,0.024,0.000e0,1049.095,-198.039,9003.927,CX1Z2,1,0.000,1042.117,-178.819,9017.424,CX1Z2,1,0.000
1181,hinge,0.028,0.000e0,1042.117,-178.819,9017.424,CX1Z2,1,0.000,1034.349,-177.019,9044.785,CX1Z2,1,0.000
1182,axial,0.006,0.000e0,1049.095,-198.039,9003.927,CX1Z2,1,90,1048.414,-201.629,9008.688,CX1Z2,2,90
1183,radial,0.024,0.000e0,1048.414,-201.629,9008.688,CX1Z2,2,0.000,1042.448,-220.182,8993.840,CX1Z2,2,0.000
1184,hinge,0.029,0.000e0,1042.448,-220.182,8993.840,CX1Z2,2,0.000,1036.333,-237.748,8972.246,CX1Z2,2,0.000
1185,axial,0.006,0.000e0,1048.414,-201.629,9008.688,CX1Z2,2,90,1047.732,-205.218,9013.446,CX1Z2,3,90
1186,radial,0.024,0.000e0,1047.732,-205.218,9013.446,CX1Z2,3,0.000,1072.037,-207.965,9014.853,CX1Z2,3,0.000
1187,hinge,0.028,0.000e0,1072.037,-207.965,9014.853,CX1Z2,3,0.000,1093.028,-197.193,8998.865,CX1Z2,3,0.000
1188,axial,0.006,0.000e0,1047.732,-205.218,9013.446,CX1Z2,3,90,1047.051,-208.808,9018.206,CX1Z2,4,90
1189,radial,0.025,0.000e0,1047.051,-208.808,9018.206,CX1Z2,4,0.000,1047.443,-189.277,9032.992,CX1Z2,4,0.000
1190,hinge,0.029,0.000e0,1047.443,-189.277,9032.992,CX1Z2,4,0.000,1049.456,-161.076,9036.585,CX1Z2,4,0.000
1191,axial,0.008,0.000e0,-709.229,-3009.342,3777.126,BX4YZ1,0,90,-709.743,-3011.737,3768.987,BX4YZ1,1,90
1192,radial,0.024,0.000e0,-709.743,-3011.737,3768.987,BX4YZ1,1,0.000,-734.040,-3013.992,3771.185,BX4YZ1,1,0.000
1193,hinge,0.028,0.000e0,-734.040,-3013.992,3771.185,BX4YZ1,1,0.000,-751.281,-3009.654,3793.459,BX4YZ1,1,0.000
1194,axial,0.006,0.000e0,-709.743,-3011.737,3768.987,BX4YZ1,1,90,-710.106,-3013.427,3763.241,BX4YZ1,2,90
1195,radial,0.025,0.000e0,-710.106,-3013.427,3763.241,BX4YZ1,2,0.000,-703.213,-2990.995,3756.205,BX4YZ1,2,0.000
1196,hinge,0.028,0.000e0,-703.213,-2990.995,3756.205,BX4YZ1,2,0.000,-696.651,-2967.814,3771.432,BX4YZ1,2,0.000
1197,axial,0.006,0.000e0,-710.106,-3013.427,3763.241,BX4YZ1,2,90,-710.469,-3015.118,3757.495,BX4YZ1,3,90
1198,radial,0.024,0.000e0,-710.469,-3015.118,3757.495,BX4YZ1,3,0.000,-694.139,-3032.893,3761.694,BX4YZ1,3,0.000
1199,hinge,0.028,0.000e0,-694.139,-3032.893,3761.694,BX4YZ1,3,0.000,-680.375,-3040.398,3785.495,BX4YZ1,3,0.000
1200,axial,0.009,0.000e0,-861.426,-1074.537,7122.979,BX1Z1,0,90,-867.639,-1075.332,7117.233,BX1Z1,1,90
1201,radial,0.025,0.000e0,-867.639,-1075.332,7117.233,BX1Z1,1,0.000,-851.049,-1080.761,7100.042,BX1Z1,1,0.000
1202,hinge,0.029,0.000e0,-851.049,-1080.761,7100.042,BX1Z1,1,0.000,-844.753,-1087.563,7073.091,BX1Z1,1,0.000
1203,axial,0.006,0.000e0,-867.639,-1075.332,7117.233,BX1Z1,1,90,-872.026,-1075.894,7113.178,BX1Z1,2,90
1204,radial,0.024,0.000e0,-872.026,-1075.894,7113.178,BX1Z1,2,0.000,-888.004,-1080.682,7131.122,BX1Z1,2,0.000
1205,hinge,0.028,0.000e0,-888.004,-1080.682,7131.122,BX1Z1,2,0.000,-893.685,-1084.172,7158.831,BX1Z1,2,0.000
1206,axial,0.006,0.000e0,-872.026,-1075.894,7113.178,BX1Z1,2,90,-876.412,-1076.455,7109.122,BX1Z1,3,90
1207,radial,0.024,0.000e0,-876.412,-1076.455,7109.122,BX1Z1,3,0.000,-880.748,-1052.380,7110.480,BX1Z1,3,0.000
1208,hinge,0.029,0.000e0,-880.748,-1052.380,7110.480,BX1Z1,3,0.000,-874.700,-1026.794,7121.480,BX1Z1,3,0.000
1209,axial,0.006,0.000e0,-876.412,-1076.455,7109.122,BX1Z1,3,90,-880.798,-1077.017,7105.067,BX1Z1,4,90
1210,radial,0.025,0.000e0,-880.798,-1077.017,7105.067,BX1Z1,4,0.000,-867.456,-1064.352,7088.885,BX1Z1,4,0.000
1211,hinge,0.028,0.000e0,-867.456,-1064.352,7088.885,BX1Z1,4,0.000,-842.326,-1056.361,7099.694,BX1Z1,4,0.000
1212,axial,0.008,0.000e0,-1737.187,874.826,8157.685,AX2Z0,0,90,-1740.822,869.982,8163.648,AX2Z0,1,90
1213,radial,0.025,0.000e0,-1740.822,869.982,8163.648,AX2Z0,1,0.000,-1720.402,871.256,8177.127,AX2Z0,1,0.000
1214,hinge,0.028,0.000e0,-1720.402,871.256,8177.127,AX2Z0,1,0.000,-1705.924,864.418,8200.704,AX2Z0,1,0.000
1215,axial,0.006,0.000e0,-1740.822,869.982,8163.648,AX2Z0,1,90,-1743.388,866.563,8167.859,AX2Z0,2,90
1216,radial,0.025,0.000e0,-1743.388,866.563,8167.859,AX2Z0,2,0.000,-1736.580,882.630,8185.057,AX2Z0,2,0.000
1217,hinge,0.029,0.000e0,-1736.580,882.630,8185.057,AX2Z0,2,0.000,-1722.187,907.150,8183.088,AX2Z0,2,0.000
1218,axial,0.006,0.000e0,-1743.388,866.563,8167.859,AX2Z0,2,90,-1745.953,863.144,8172.069,AX2Z0,3,90
1219,radial,0.025,0.000e0,-1745.953,863.144,8172.069,AX2Z0,3,0.000,-1746.062,844.158,8156.584,AX2Z0,3,0.000
1220,hinge,0.029,0.000e0,-1746.062,844.158,8156.584,AX2Z0,3,0.000,-1740.078,833.153,8130.984,AX2Z0,3,0.000
1221,axial,0.006,0.000e0,-1745.953,863.144,8172.069,AX2Z0,3,90,-1748.519,859.724,8176.279,AX2Z0,4,90
1222,radial,0.025,0.000e0,-1748.519,859.724,8176.279,AX2Z0,4,0.000,-1770.607,867.695,8169.292,AX2Z0,4,0.000
1223,hinge,0.029,0.000e0,-1770.607,867.695,8169.292,AX2Z0,4,0.000,-1778.267,886.037,8148.868,AX2Z0,4,0.000
1224,axial,0.008,0.000e0,-975.758,-1941.175,5518.647,BX3Z1,0,90,-980.854,-1940.220,5511.911,BX3Z1,1,90
1225,radial,0.024,0.000e0,-980.854,-1940.220,5511.911,BX3Z1,1,0.000,-961.423,-1941.460,5497.039,BX3Z1,1,0.000
1226,hinge,0.029,0.000e0,-961.423,-1941.460,5497.039,BX3Z1,1,0.000,-942.867,-1942.206,5475.420,BX3Z1,1,0.000
1227,axial,0.006,0.000e0,-980.854,-1940.220,5511.911,BX3Z1,1,90,-984.450,-1939.546,5507.156,BX3Z1,2,90
1228,radial,0.024,0.000e0,-984.450,-1939.546,5507.156,BX3Z1,2,0.000,-1002.633,-1950.544,5519.349,BX3Z1,2,0.000
1229,hinge,0.029,0.000e0,-1002.633,-1950.544,5519.349,BX3Z1,2,0.000,-1012.409,-1963.225,5542.926,BX3Z1,2,0.000
1230,axial,0.006,0.000e0,-984.450,-1939.546,5507.156,BX3Z1,2,90,-988.047,-1938.871,5502.401,BX3Z1,3,90
1231,radial,0.024,0.000e0,-988.047,-1938.871,5502.401,BX3Z1,3,0.000,-996.282,-1917.722,5511.628,BX3Z1,3,0.000
1232,hinge,0.029,0.000e0,-996.282,-1917.722,5511.628,BX3Z1,3,0.000,-989.674,-1903.999,5535.716,BX3Z1,3,0.000
1233,axial,0.006,0.000e0,-988.047,-1938.871,5502.401,BX3Z1,3,90,-991.643,-1938.197,5497.646,BX3Z1,4,90
1234,radial,0.024,0.000e0,-991.643,-1938.197,5497.646,BX3Z1,4,0.000,-981.702,-1916.242,5493.240,BX3Z1,4,0.000
1235,hinge,0.028,0.000e0,-981.702,-1916.242,5493.240,BX3Z1,4,0.000,-961.531,-1909.644,5512.261,BX3Z1,4,0.000
1236,axial,0.008,0.000e0,-28.964,-791.811,7434.138,BX2Z2,0,90,-27.319,-783.534,7435.157,BX2Z2,1,90
1237,radial,0.025,0.000e0,-27.319,-783.534,7435.157,BX2Z2,1,0.000,-9.771,-789.015,7451.352,BX2Z2,1,0.000
1238,hinge,0.028,0.000e0,-9.771,-789.015,7451.352,BX2Z2,1,0.000,10.666,-780.662,7469.374,BX2Z2,1,0.000
1239,axial,0.006,0.000e0,-27.319,-783.534,7435.157,BX2Z2,1,90,-26.158,-777.691,7435.876,BX2Z2,2,90
1240,radial,0.025,0.000e0,-26.158,-777.691,7435.876,BX2Z2,2,0.000,-48.750,-772.245,7428.117,BX2Z2,2,0.000
1241,hinge,0.029,0.000e0,-48.750,-772.245,7428.117,BX2Z2,2,0.000,-74.268,-780.635,7418.593,BX2Z2,2,0.000
1242,axial,0.006,0.000e0,-26.158,-777.691,7435.876,BX2Z2,2,90,-24.996,-771.849,7436.595,BX2Z2,3,90
1243,radial,0.024,0.000e0,-24.996,-771.849,7436.595,BX2Z2,3,0.000,-19.958,-769.909,7412.697,BX2Z2,3,0.000
1244,hinge,0.029,0.000e0,-19.958,-769.909,7412.697,BX2Z2,3,0.000,-20.277,-789.373,7391.881,BX2Z2,3,0.000
1245,axial,0.006,0.000e0,-24.996,-771.849,7436.595,BX2Z2,3,90,-23.835,-766.007,7437.314,BX2Z2,4,90
1246,radial,0.025,0.000e0,-23.835,-766.007,7437.314,BX2Z2,4,0.000,0.108,-770.959,7438.879,BX2Z2,4,0.000
1247,hinge,0.028,0.000e0,0.108,-770.959,7438.879,BX2Z2,4,0.000,5.427,-798.848,7436.394,BX2Z2,4,0.000
1248,axial,0.008,0.000e0,-1500.102,2268.904,7256.204,AX3Z2,0,90,-1497.444,2273.352,7262.942,AX3Z2,1,90
1249,radial,0.025,0.000e0,-1497.444,2273.352,7262.942,AX3Z2,1,0.000,-1496.700,2252.780,7276.227,AX3Z2,1,0.000
1250,hinge,0.028,0.000e0,-1496.700,2252.780,7276.227,AX3Z2,1,0.000,-1491.494,2239.511,7300.907,AX3Z2,1,0.000
1251,axial,0.006,0.000e0,-1497.444,2273.352,7262.942,AX3Z2,1,90,-1495.568,2276.491,7267.699,AX3Z2,2,90
1252,radial,0.024,0.000e0,-1495.568,2276.491,7267.699,AX3Z2,2,0.000,-1514.387,2267.876,7280.809,AX3Z2,2,0.000
1253,hinge,0.029,0.000e0,-1514.387,2267.876,7280.809,AX3Z2,2,0.000,-1535.475,2250.046,7273.762,AX3Z2,2,0.000
1254,axial,0.006,0.000e0,-1495.568,2276.491,7267.699,AX3Z2,2,90,-1493.692,2279.631,7272.456,AX3Z2,3,90
1255,radial,0.024,0.000e0,-1493.692,2279.631,7272.456,AX3Z2,3,0.000,-1502.563,2300.143,7262.416,AX3Z2,3,0.000
1256,hinge,0.029,0.000e0,-1502.563,2300.143,7262.416,AX3Z2,3,0.000,-1514.691,2295.255,7237.092,AX3Z2,3,0.000
1257,axial,0.006,0.000e0,-1493.692,2279.631,7272.456,AX3Z2,3,90,-1491.816,2282.770,7277.212,AX3Z2,4,90
1258,radial,0.025,0.000e0,-1491.816,2282.770,7277.212,AX3Z2,4,0.000,-1468.730,2281.162,7269.168,AX3Z2,4,0.000
1259,hinge,0.028,0.000e0,-1468.730,2281.162,7269.168,AX3Z2,4,0.000,-1449.929,2272.086,7249.767,AX3Z2,4,0.000
1260,axial,0.008,0.000e0,-671.117,154.569,7636.292,Z0,0,90,-677.583,152.648,7631.120,Z0,1,90
1261,radial,0.025,0.000e0,-677.583,152.648,7631.120,Z0,1,0.000,-674.018,173.576,7618.890,Z0,1,0.000
1262,hinge,0.029,0.000e0,-674.018,173.576,7618.890,Z0,1,0.000,-674.468,196.049,7601.369,Z0,1,0.000
1263,axial,0.006,0.000e0,-677.583,152.648,7631.120,Z0,1,90,-682.148,151.293,7627.469,Z0,2,90
1264,radial,0.024,0.000e0,-682.148,151.293,7627.469,Z0,2,0.000,-695.591,144.507,7646.795,Z0,2,0.000
1265,hinge,0.028,0.000e0,-695.591,144.507,7646.795,Z0,2,0.000,-706.379,138.125,7672.391,Z0,2,0.000
1266,axial,0.006,0.000e0,-682.148,151.293,7627.469,Z0,2,90,-686.712,149.937,7623.818,Z0,3,90
1267,radial,0.025,0.000e0,-686.712,149.937,7623.818,Z0,3,0.000,-672.190,153.370,7604.387,Z0,3,0.000
1268,hinge,0.029,0.000e0,-672.190,153.370,7604.387,Z0,3,0.000,-645.760,160.837,7611.998,Z0,3,0.000
1269,axial,0.006,0.000e0,-686.712,149.937,7623.818,Z0,3,90,-691.277,148.581,7620.167,Z0,4,90
1270,radial,0.024,0.000e0,-691.277,148.581,7620.167,Z0,4,0.000,-682.215,126.010,7617.219,Z0,4,0.000
1271,hinge,0.029,0.000e0,-682.215,126.010,7617.219,Z0,4,0.000,-658.936,113.645,7628.058,Z0,4,0.000
1272,axial,0.008,0.000e0,-1214.020,-2433.925,7256.109,BX3Z2,0,90,-1219.200,-2433.848,7262.848,BX3Z2,1,90
1273,radial,0.024,0.000e0,-1219.200,-2433.848,7262.848,BX3Z2,1,0.000,-1201.758,-2422.917,7276.133,BX3Z2,1,0.000
1274,hinge,0.028,0.000e0,-1201.758,-2422.917,7276.133,BX3Z2,1,0.000,-1192.872,-2411.776,7300.814,BX3Z2,1,0.000
1275,axial,0.006,0.000e0,-1219.200,-2433.848,7262.848,BX3Z2,1,90,-1222.857,-2433.794,7267.604,BX3Z2,2,90
1276,radial,0.024,0.000e0,-1222.857,-2433.794,7267.604,BX3Z2,2,0.000,-1205.988,-2445.791,7280.710,BX3Z2,2,0.000
1277,hinge,0.029,0.000e0,-1205.988,-2445.791,7280.710,BX3Z2,2,0.000,-1180.005,-2455.140,7273.660,BX3Z2,2,0.000
1278,axial,0.006,0.000e0,-1222.857,-2433.794,7267.604,BX3Z2,2,90,-1226.514,-2433.740,7272.361,BX3Z2,3,90
1279,radial,0.024,0.000e0,-1226.514,-2433.740,7272.361,BX3Z2,3,0.000,-1239.843,-2451.676,7262.317,BX3Z2,3,0.000
1280,hinge,0.029,0.000e0,-1239.843,-2451.676,7262.317,BX3Z2,3,0.000,-1229.546,-2459.730,7236.991,BX3Z2,3,0.000
1281,axial,0.006,0.000e0,-1226.514,-2433.740,7272.361,BX3Z2,3,90,-1230.171,-2433.686,7277.117,BX3Z2,4,90
1282,radial,0.024,0.000e0,-1230.171,-2433.686,7277.117,BX3Z2,4,0.000,-1240.322,-2412.888,7269.077,BX3Z2,4,0.000
1283,hinge,0.028,0.000e0,-1240.322,-2412.888,7269.077,BX3Z2,4,0.000,-1241.863,-2392.064,7249.681,BX3Z2,4,0.000
1284,axial,0.009,0.000e0,0.801,-0.154,10956.383,YZ1,0,90,0.802,-0.155,10964.883,YZ1,1,90
1285,radial,0.024,0.000e0,0.802,-0.155,10964.883,YZ1,1,0.000,-5.498,23.522,10964.887,YZ1,1,0.000
1286,hinge,0.028,0.000e0,-5.498,23.522,10964.887,YZ1,1,0.000,-10.308,41.593,10943.380,YZ1,1,0.000
1287,axial,0.006,0.000e0,0.802,-0.155,10964.883,YZ1,1,90,0.802,-0.155,10970.883,YZ1,2,90
1288,radial,0.024,0.000e0,0.802,-0.155,10970.883,YZ1,2,0.000,-16.555,-17.446,10970.883,YZ1,2,0.000
1289,hinge,0.028,0.000e0,-16.555,-17.446,10970.883,YZ1,2,0.000,-29.804,-30.640,10949.373,YZ1,2,0.000
1290,axial,0.006,0.000e0,0.802,-0.155,10970.883,YZ1,2,90,0.803,-0.156,10976.883,YZ1,3,90
1291,radial,0.025,0.000e0,0.803,-0.156,10976.883,YZ1,3,0.000,24.456,-6.543,10976.879,YZ1,3,0.000
1292,hinge,0.029,0.000e0,24.456,-6.543,10976.879,YZ1,3,0.000,42.505,-11.414,10955.367,YZ1,3,0.000
1293,axial,0.009,0.000e0,36.323,-1308.734,9065.782,Z9,0,90,34.753,-1315.295,9070.954,Z9,1,90
1294,radial,0.024,0.000e0,34.753,-1315.295,9070.954,Z9,1,0.000,56.290,-1325.255,9064.856,Z9,1,0.000
1295,hinge,0.028,0.000e0,56.290,-1325.255,9064.856,Z9,1,0.000,70.555,-1309.201,9046.122,Z9,1,0.000
1296,axial,0.006,0.000e0,34.753,-1315.295,9070.954,Z9,1,90,33.645,-1319.926,9074.605,Z9,2,90
1297,radial,0.024,0.000e0,33.645,-1319.926,9074.605,Z9,2,0.000,45.958,-1308.709,9092.571,Z9,2,0.000
1298,hinge,0.029,0.000e0,45.958,-1308.709,9092.571,Z9,2,0.000,60.995,-1286.410,9102.001,Z9,2,0.000
1299,axial,0.006,0.000e0,33.645,-1319.926,9074.605,Z9,2,90,32.537,-1324.557,9078.256,Z9,3,90
1300,radial,0.025,0.000e0,32.537,-1324.557,9078.256,Z9,3,0.000,9.596,-1316.565,9081.431,Z9,3,0.000
1301,hinge,0.029,0.000e0,9.596,-1316.565,9081.431,Z9,3,0.000,-10.884,-1297.516,9075.958,Z9,3,0.000
1302,axial,0.006,0.000e0,32.537,-1324.557,9078.256,Z9,3,90,31.429,-1329.188,9081.906,Z9,4,90
1303,radial,0.024,0.000e0,31.429,-1329.188,9081.906,Z9,4,0.000,32.786,-1344.531,9062.854,Z9,4,0.000
1304,hinge,0.029,0.000e0,32.786,-1344.531,9062.854,Z9,4,0.000,35.425,-1357.417,9037.571,Z9,4,0.000
1305,axial,0.008,0.000e0,-1483.686,1338.011,4700.075,AX4Z5,0,90,-1484.143,1333.368,4692.970,AX4Z5,1,90
1306,radial,0.024,0.000e0,-1484.143,1333.368,4692.970,AX4Z5,1,0.000,-1497.412,1350.990,4682.310,AX4Z5,1,0.000
1307,hinge,0.029,0.000e0,-1497.412,1350.990,4682.310,AX4Z5,1,0.000,-1512.830,1367.804,4665.227,AX4Z5,1,0.000
1308,axial,0.006,0.000e0,-1484.143,1333.368,4692.970,AX4Z5,1,90,-1484.465,1330.091,4687.954,AX4Z5,2,90
1309,radial,0.025,0.000e0,-1484.465,1330.091,4687.954,AX4Z5,2,0.000,-1460.463,1325.413,4689.466,AX4Z5,2,0.000
1310,hinge,0.028,0.000e0,-1460.463,1325.413,4689.466,AX4Z5,2,0.000,-1448.584,1337.808,4712.215,AX4Z5,2,0.000
1311,axial,0.006,0.000e0,-1484.465,1330.091,4687.954,AX4Z5,2,90,-1484.788,1326.814,4682.938,AX4Z5,3,90
1312,radial,0.025,0.000e0,-1484.788,1326.814,4682.938,AX4Z5,3,0.000,-1479.436,1306.643,4695.774,AX4Z5,3,0.000
1313,hinge,0.028,0.000e0,-1479.436,1306.643,4695.774,AX4Z5,3,0.000,-1474.195,1302.997,4723.550,AX4Z5,3,0.000
1314,axial,0.006,0.000e0,-1484.788,1326.814,4682.938,AX4Z5,3,90,-1485.110,1323.537,4677.923,AX4Z5,4,90
1315,radial,0.025,0.000e0,-1485.110,1323.537,4677.923,AX4Z5,4,0.000,-1509.278,1321.063,4681.093,AX4Z5,4,0.000
1316,hinge,0.029,0.000e0,-1509.278,1321.063,4681.093,AX4Z5,4,0.000,-1518.389,1334.419,4704.564,AX4Z5,4,0.000
1317,axial,0.008,0.000e0,212.592,-2163.930,7089.780,BX3Z0,0,90,217.687,-2164.885,7096.516,BX3Z0,1,90
1318,radial,0.024,0.000e0,217.687,-2164.885,7096.516,BX3Z0,1,0.000,214.704,-2141.224,7102.127,BX3Z0,1,0.000
1319,hinge,0.029,0.000e0,214.704,-2141.224,7102.127,BX3Z0,1,0.000,214.861,-2114.966,7113.208,BX3Z0,1,0.000
1320,axial,0.006,0.000e0,217.687,-2164.885,7096.516,BX3Z0,1,90,221.284,-2165.559,7101.271,BX3Z0,2,90
1321,radial,0.025,0.000e0,221.284,-2165.559,7101.271,BX3Z0,2,0.000,232.463,-2144.454,7095.808,BX3Z0,2,0.000
1322,hinge,0.029,0.000e0,232.463,-2144.454,7095.808,BX3Z0,2,0.000,221.495,-2132.288,7072.485,BX3Z0,2,0.000
1323,axial,0.006,0.000e0,221.284,-2165.559,7101.271,BX3Z0,2,90,224.881,-2166.233,7106.026,BX3Z0,3,90
1324,radial,0.024,0.000e0,224.881,-2166.233,7106.026,BX3Z0,3,0.000,240.688,-2178.928,7092.271,BX3Z0,3,0.000
1325,hinge,0.029,0.000e0,240.688,-2178.928,7092.271,BX3Z0,3,0.000,239.858,-2186.199,7064.726,BX3Z0,3,0.000
1326,axial,0.006,0.000e0,224.881,-2166.233,7106.026,BX3Z0,3,90,228.477,-2166.907,7110.781,BX3Z0,4,90
1327,radial,0.024,0.000e0,228.477,-2166.907,7110.781,BX3Z0,4,0.000,214.225,-2185.069,7118.986,BX3Z0,4,0.000
1328,hinge,0.028,0.000e0,214.225,-2185.069,7118.986,BX3Z0,4,0.000,194.457,-2205.067,7123.625,BX3Z0,4,0.000
1329,axial,0.008,0.000e0,1362.155,-208.917,7122.749,CX1Z1,0,90,1365.950,-213.899,7117.002,CX1Z1,1,90
1330,radial,0.025,0.000e0,1365.950,-213.899,7117.002,CX1Z1,1,0.000,1362.377,-196.804,7099.820,CX1Z1,1,0.000
1331,hinge,0.029,0.000e0,1362.377,-196.804,7099.820,CX1Z1,1,0.000,1365.139,-187.935,7072.876,CX1Z1,1,0.000
1332,axial,0.006,0.000e0,1365.950,-213.899,7117.002,CX1Z1,1,90,1368.629,-217.416,7112.945,CX1Z1,2,90
1333,radial,0.025,0.000e0,1368.629,-217.416,7112.945,CX1Z1,2,0.000,1380.772,-228.859,7130.886,CX1Z1,2,0.000
1334,hinge,0.029,0.000e0,1380.772,-228.859,7130.886,CX1Z1,2,0.000,1386.644,-232.033,7158.594,CX1Z1,2,0.000
1335,axial,0.006,0.000e0,1368.629,-217.416,7112.945,CX1Z1,2,90,1371.308,-220.933,7108.889,CX1Z1,3,90
1336,radial,0.025,0.000e0,1371.308,-220.933,7108.889,CX1Z1,3,0.000,1352.628,-236.728,7110.249,CX1Z1,3,0.000
1337,hinge,0.028,0.000e0,1352.628,-236.728,7110.249,CX1Z1,3,0.000,1327.449,-244.288,7121.253,CX1Z1,3,0.000
1338,axial,0.006,0.000e0,1371.308,-220.933,7108.889,CX1Z1,3,90,1373.986,-224.450,7104.833,CX1Z1,4,90
1339,radial,0.024,0.000e0,1373.986,-224.450,7104.833,CX1Z1,4,0.000,1356.357,-219.210,7088.647,CX1Z1,4,0.000
1340,hinge,0.029,0.000e0,1356.357,-219.210,7088.647,CX1Z1,4,0.000,1336.877,-201.437,7099.458,CX1Z1,4,0.000
1341,axial,0.009,0.000e0,2170.120,125.724,5518.479,CX3Z1,0,90,2171.841,120.836,5511.741,CX3Z1,1,90
1342,radial,0.024,0.000e0,2171.841,120.836,5511.741,CX3Z1,1,0.000,2163.186,138.281,5496.875,CX3Z1,1,0.000
1343,hinge,0.029,0.000e0,2163.186,138.281,5496.875,CX3Z1,1,0.000,2154.537,154.723,5475.262,CX3Z1,1,0.000
1344,axial,0.006,0.000e0,2171.841,120.836,5511.741,CX3Z1,1,90,2173.056,117.385,5506.985,CX3Z1,2,90
1345,radial,0.024,0.000e0,2173.056,117.385,5506.985,CX3Z1,2,0.000,2191.674,107.137,5519.175,CX3Z1,2,0.000
1346,hinge,0.028,0.000e0,2191.674,107.137,5519.175,CX3Z1,2,0.000,2207.546,105.008,5542.750,CX3Z1,2,0.000
1347,axial,0.006,0.000e0,2173.056,117.385,5506.985,CX3Z1,2,90,2174.271,113.935,5502.229,CX3Z1,3,90
1348,radial,0.024,0.000e0,2174.271,113.935,5502.229,CX3Z1,3,0.000,2160.075,96.224,5511.453,CX3Z1,3,0.000
1349,hinge,0.028,0.000e0,2160.075,96.224,5511.453,CX3Z1,3,0.000,2144.888,95.077,5535.542,CX3Z1,3,0.000
1350,axial,0.006,0.000e0,2174.271,113.935,5502.229,CX3Z1,3,90,2175.485,110.484,5497.473,CX3Z1,4,90
1351,radial,0.024,0.000e0,2175.485,110.484,5497.473,CX3Z1,4,0.000,2151.501,108.109,5493.072,CX3Z1,4,0.000
1352,hinge,0.028,0.000e0,2151.501,108.109,5493.072,CX3Z1,4,0.000,2135.700,122.270,5512.099,CX3Z1,4,0.000
1353,axial,0.008,0.000e0,-695.639,-1182.046,6721.759,BX3Z4,0,90,-694.793,-1174.229,6724.989,BX3Z4,1,90
1354,radial,0.024,0.000e0,-694.793,-1174.229,6724.989,BX3Z4,1,0.000,-706.970,-1181.210,6745.070,BX3Z4,1,0.000
1355,hinge,0.028,0.000e0,-706.970,-1181.210,6745.070,BX3Z4,1,0.000,-717.818,-1175.139,6770.716,BX3Z4,1,0.000
1356,axial,0.006,0.000e0,-694.793,-1174.229,6724.989,BX3Z4,1,90,-694.195,-1168.712,6727.270,BX3Z4,2,90
1357,radial,0.025,0.000e0,-694.195,-1168.712,6727.270,BX3Z4,2,0.000,-670.128,-1169.447,6722.744,BX3Z4,2,0.000
1358,hinge,0.029,0.000e0,-670.128,-1169.447,6722.744,BX3Z4,2,0.000,-647.302,-1183.292,6712.767,BX3Z4,2,0.000
1359,axial,0.006,0.000e0,-694.195,-1168.712,6727.270,BX3Z4,2,90,-693.598,-1163.194,6729.551,BX3Z4,3,90
1360,radial,0.024,0.000e0,-693.598,-1163.194,6729.551,BX3Z4,3,0.000,-698.343,-1153.576,6707.523,BX3Z4,3,0.000
1361,hinge,0.029,0.000e0,-698.343,-1153.576,6707.523,BX3Z4,3,0.000,-704.106,-1166.015,6682.537,BX3Z4,3,0.000
1362,axial,0.006,0.000e0,-693.598,-1163.194,6729.551,BX3Z4,3,90,-693.000,-1157.677,6731.831,BX3Z4,4,90
1363,radial,0.025,0.000e0,-693.000,-1157.677,6731.831,BX3Z4,4,0.000,-715.693,-1158.998,6740.973,BX3Z4,4,0.000
1364,hinge,0.029,0.000e0,-715.693,-1158.998,6740.973,BX3Z4,4,0.000,-735.153,-1179.785,6739.773,BX3Z4,4,0.000
1365,axial,0.009,0.000e0,1768.795,1265.797,7089.962,CX3Z0,0,90,1767.074,1270.685,7096.700,CX3Z0,1,90
1366,radial,0.024,0.000e0,1767.074,1270.685,7096.700,CX3Z0,1,0.000,1748.070,1256.273,7102.303,CX3Z0,1,0.000
1367,hinge,0.028,0.000e0,1748.070,1256.273,7102.303,CX3Z0,1,0.000,1725.247,1243.281,7113.374,CX3Z0,1,0.000
1368,axial,0.006,0.000e0,1767.074,1270.685,7096.700,CX3Z0,1,90,1765.860,1274.135,7101.456,CX3Z0,2,90
1369,radial,0.024,0.000e0,1765.860,1274.135,7101.456,CX3Z0,2,0.000,1741.993,1273.267,7095.991,CX3Z0,2,0.000
1370,hinge,0.029,0.000e0,1741.993,1273.267,7095.991,CX3Z0,2,0.000,1736.942,1257.693,7072.663,CX3Z0,2,0.000
1371,axial,0.006,0.000e0,1765.860,1274.135,7101.456,CX3Z0,2,90,1764.645,1277.585,7106.212,CX3Z0,3,90
1372,radial,0.024,0.000e0,1764.645,1277.585,7106.212,CX3Z0,3,0.000,1767.728,1297.626,7092.460,CX3Z0,3,0.000
1373,hinge,0.029,0.000e0,1767.728,1297.626,7092.460,CX3Z0,3,0.000,1774.434,1300.552,7064.915,CX3Z0,3,0.000
1374,axial,0.006,0.000e0,1764.645,1277.585,7106.212,CX3Z0,3,90,1763.431,1281.036,7110.968,CX3Z0,4,90
1375,radial,0.025,0.000e0,1763.431,1281.036,7110.968,CX3Z0,4,0.000,1786.286,1277.775,7119.170,CX3Z0,4,0.000
1376,hinge,0.028,0.000e0,1786.286,1277.775,7119.170,CX3Z0,4,0.000,1813.490,1270.658,7123.806,CX3Z0,4,0.000
1377,axial,0.009,0.000e0,473.674,957.633,8468.170,CX1Z0,0,90,469.879,962.616,8473.917,CX1Z0,1,90
1378,radial,0.024,0.000e0,469.879,962.616,8473.917,CX1Z0,1,0.000,452.307,967.941,8457.696,CX1Z0,1,0.000
1379,hinge,0.028,0.000e0,452.307,967.941,8457.696,CX1Z0,1,0.000,429.668,977.474,8443.245,CX1Z0,1,0.000
1380,axial,0.006,0.000e0,469.879,962.616,8473.917,CX1Z0,1,90,467.200,966.133,8477.973,CX1Z0,2,90
1381,radial,0.024,0.000e0,467.200,966.133,8477.973,CX1Z0,2,0.000,447.493,967.800,8463.514,CX1Z0,2,0.000
1382,hinge,0.029,0.000e0,447.493,967.800,8463.514,CX1Z0,2,0.000,450.703,953.037,8439.348,CX1Z0,2,0.000
1383,axial,0.006,0.000e0,467.200,966.133,8477.973,CX1Z0,2,90,464.522,969.650,8482.030,CX1Z0,3,90
1384,radial,0.025,0.000e0,464.522,969.650,8482.030,CX1Z0,3,0.000,481.170,963.048,8498.749,CX1Z0,3,0.000
1385,hinge,0.028,0.000e0,481.170,963.048,8498.749,CX1Z0,3,0.000,502.758,952.062,8513.766,CX1Z0,3,0.000
1386,axial,0.006,0.000e0,464.522,969.650,8482.030,CX1Z0,3,90,461.843,973.167,8486.086,CX1Z0,4,90
1387,radial,0.024,0.000e0,461.843,973.167,8486.086,CX1Z0,4,0.000,471.399,992.950,8475.243,CX1Z0,4,0.000
1388,hinge,0.029,0.000e0,471.399,992.950,8475.243,CX1Z0,4,0.000,488.294,995.440,8452.427,CX1Z0,4,0.000
1389,axial,0.008,0.000e0,-2128.493,1217.356,5663.015,AX3Z3,0,90,-2131.151,1212.908,5656.277,AX3Z3,1,90
1390,radial,0.024,0.000e0,-2131.151,1212.908,5656.277,AX3Z3,1,0.000,-2144.332,1232.150,5648.775,AX3Z3,1,0.000
1391,hinge,0.029,0.000e0,-2144.332,1232.150,5648.775,AX3Z3,1,0.000,-2162.065,1244.079,5629.921,AX3Z3,1,0.000
1392,axial,0.006,0.000e0,-2131.151,1212.908,5656.277,AX3Z3,1,90,-2133.027,1209.769,5651.520,AX3Z3,2,90
1393,radial,0.024,0.000e0,-2133.027,1209.769,5651.520,AX3Z3,2,0.000,-2136.868,1190.298,5665.886,AX3Z3,2,0.000
1394,hinge,0.028,0.000e0,-2136.868,1190.298,5665.886,AX3Z3,2,0.000,-2133.074,1186.693,5693.901,AX3Z3,2,0.000
1395,axial,0.006,0.000e0,-2133.027,1209.769,5651.520,AX3Z3,2,90,-2134.903,1206.630,5646.763,AX3Z3,3,90
1396,radial,0.025,0.000e0,-2134.903,1206.630,5646.763,AX3Z3,3,0.000,-2157.498,1205.830,5656.203,AX3Z3,3,0.000
1397,hinge,0.028,0.000e0,-2157.498,1205.830,5656.203,AX3Z3,3,0.000,-2168.015,1216.474,5680.458,AX3Z3,3,0.000
1398,axial,0.006,0.000e0,-2134.903,1206.630,5646.763,AX3Z3,3,90,-2136.779,1203.490,5642.007,AX3Z3,4,90
1399,radial,0.024,0.000e0,-2136.779,1203.490,5642.007,AX3Z3,4,0.000,-2114.998,1192.340,5640.775,AX3Z3,4,0.000
1400,hinge,0.028,0.000e0,-2114.998,1192.340,5640.775,AX3Z3,4,0.000,-2088.600,1188.564,5650.831,AX3Z3,4,0.000
1401,axial,0.008,0.000e0,254.518,-1626.953,7370.564,BX1Z3,0,90,258.440,-1630.331,7363.821,BX1Z3,1,90
1402,radial,0.024,0.000e0,258.440,-1630.331,7363.821,BX1Z3,1,0.000,245.453,-1650.921,7366.584,BX1Z3,1,0.000
1403,hinge,0.028,0.000e0,245.453,-1650.921,7366.584,BX1Z3,1,0.000,245.466,-1675.183,7351.630,BX1Z3,1,0.000
1404,axial,0.006,0.000e0,258.440,-1630.331,7363.821,BX1Z3,1,90,261.208,-1632.715,7359.062,BX1Z3,2,90
1405,radial,0.024,0.000e0,261.208,-1632.715,7359.062,BX1Z3,2,0.000,265.673,-1653.112,7371.878,BX1Z3,2,0.000
1406,hinge,0.028,0.000e0,265.673,-1653.112,7371.878,BX1Z3,2,0.000,259.158,-1660.131,7398.721,BX1Z3,2,0.000
1407,axial,0.006,0.000e0,261.208,-1632.715,7359.062,BX1Z3,2,90,263.976,-1635.099,7354.302,BX1Z3,3,90
1408,radial,0.024,0.000e0,263.976,-1635.099,7354.302,BX1Z3,3,0.000,285.345,-1626.111,7362.228,BX1Z3,3,0.000
1409,hinge,0.028,0.000e0,285.345,-1626.111,7362.228,BX1Z3,3,0.000,291.730,-1610.704,7385.338,BX1Z3,3,0.000
1410,axial,0.006,0.000e0,263.976,-1635.099,7354.302,BX1Z3,3,90,266.744,-1637.484,7349.543,BX1Z3,4,90
1411,radial,0.024,0.000e0,266.744,-1637.484,7349.543,BX1Z3,4,0.000,265.153,-1616.008,7337.859,BX1Z3,4,0.000
1412,hinge,0.028,0.000e0,265.153,-1616.008,7337.859,BX1Z3,4,0.000,256.976,-1588.710,7337.392,BX1Z3,4,0.000
1413,axial,0.009,0.000e0,-50.710,-2931.527,6375.817,BX4Z0,0,90,-44.759,-2932.344,6381.831,BX4Z0,1,90
1414,radial,0.024,0.000e0,-44.759,-2932.344,6381.831,BX4Z0,1,0.000,-61.360,-2926.884,6399.001,BX4Z0,1,0.000
1415,hinge,0.028,0.000e0,-61.360,-2926.884,6399.001,BX4Z0,1,0.000,-76.101,-2921.240,6422.731,BX4Z0,1,0.000
1416,axial,0.006,0.000e0,-44.759,-2932.344,6381.831,BX4Z0,1,90,-40.558,-2932.921,6386.076,BX4Z0,2,90
1417,radial,0.025,0.000e0,-40.558,-2932.921,6386.076,BX4Z0,2,0.000,-56.538,-2944.910,6400.259,BX4Z0,2,0.000
1418,hinge,0.029,0.000e0,-56.538,-2944.910,6400.259,BX4Z0,2,0.000,-82.002,-2947.592,6387.745,BX4Z0,2,0.000
1419,axial,0.006,0.000e0,-40.558,-2932.921,6386.076,BX4Z0,2,90,-36.358,-2933.499,6390.321,BX4Z0,3,90
1420,radial,0.024,0.000e0,-36.358,-2933.499,6390.321,BX4Z0,3,0.000,-21.201,-2943.618,6373.947,BX4Z0,3,0.000
1421,hinge,0.029,0.000e0,-21.201,-2943.618,6373.947,BX4Z0,3,0.000,-24.693,-2949.271,6346.232,BX4Z0,3,0.000
1422,axial,0.006,0.000e0,-36.358,-2933.499,6390.321,BX4Z0,3,90,-32.157,-2934.076,6394.566,BX4Z0,4,90
1423,radial,0.025,0.000e0,-32.157,-2934.076,6394.566,BX4Z0,4,0.000,-17.485,-2918.918,6382.108,BX4Z0,4,0.000
1424,hinge,0.028,0.000e0,-17.485,-2918.918,6382.108,BX4Z0,4,0.000,-12.681,-2902.276,6359.475,BX4Z0,4,0.000
1425,axial,0.008,0.000e0,-670.437,421.697,7434.213,AX2Z2,0,90,-664.092,416.133,7435.231,AX2Z2,1,90
1426,radial,0.024,0.000e0,-664.092,416.133,7435.231,AX2Z2,1,0.000,-677.614,403.674,7451.423,AX2Z2,1,0.000
1427,hinge,0.028,0.000e0,-677.614,403.674,7451.423,AX2Z2,1,0.000,-680.599,381.796,7469.442,AX2Z2,1,0.000
1428,axial,0.006,0.000e0,-664.092,416.133,7435.231,AX2Z2,1,90,-659.613,412.207,7435.950,AX2Z2,2,90
1429,radial,0.025,0.000e0,-659.613,412.207,7435.950,AX2Z2,2,0.000,-643.601,429.049,7428.190,AX2Z2,2,0.000
1430,hinge,0.029,0.000e0,-643.601,429.049,7428.190,AX2Z2,2,0.000,-638.109,455.343,7418.665,AX2Z2,2,0.000
1431,axial,0.006,0.000e0,-659.613,412.207,7435.950,AX2Z2,2,90,-655.134,408.280,7436.669,AX2Z2,3,90
1432,radial,0.025,0.000e0,-655.134,408.280,7436.669,AX2Z2,3,0.000,-655.970,402.950,7412.771,AX2Z2,3,0.000
1433,hinge,0.029,0.000e0,-655.970,402.950,7412.771,AX2Z2,3,0.000,-672.666,412.959,7391.955,AX2Z2,3,0.000
1434,axial,0.006,0.000e0,-655.134,408.280,7436.669,AX2Z2,3,90,-650.655,404.353,7437.388,AX2Z2,4,90
1435,radial,0.025,0.000e0,-650.655,404.353,7437.388,AX2Z2,4,0.000,-666.914,386.091,7438.940,AX2Z2,4,0.000
1436,hinge,0.028,0.000e0,-666.914,386.091,7438.940,AX2Z2,4,0.000,-693.725,395.428,7436.450,AX2Z2,4,0.000
1437,axial,0.009,0.000e0,-1150.881,623.725,9065.714,Z5,0,90,-1155.778,628.365,9070.886,Z5,1,90
1438,radial,0.025,0.000e0,-1155.778,628.365,9070.886,Z5,1,0.000,-1175.170,614.688,9064.793,Z5,1,0.000
1439,hinge,0.028,0.000e0,-1175.170,614.688,9064.793,Z5,1,0.000,-1168.398,594.305,9046.061,Z5,1,0.000
1440,axial,0.006,0.000e0,-1155.778,628.365,9070.886,Z5,1,90,-1159.234,631.640,9074.536,Z5,2,90
1441,radial,0.024,0.000e0,-1159.234,631.640,9074.536,Z5,2,0.000,-1155.675,615.369,9092.504,Z5,2,0.000
1442,hinge,0.028,0.000e0,-1155.675,615.369,9092.504,Z5,2,0.000,-1143.881,591.199,9101.935,Z5,2,0.000
1443,axial,0.006,0.000e0,-1159.234,631.640,9074.536,Z5,2,90,-1162.691,634.915,9078.186,Z5,3,90
1444,radial,0.025,0.000e0,-1162.691,634.915,9078.186,Z5,3,0.000,-1144.298,650.785,9081.363,Z5,3,0.000
1445,hinge,0.029,0.000e0,-1144.298,650.785,9081.363,Z5,3,0.000,-1117.560,658.995,9075.895,Z5,3,0.000
1446,axial,0.006,0.000e0,-1162.691,634.915,9078.186,Z5,3,90,-1166.147,638.190,9081.837,Z5,4,90
1447,radial,0.025,0.000e0,-1166.147,638.190,9081.837,Z5,4,0.000,-1180.114,644.685,9062.784,Z5,4,0.000
1448,hinge,0.029,0.000e0,-1180.114,644.685,9062.784,Z5,4,0.000,-1192.592,648.842,9037.500,Z5,4,0.000
1449,axial,0.009,0.000e0,-1065.280,-69.013,8468.208,AX1Z0,0,90,-1067.698,-74.791,8473.954,AX1Z0,1,90
1450,radial,0.025,0.000e0,-1067.698,-74.791,8473.954,AX1Z0,1,0.000,-1063.520,-92.670,8457.732,AX1Z0,1,0.000
1451,hinge,0.029,0.000e0,-1063.520,-92.670,8457.732,AX1Z0,1,0.000,-1060.451,-117.041,8443.279,AX1Z0,1,0.000
1452,axial,0.006,0.000e0,-1067.698,-74.791,8473.954,AX1Z0,1,90,-1069.406,-78.870,8478.009,AX1Z0,2,90
1453,radial,0.025,0.000e0,-1069.406,-78.870,8478.009,AX1Z0,2,0.000,-1060.993,-96.769,8463.549,AX1Z0,2,0.000
1454,hinge,0.028,0.000e0,-1060.993,-96.769,8463.549,AX1Z0,2,0.000,-1049.808,-86.605,8439.387,AX1Z0,2,0.000
1455,axial,0.006,0.000e0,-1069.406,-78.870,8478.009,AX1Z0,2,90,-1071.113,-82.949,8482.065,AX1Z0,3,90
1456,radial,0.024,0.000e0,-1071.113,-82.949,8482.065,AX1Z0,3,0.000,-1073.722,-65.232,8498.785,AX1Z0,3,0.000
1457,hinge,0.028,0.000e0,-1073.722,-65.232,8498.785,AX1Z0,3,0.000,-1075.005,-41.045,8513.805,AX1Z0,3,0.000
1458,axial,0.006,0.000e0,-1071.113,-82.949,8482.065,AX1Z0,3,90,-1072.820,-87.028,8486.120,AX1Z0,4,90
1459,radial,0.025,0.000e0,-1072.820,-87.028,8486.120,AX1Z0,4,0.000,-1094.728,-88.645,8475.271,AX1Z0,4,0.000
1460,hinge,0.029,0.000e0,-1094.728,-88.645,8475.271,AX1Z0,4,0.000,-1105.327,-75.256,8452.453,AX1Z0,4,0.000
1461,axial,0.008,0.000e0,-24.830,-1677.507,6390.282,BX2Z5,0,90,-20.061,-1679.516,6383.539,BX2Z5,1,90
1462,radial,0.025,0.000e0,-20.061,-1679.516,6383.539,BX2Z5,1,0.000,-39.061,-1674.982,6368.750,BX2Z5,1,0.000
1463,hinge,0.028,0.000e0,-39.061,-1674.982,6368.750,BX2Z5,1,0.000,-57.355,-1671.225,6347.223,BX2Z5,1,0.000
1464,axial,0.006,0.000e0,-20.061,-1679.516,6383.539,BX2Z5,1,90,-16.694,-1680.934,6378.779,BX2Z5,2,90
1465,radial,0.025,0.000e0,-16.694,-1680.934,6378.779,BX2Z5,2,0.000,-0.758,-1663.328,6384.805,BX2Z5,2,0.000
1466,hinge,0.028,0.000e0,-0.758,-1663.328,6384.805,BX2Z5,2,0.000,-0.665,-1644.807,6406.467,BX2Z5,2,0.000
1467,axial,0.006,0.000e0,-16.694,-1680.934,6378.779,BX2Z5,2,90,-13.328,-1682.352,6374.019,BX2Z5,3,90
1468,radial,0.025,0.000e0,-13.328,-1682.352,6374.019,BX2Z5,3,0.000,-1.233,-1698.859,6387.491,BX2Z5,3,0.000
1469,hinge,0.029,0.000e0,-1.233,-1698.859,6387.491,BX2Z5,3,0.000,2.956,-1712.120,6412.368,BX2Z5,3,0.000
1470,axial,0.006,0.000e0,-13.328,-1682.352,6374.019,BX2Z5,3,90,-9.961,-1683.770,6369.259,BX2Z5,4,90
1471,radial,0.025,0.000e0,-9.961,-1683.770,6369.259,BX2Z5,4,0.000,-22.463,-1667.702,6355.630,BX2Z5,4,0.000
1472,hinge,0.029,0.000e0,-22.463,-1667.702,6355.630,BX2Z5,4,0.000,-42.737,-1654.454,6370.654,BX2Z5,4,0.000
1473,axial,0.009,0.000e0,2118.836,1235.604,5662.973,CX3Z3,0,90,2116.311,1240.130,5656.235,CX3Z3,1,90
1474,radial,0.024,0.000e0,2116.311,1240.130,5656.235,CX3Z3,1,0.000,2139.562,1241.920,5648.724,CX3Z3,1,0.000
1475,hinge,0.028,0.000e0,2139.562,1241.920,5648.724,CX3Z3,1,0.000,2158.753,1251.310,5629.862,CX3Z3,1,0.000
1476,axial,0.006,0.000e0,2116.311,1240.130,5656.235,CX3Z3,1,90,2114.529,1243.325,5651.479,CX3Z3,2,90
1477,radial,0.024,0.000e0,2114.529,1243.325,5651.479,CX3Z3,2,0.000,2099.590,1256.384,5665.851,CX3Z3,2,0.000
1478,hinge,0.029,0.000e0,2099.590,1256.384,5665.851,CX3Z3,2,0.000,2094.578,1254.897,5693.868,CX3Z3,2,0.000
1479,axial,0.006,0.000e0,2114.529,1243.325,5651.479,CX3Z3,2,90,2112.747,1246.519,5646.724,CX3Z3,3,90
1480,radial,0.024,0.000e0,2112.747,1246.519,5646.724,CX3Z3,3,0.000,2123.364,1266.483,5656.157,CX3Z3,3,0.000
1481,hinge,0.029,0.000e0,2123.364,1266.483,5656.157,CX3Z3,3,0.000,2137.855,1270.266,5680.404,CX3Z3,3,0.000
1482,axial,0.006,0.000e0,2112.747,1246.519,5646.724,CX3Z3,3,90,2110.965,1249.714,5641.968,CX3Z3,4,90
1483,radial,0.024,0.000e0,2110.965,1249.714,5641.968,CX3Z3,4,0.000,2090.417,1236.428,5640.743,CX3Z3,4,0.000
1484,hinge,0.029,0.000e0,2090.417,1236.428,5640.743,CX3Z3,4,0.000,2073.949,1215.456,5650.804,CX3Z3,4,0.000
1485,axial,0.009,0.000e0,-416.151,-1953.779,4699.831,BX4Z5,0,90,-411.904,-1951.852,4692.724,BX4Z5,1,90
1486,radial,0.025,0.000e0,-411.904,-1951.852,4692.724,BX4Z5,1,0.000,-420.533,-1972.154,4682.064,BX4Z5,1,0.000
1487,hinge,0.029,0.000e0,-420.533,-1972.154,4682.064,BX4Z5,1,0.000,-427.392,-1993.911,4664.981,BX4Z5,1,0.000
1488,axial,0.006,0.000e0,-411.904,-1951.852,4692.724,BX4Z5,1,90,-408.907,-1950.492,4687.708,BX4Z5,2,90
1489,radial,0.025,0.000e0,-408.907,-1950.492,4687.708,BX4Z5,2,0.000,-416.866,-1927.371,4689.219,BX4Z5,2,0.000
1490,hinge,0.029,0.000e0,-416.866,-1927.371,4689.219,BX4Z5,2,0.000,-433.536,-1923.284,4711.972,BX4Z5,2,0.000
1491,axial,0.006,0.000e0,-408.907,-1950.492,4687.708,BX4Z5,2,90,-405.909,-1949.132,4682.691,BX4Z5,3,90
1492,radial,0.025,0.000e0,-405.909,-1949.132,4682.691,BX4Z5,3,0.000,-391.112,-1934.413,4695.523,BX4Z5,3,0.000
1493,hinge,0.028,0.000e0,-391.112,-1934.413,4695.523,BX4Z5,3,0.000,-390.566,-1928.055,4723.299,BX4Z5,3,0.000
1494,axial,0.006,0.000e0,-405.909,-1949.132,4682.691,BX4Z5,3,90,-402.912,-1947.772,4677.675,BX4Z5,4,90
1495,radial,0.024,0.000e0,-402.912,-1947.772,4677.675,BX4Z5,4,0.000,-388.687,-1967.468,4680.835,BX4Z5,4,0.000
1496,hinge,0.028,0.000e0,-388.687,-1967.468,4680.835,BX4Z5,4,0.000,-395.690,-1982.040,4704.306,BX4Z5,4,0.000
1497,axial,0.008,0.000e0,2757.714,3.273,6304.225,CX4Z4,0,90,2761.509,0.556,6311.329,CX4Z4,1,90
1498,radial,0.025,0.000e0,2761.509,0.556,6311.329,CX4Z4,1,0.000,2739.814,-6.601,6320.181,CX4Z4,1,0.000
1499,hinge,0.028,0.000e0,2739.814,-6.601,6320.181,CX4Z4,1,0.000,2717.775,-16.638,6335.207,CX4Z4,1,0.000
1500,axial,0.006,0.000e0,2761.509,0.556,6311.329,CX4Z4,1,90,2764.188,-1.362,6316.343,CX4Z4,2,90
1501,radial,0.025,0.000e0,2764.188,-1.362,6316.343,CX4Z4,2,0.000,2784.625,-5.998,6303.651,CX4Z4,2,0.000
1502,hinge,0.029,0.000e0,2784.625,-5.998,6303.651,CX4Z4,2,0.000,2790.619,-2.661,6275.989,CX4Z4,2,0.000
1503,axial,0.006,0.000e0,2764.188,-1.362,6316.343,CX4Z4,2,90,2766.867,-3.280,6321.358,CX4Z4,3,90
1504,radial,0.025,0.000e0,2766.867,-3.280,6321.358,CX4Z4,3,0.000,2781.969,15.999,6320.662,CX4Z4,3,0.000
1505,hinge,0.028,0.000e0,2781.969,15.999,6320.662,CX4Z4,3,0.000,2790.822,39.975,6308.052,CX4Z4,3,0.000
1506,axial,0.006,0.000e0,2766.867,-3.280,6321.358,CX4Z4,3,90,2769.546,-5.197,6326.372,CX4Z4,4,90
1507,radial,0.024,0.000e0,2769.546,-5.197,6326.372,CX4Z4,4,0.000,2753.503,-23.653,6327.885,CX4Z4,4,0.000
1508,hinge,0.029,0.000e0,2753.503,-23.653,6327.885,CX4Z4,4,0.000,2734.714,-23.249,6306.459,CX4Z4,4,0.000
1509,axial,0.008,0.000e0,236.091,-398.418,7714.062,CX1Z4,0,90,228.447,-401.471,7711.943,CX1Z4,1,90
1510,radial,0.025,0.000e0,228.447,-401.471,7711.943,CX1Z4,1,0.000,238.432,-423.402,7707.515,CX1Z4,1,0.000
1511,hinge,0.029,0.000e0,238.432,-423.402,7707.515,CX1Z4,1,0.000,235.675,-450.613,7699.502,CX1Z4,1,0.000
1512,axial,0.006,0.000e0,228.447,-401.471,7711.943,CX1Z4,1,90,223.050,-403.626,7710.448,CX1Z4,2,90
1513,radial,0.024,0.000e0,223.050,-403.626,7710.448,CX1Z4,2,0.000,230.988,-407.664,7687.624,CX1Z4,2,0.000
1514,hinge,0.028,0.000e0,230.988,-407.664,7687.624,CX1Z4,2,0.000,256.391,-403.020,7675.567,CX1Z4,2,0.000
1515,axial,0.006,0.000e0,223.050,-403.626,7710.448,CX1Z4,2,90,217.654,-405.782,7708.952,CX1Z4,3,90
1516,radial,0.024,0.000e0,217.654,-405.782,7708.952,CX1Z4,3,0.000,220.988,-424.690,7724.171,CX1Z4,3,0.000
1517,hinge,0.029,0.000e0,220.988,-424.690,7724.171,CX1Z4,3,0.000,242.876,-431.394,7741.146,CX1Z4,3,0.000
1518,axial,0.006,0.000e0,217.654,-405.782,7708.952,CX1Z4,3,90,212.258,-407.937,7707.457,CX1Z4,4,90
1519,radial,0.025,0.000e0,212.258,-407.937,7707.457,CX1Z4,4,0.000,205.062,-385.429,7700.987,CX1Z4,4,0.000
1520,hinge,0.028,0.000e0,205.062,-385.429,7700.987,CX1Z4,4,0.000,210.629,-357.635,7698.021,CX1Z4,4,0.000
1521,axial,0.008,0.000e0,-498.996,1283.880,7123.025,AX1Z1,0,90,-496.578,1289.659,7117.279,AX1Z1,1,90
1522,radial,0.025,0.000e0,-496.578,1289.659,7117.279,AX1Z1,1,0.000,-509.583,1278.011,7100.090,AX1Z1,1,0.000
1523,hinge,0.028,0.000e0,-509.583,1278.011,7100.090,AX1Z1,1,0.000,-518.629,1275.965,7073.142,AX1Z1,1,0.000
1524,axial,0.006,0.000e0,-496.578,1289.659,7117.279,AX1Z1,1,90,-494.871,1293.738,7113.224,AX1Z1,2,90
1525,radial,0.024,0.000e0,-494.871,1293.738,7113.224,AX1Z1,2,0.000,-491.029,1309.971,7131.167,AX1Z1,2,0.000
1526,hinge,0.029,0.000e0,-491.029,1309.971,7131.167,AX1Z1,2,0.000,-491.213,1316.637,7158.876,AX1Z1,2,0.000
1527,axial,0.006,0.000e0,-494.871,1293.738,7113.224,AX1Z1,2,90,-493.163,1297.817,7109.168,AX1Z1,3,90
1528,radial,0.024,0.000e0,-493.163,1297.817,7109.168,AX1Z1,3,0.000,-470.145,1289.536,7110.530,AX1Z1,3,0.000
1529,hinge,0.028,0.000e0,-470.145,1289.536,7110.530,AX1Z1,3,0.000,-451.011,1271.507,7121.534,AX1Z1,3,0.000
1530,axial,0.006,0.000e0,-493.163,1297.817,7109.168,AX1Z1,3,90,-491.456,1301.895,7105.113,AX1Z1,4,90
1531,radial,0.024,0.000e0,-491.456,1301.895,7105.113,AX1Z1,4,0.000,-487.159,1284.008,7088.932,AX1Z1,4,0.000
1532,hinge,0.029,0.000e0,-487.159,1284.008,7088.932,AX1Z1,4,0.000,-492.806,1258.250,7099.742,AX1Z1,4,0.000
